date,NEE_gC_m2_day,GPP_gC_m2_day,RECO_gC_m2_day
1998-01-01,NA,NA,NA
1998-01-02,NA,NA,NA
1998-01-03,NA,NA,NA
1998-01-04,NA,NA,NA
1998-01-05,NA,NA,NA
1998-01-06,NA,NA,NA
1998-01-07,NA,NA,NA
1998-01-08,NA,NA,NA
1998-01-09,NA,NA,NA
1998-01-10,NA,NA,NA
1998-01-11,NA,NA,NA
1998-01-12,NA,NA,NA
1998-01-13,NA,NA,NA
1998-01-14,NA,NA,NA
1998-01-15,NA,NA,NA
1998-01-16,NA,NA,NA
1998-01-17,NA,NA,NA
1998-01-18,NA,NA,NA
1998-01-19,NA,NA,NA
1998-01-20,NA,NA,NA
1998-01-21,NA,NA,NA
1998-01-22,NA,NA,NA
1998-01-23,NA,NA,NA
1998-01-24,NA,NA,NA
1998-01-25,NA,NA,NA
1998-01-26,NA,NA,NA
1998-01-27,NA,NA,NA
1998-01-28,NA,NA,NA
1998-01-29,NA,NA,NA
1998-01-30,NA,NA,NA
1998-01-31,NA,NA,NA
1998-02-01,NA,NA,NA
1998-02-02,NA,NA,NA
1998-02-03,NA,NA,NA
1998-02-04,NA,NA,NA
1998-02-05,NA,NA,NA
1998-02-06,NA,NA,NA
1998-02-07,NA,NA,NA
1998-02-08,NA,NA,NA
1998-02-09,NA,NA,NA
1998-02-10,NA,NA,NA
1998-02-11,NA,NA,NA
1998-02-12,NA,NA,NA
1998-02-13,NA,NA,NA
1998-02-14,NA,NA,NA
1998-02-15,NA,NA,NA
1998-02-16,NA,NA,NA
1998-02-17,NA,NA,NA
1998-02-18,NA,NA,NA
1998-02-19,NA,NA,NA
1998-02-20,NA,NA,NA
1998-02-21,NA,NA,NA
1998-02-22,NA,NA,NA
1998-02-23,NA,NA,NA
1998-02-24,NA,NA,NA
1998-02-25,NA,NA,NA
1998-02-26,NA,NA,NA
1998-02-27,NA,NA,NA
1998-02-28,NA,NA,NA
1998-03-01,NA,NA,NA
1998-03-02,NA,NA,NA
1998-03-03,NA,NA,NA
1998-03-04,NA,NA,NA
1998-03-05,NA,NA,NA
1998-03-06,NA,NA,NA
1998-03-07,NA,NA,NA
1998-03-08,NA,NA,NA
1998-03-09,NA,NA,NA
1998-03-10,NA,NA,NA
1998-03-11,NA,NA,NA
1998-03-12,NA,NA,NA
1998-03-13,NA,NA,NA
1998-03-14,NA,NA,NA
1998-03-15,NA,NA,NA
1998-03-16,NA,NA,NA
1998-03-17,NA,NA,NA
1998-03-18,NA,NA,NA
1998-03-19,NA,NA,NA
1998-03-20,NA,NA,NA
1998-03-21,NA,NA,NA
1998-03-22,NA,NA,NA
1998-03-23,NA,NA,NA
1998-03-24,NA,NA,NA
1998-03-25,NA,NA,NA
1998-03-26,NA,NA,NA
1998-03-27,NA,NA,NA
1998-03-28,NA,NA,NA
1998-03-29,NA,NA,NA
1998-03-30,NA,NA,NA
1998-03-31,NA,NA,NA
1998-04-01,NA,NA,NA
1998-04-02,NA,NA,NA
1998-04-03,NA,NA,NA
1998-04-04,NA,NA,NA
1998-04-05,NA,NA,NA
1998-04-06,NA,NA,NA
1998-04-07,NA,NA,NA
1998-04-08,NA,NA,NA
1998-04-09,NA,NA,NA
1998-04-10,NA,NA,NA
1998-04-11,NA,NA,NA
1998-04-12,NA,NA,NA
1998-04-13,NA,NA,NA
1998-04-14,NA,NA,NA
1998-04-15,NA,NA,NA
1998-04-16,NA,NA,NA
1998-04-17,NA,NA,NA
1998-04-18,NA,NA,NA
1998-04-19,NA,NA,NA
1998-04-20,NA,NA,NA
1998-04-21,NA,NA,NA
1998-04-22,NA,NA,NA
1998-04-23,NA,NA,NA
1998-04-24,NA,NA,NA
1998-04-25,NA,NA,NA
1998-04-26,NA,NA,NA
1998-04-27,NA,NA,NA
1998-04-28,NA,NA,NA
1998-04-29,NA,NA,NA
1998-04-30,NA,NA,NA
1998-05-01,NA,NA,NA
1998-05-02,NA,NA,NA
1998-05-03,NA,NA,NA
1998-05-04,NA,NA,NA
1998-05-05,NA,NA,NA
1998-05-06,NA,NA,NA
1998-05-07,NA,NA,NA
1998-05-08,NA,NA,NA
1998-05-09,NA,NA,NA
1998-05-10,NA,NA,NA
1998-05-11,NA,NA,NA
1998-05-12,NA,NA,NA
1998-05-13,NA,NA,NA
1998-05-14,NA,NA,NA
1998-05-15,NA,NA,NA
1998-05-16,NA,NA,NA
1998-05-17,NA,NA,NA
1998-05-18,NA,NA,NA
1998-05-19,NA,NA,NA
1998-05-20,NA,NA,NA
1998-05-21,NA,NA,NA
1998-05-22,NA,NA,NA
1998-05-23,NA,NA,NA
1998-05-24,NA,NA,NA
1998-05-25,NA,NA,NA
1998-05-26,NA,NA,NA
1998-05-27,NA,NA,NA
1998-05-28,NA,NA,NA
1998-05-29,NA,NA,NA
1998-05-30,NA,NA,NA
1998-05-31,NA,NA,NA
1998-06-01,NA,NA,NA
1998-06-02,NA,NA,NA
1998-06-03,NA,NA,NA
1998-06-04,NA,NA,NA
1998-06-05,NA,NA,NA
1998-06-06,NA,NA,NA
1998-06-07,NA,NA,NA
1998-06-08,NA,NA,NA
1998-06-09,NA,NA,NA
1998-06-10,NA,NA,NA
1998-06-11,NA,NA,NA
1998-06-12,NA,NA,NA
1998-06-13,NA,NA,NA
1998-06-14,NA,NA,NA
1998-06-15,NA,NA,NA
1998-06-16,NA,NA,NA
1998-06-17,NA,NA,NA
1998-06-18,NA,NA,NA
1998-06-19,NA,NA,NA
1998-06-20,NA,NA,NA
1998-06-21,NA,NA,NA
1998-06-22,NA,NA,NA
1998-06-23,NA,NA,NA
1998-06-24,NA,NA,NA
1998-06-25,NA,NA,NA
1998-06-26,NA,NA,NA
1998-06-27,NA,NA,NA
1998-06-28,NA,NA,NA
1998-06-29,NA,NA,NA
1998-06-30,NA,NA,NA
1998-07-01,NA,NA,NA
1998-07-02,NA,NA,NA
1998-07-03,NA,NA,NA
1998-07-04,NA,NA,NA
1998-07-05,NA,NA,NA
1998-07-06,NA,NA,NA
1998-07-07,NA,NA,NA
1998-07-08,NA,NA,NA
1998-07-09,NA,NA,NA
1998-07-10,NA,NA,NA
1998-07-11,NA,NA,NA
1998-07-12,NA,NA,NA
1998-07-13,NA,NA,NA
1998-07-14,NA,NA,NA
1998-07-15,NA,NA,NA
1998-07-16,NA,NA,NA
1998-07-17,NA,NA,NA
1998-07-18,NA,NA,NA
1998-07-19,NA,NA,NA
1998-07-20,NA,NA,NA
1998-07-21,NA,NA,NA
1998-07-22,NA,NA,NA
1998-07-23,NA,NA,NA
1998-07-24,NA,NA,NA
1998-07-25,NA,NA,NA
1998-07-26,NA,NA,NA
1998-07-27,NA,NA,NA
1998-07-28,NA,NA,NA
1998-07-29,NA,NA,NA
1998-07-30,NA,NA,NA
1998-07-31,NA,NA,NA
1998-08-01,NA,NA,NA
1998-08-02,NA,NA,NA
1998-08-03,NA,NA,NA
1998-08-04,NA,NA,NA
1998-08-05,NA,NA,NA
1998-08-06,NA,NA,NA
1998-08-07,NA,NA,NA
1998-08-08,NA,NA,NA
1998-08-09,NA,NA,NA
1998-08-10,NA,NA,NA
1998-08-11,NA,NA,NA
1998-08-12,NA,NA,NA
1998-08-13,NA,NA,NA
1998-08-14,NA,NA,NA
1998-08-15,NA,NA,NA
1998-08-16,NA,NA,NA
1998-08-17,NA,NA,NA
1998-08-18,NA,NA,NA
1998-08-19,NA,NA,NA
1998-08-20,NA,NA,NA
1998-08-21,NA,NA,NA
1998-08-22,NA,NA,NA
1998-08-23,NA,NA,NA
1998-08-24,NA,NA,NA
1998-08-25,NA,NA,NA
1998-08-26,NA,NA,NA
1998-08-27,NA,NA,NA
1998-08-28,NA,NA,NA
1998-08-29,NA,NA,NA
1998-08-30,NA,NA,NA
1998-08-31,NA,NA,NA
1998-09-01,NA,NA,NA
1998-09-02,NA,NA,NA
1998-09-03,NA,NA,NA
1998-09-04,NA,NA,NA
1998-09-05,NA,NA,NA
1998-09-06,NA,NA,NA
1998-09-07,NA,NA,NA
1998-09-08,NA,NA,NA
1998-09-09,NA,NA,NA
1998-09-10,NA,NA,NA
1998-09-11,NA,NA,NA
1998-09-12,NA,NA,NA
1998-09-13,NA,NA,NA
1998-09-14,NA,NA,NA
1998-09-15,NA,NA,NA
1998-09-16,NA,NA,NA
1998-09-17,NA,NA,NA
1998-09-18,NA,NA,NA
1998-09-19,NA,NA,NA
1998-09-20,NA,NA,NA
1998-09-21,NA,NA,NA
1998-09-22,NA,NA,NA
1998-09-23,NA,NA,NA
1998-09-24,NA,NA,NA
1998-09-25,NA,NA,NA
1998-09-26,NA,NA,NA
1998-09-27,NA,NA,NA
1998-09-28,NA,NA,NA
1998-09-29,NA,NA,NA
1998-09-30,NA,NA,NA
1998-10-01,NA,NA,NA
1998-10-02,NA,NA,NA
1998-10-03,NA,NA,NA
1998-10-04,NA,NA,NA
1998-10-05,NA,NA,NA
1998-10-06,NA,NA,NA
1998-10-07,NA,NA,NA
1998-10-08,NA,NA,NA
1998-10-09,NA,NA,NA
1998-10-10,NA,NA,NA
1998-10-11,NA,NA,NA
1998-10-12,NA,NA,NA
1998-10-13,NA,NA,NA
1998-10-14,NA,NA,NA
1998-10-15,NA,NA,NA
1998-10-16,NA,NA,NA
1998-10-17,NA,NA,NA
1998-10-18,NA,NA,NA
1998-10-19,NA,NA,NA
1998-10-20,NA,NA,NA
1998-10-21,NA,NA,NA
1998-10-22,NA,NA,NA
1998-10-23,NA,NA,NA
1998-10-24,NA,NA,NA
1998-10-25,NA,NA,NA
1998-10-26,NA,NA,NA
1998-10-27,NA,NA,NA
1998-10-28,NA,NA,NA
1998-10-29,NA,NA,NA
1998-10-30,NA,NA,NA
1998-10-31,NA,NA,NA
1998-11-01,NA,NA,NA
1998-11-02,NA,NA,NA
1998-11-03,NA,NA,NA
1998-11-04,NA,NA,NA
1998-11-05,NA,NA,NA
1998-11-06,NA,NA,NA
1998-11-07,NA,NA,NA
1998-11-08,NA,NA,NA
1998-11-09,NA,NA,NA
1998-11-10,NA,NA,NA
1998-11-11,NA,NA,NA
1998-11-12,NA,NA,NA
1998-11-13,NA,NA,NA
1998-11-14,NA,NA,NA
1998-11-15,NA,NA,NA
1998-11-16,NA,NA,NA
1998-11-17,NA,NA,NA
1998-11-18,NA,NA,NA
1998-11-19,NA,NA,NA
1998-11-20,NA,NA,NA
1998-11-21,NA,NA,NA
1998-11-22,NA,NA,NA
1998-11-23,NA,NA,NA
1998-11-24,NA,NA,NA
1998-11-25,NA,NA,NA
1998-11-26,NA,NA,NA
1998-11-27,NA,NA,NA
1998-11-28,NA,NA,NA
1998-11-29,NA,NA,NA
1998-11-30,NA,NA,NA
1998-12-01,NA,NA,NA
1998-12-02,NA,NA,NA
1998-12-03,NA,NA,NA
1998-12-04,NA,NA,NA
1998-12-05,NA,NA,NA
1998-12-06,NA,NA,NA
1998-12-07,NA,NA,NA
1998-12-08,NA,NA,NA
1998-12-09,NA,NA,NA
1998-12-10,NA,NA,NA
1998-12-11,NA,NA,NA
1998-12-12,NA,NA,NA
1998-12-13,NA,NA,NA
1998-12-14,NA,NA,NA
1998-12-15,NA,NA,NA
1998-12-16,NA,NA,NA
1998-12-17,NA,NA,NA
1998-12-18,NA,NA,NA
1998-12-19,NA,NA,NA
1998-12-20,NA,NA,NA
1998-12-21,NA,NA,NA
1998-12-22,NA,NA,NA
1998-12-23,NA,NA,NA
1998-12-24,NA,NA,NA
1998-12-25,NA,NA,NA
1998-12-26,NA,NA,NA
1998-12-27,NA,NA,NA
1998-12-28,NA,NA,NA
1998-12-29,NA,NA,NA
1998-12-30,NA,NA,NA
1998-12-31,NA,NA,NA
1999-01-01,NA,NA,NA
1999-01-02,NA,NA,NA
1999-01-03,NA,NA,NA
1999-01-04,NA,NA,NA
1999-01-05,NA,NA,NA
1999-01-06,NA,NA,NA
1999-01-07,NA,NA,NA
1999-01-08,NA,NA,NA
1999-01-09,NA,NA,NA
1999-01-10,NA,NA,NA
1999-01-11,NA,NA,NA
1999-01-12,NA,NA,NA
1999-01-13,NA,NA,NA
1999-01-14,NA,NA,NA
1999-01-15,NA,NA,NA
1999-01-16,NA,NA,NA
1999-01-17,NA,NA,NA
1999-01-18,NA,NA,NA
1999-01-19,NA,NA,NA
1999-01-20,NA,NA,NA
1999-01-21,NA,NA,NA
1999-01-22,NA,NA,NA
1999-01-23,NA,NA,NA
1999-01-24,NA,NA,NA
1999-01-25,NA,NA,NA
1999-01-26,NA,NA,NA
1999-01-27,NA,NA,NA
1999-01-28,NA,NA,NA
1999-01-29,NA,NA,NA
1999-01-30,NA,NA,NA
1999-01-31,NA,NA,NA
1999-02-01,NA,NA,NA
1999-02-02,NA,NA,NA
1999-02-03,NA,NA,NA
1999-02-04,NA,NA,NA
1999-02-05,NA,NA,NA
1999-02-06,NA,NA,NA
1999-02-07,NA,NA,NA
1999-02-08,NA,NA,NA
1999-02-09,NA,NA,NA
1999-02-10,NA,NA,NA
1999-02-11,NA,NA,NA
1999-02-12,NA,NA,NA
1999-02-13,NA,NA,NA
1999-02-14,NA,NA,NA
1999-02-15,NA,NA,NA
1999-02-16,NA,NA,NA
1999-02-17,NA,NA,NA
1999-02-18,NA,NA,NA
1999-02-19,NA,NA,NA
1999-02-20,NA,NA,NA
1999-02-21,NA,NA,NA
1999-02-22,NA,NA,NA
1999-02-23,NA,NA,NA
1999-02-24,NA,NA,NA
1999-02-25,NA,NA,NA
1999-02-26,NA,NA,NA
1999-02-27,NA,NA,NA
1999-02-28,NA,NA,NA
1999-03-01,NA,NA,NA
1999-03-02,NA,NA,NA
1999-03-03,NA,NA,NA
1999-03-04,NA,NA,NA
1999-03-05,NA,NA,NA
1999-03-06,NA,NA,NA
1999-03-07,NA,NA,NA
1999-03-08,NA,NA,NA
1999-03-09,NA,NA,NA
1999-03-10,NA,NA,NA
1999-03-11,NA,NA,NA
1999-03-12,NA,NA,NA
1999-03-13,NA,NA,NA
1999-03-14,NA,NA,NA
1999-03-15,NA,NA,NA
1999-03-16,NA,NA,NA
1999-03-17,NA,NA,NA
1999-03-18,NA,NA,NA
1999-03-19,NA,NA,NA
1999-03-20,NA,NA,NA
1999-03-21,NA,NA,NA
1999-03-22,0.6885699839999999,0.41625031679999996,1.102616064
1999-03-23,-0.22775904,1.387559808,1.152112896
1999-03-24,0.28025326079999996,0.8953680384,1.171542528
1999-03-25,-0.3173914368,1.6784962559999999,1.362852864
1999-03-26,-0.33758000639999997,1.7766086399999999,1.4413282559999998
1999-03-27,0.38858019839999997,0.7249274495999999,1.110951936
1999-03-28,0.4986406656,0.5030304768,1.001611008
1999-03-29,-0.6515085312000001,1.91284416,1.271344896
1999-03-30,-0.6001558271999999,2.055414528,1.4958639360000001
1999-03-31,-0.6297782399999999,2.009971584,1.379700864
1999-04-01,1.0742803199999997,-0.19680641279999997,0.8800990847999999
1999-04-02,0.7820198784,-0.20853676799999998,0.580706496
1999-04-03,0.563754816,0.042453123839999996,0.6130100735999999
1999-04-04,0.728875584,0.047455165439999995,0.780819264
1999-04-05,0.6660890495999999,0.2296283904,0.8980336512
1999-04-06,-0.7448163839999999,1.98713088,1.2392663039999998
1999-04-07,-0.4453045632,1.833238656,1.3865852159999998
1999-04-08,0.7297423488,0.26290655999999996,0.9927971712
1999-04-09,0.46427696639999994,0.48504303359999995,0.9501763968
1999-04-10,0.6494556671999999,0.10213941887999999,0.7563341952
1999-04-11,0.4639825152,0.6164719487999999,1.075659264
1999-04-12,-0.5677299072,1.916877312,1.3528788479999998
1999-04-13,-0.27545184,1.6130327039999999,1.329208704
1999-04-14,0.9996514559999999,-0.114784128,0.8872758143999999
1999-04-15,0.7027617024,-0.14136145919999998,0.5687635967999999
1999-04-16,0.6140468736,-0.025601080319999997,0.5954093568
1999-04-17,0.45176071679999996,0.5295134592,0.9723462911999999
1999-04-18,-0.045427703039999996,1.390742784,1.34193024
1999-04-19,-0.4273772544,1.9429632000000001,1.504884096
1999-04-20,-0.6063735168,2.030946048,1.4347549439999998
1999-04-21,0.4744998144,0.6606240767999999,1.1321337599999999
1999-04-22,1.0193931647999999,-0.07419351168,0.9466253567999999
1999-04-23,0.7409563776,0.08924815872,0.8338650623999999
1999-04-24,-0.15499641599999997,1.265912064,1.1022220799999998
1999-04-25,0.836324352,0.2326931712,1.06769664
1999-04-26,0.47095603199999997,0.7071867648,1.160573184
1999-04-27,-0.15167243519999998,1.53658944,1.380945024
1999-04-28,0.3208802688,1.050268032,1.3632572159999998
1999-04-29,1.1287226879999999,0.03684538368,1.161910656
1999-04-30,0.9858288383999999,0.1305704448,1.113969024
1999-05-01,0.5772155903999999,0.6117151104,1.18464768
1999-05-02,0.5648154624,0.7509262463999999,1.307954304
1999-05-03,0.5786308224,0.6424095744,1.217783808
1999-05-04,0.6012226944,0.3030431616,0.9057308543999999
1999-05-05,0.7297060608,-0.061045850879999995,0.6731900928
1999-05-06,0.64019808,0.15108456959999997,0.7943059584
1999-05-07,0.2836104192,0.9802332288,1.268587008
1999-05-08,-0.4770617472,2.13456384,1.6009850879999998
1999-05-09,-0.3723273216,2.05670016,1.6951887359999998
1999-05-10,0.7614539136,0.2572798464,1.0273599359999999
1999-05-11,0.6575675904,0.3570034176,1.023513408
1999-05-12,-0.22642053119999997,1.639305216,1.42290432
1999-05-13,-0.3787886592,2.2101258239999995,1.8336637439999999
1999-05-14,-1.073440512,2.5654164479999997,1.489197312
1999-05-15,-1.0902055679999998,2.620387584,1.530036864
1999-05-16,-0.2444183424,1.531882368,1.285227648
1999-05-17,-0.75087648,2.1267774719999997,1.36800576
1999-05-18,-1.5407159039999998,3.3903567359999998,1.829060352
1999-05-19,-1.5412861439999999,3.597882624,2.03093568
1999-05-20,-1.410348672,3.1256202239999995,1.63296
1999-05-21,-3.0157090559999995,5.026126464,1.9625587199999999
1999-05-22,-2.5400563199999997,4.600820736,2.06940096
1999-05-23,-3.12864768,5.025089663999999,1.88339904
1999-05-24,-2.12455872,4.1808441599999995,1.936514304
1999-05-25,-2.9180735999999996,4.615201152,1.748438784
1999-05-26,-3.539282688,5.546496384,1.9145548799999998
1999-05-27,-1.8634095359999998,3.6114336,1.744592256
1999-05-28,-4.221258624,6.286730111999999,2.0605363199999998
1999-05-29,-3.3720261119999995,5.49431424,2.120421888
1999-05-30,-3.4958718719999995,5.698014336,2.1897319680000003
1999-05-31,-3.817425024,5.741248895999999,1.92336768
1999-06-01,-4.596227712,6.524043264,1.9685825279999998
1999-06-02,-3.304551168,5.38420608,2.07556992
1999-06-03,-3.9386684159999996,5.989106304,2.07572544
1999-06-04,-2.895927552,5.044923647999999,2.136108672
1999-06-05,-2.70983232,4.301206271999999,1.583950464
1999-06-06,-3.835994112,5.5164499199999995,1.678029696
1999-06-07,-2.872008576,5.001077376,2.1364819199999996
1999-06-08,-2.664969984,5.003347968,2.32201728
1999-06-09,-3.18577536,5.426123904,2.0780789759999996
1999-06-10,-1.7911549439999999,3.82205952,1.99148544
1999-06-11,-3.610998144,5.844047615999999,2.2213439999999998
1999-06-12,-2.6257893119999998,4.974701183999999,2.336345856
1999-06-13,-3.1604878079999996,5.7290872319999995,2.465334144
1999-06-14,-3.267257472,6.003051264,2.736301824
1999-06-15,-1.055586816,3.3622698239999997,2.3439767039999997
1999-06-16,-1.562167296,3.726663552,2.228777856
1999-06-17,-3.805968384,6.314868863999999,2.56151808
1999-06-18,-3.370916736,6.006711168,2.6938759679999995
1999-06-19,-2.8452176639999998,5.560327296,2.907249408
1999-06-20,-1.969484544,4.8021672959999995,2.984314752
1999-06-21,-2.4752563199999997,5.383283328,3.031281792
1999-06-22,-2.497205376,5.686785791999999,3.194131968
1999-06-23,-2.246372352,5.5430231039999995,3.306230784
1999-06-24,-1.227270528,4.693987583999999,3.5287176959999997
1999-06-25,-0.415570176,4.230537984,3.825107712
1999-06-26,-1.6101089279999998,5.21686656,3.668333184
1999-06-27,-0.935769024,4.785319296,3.8416550399999996
1999-06-28,-1.9557365759999998,5.525584128,3.56145984
1999-06-29,-1.5273204479999998,5.518368,3.9540648959999998
1999-06-30,-1.943346816,6.056964864,4.085033472
1999-07-01,-0.8450044415999999,5.461302527999999,4.522697856
1999-07-02,-0.2956093056,5.215021055999999,4.84066368
1999-07-03,-0.6292370303999999,5.336648064,4.700052863999999
1999-07-04,-1.360312704,6.055617023999999,4.710939263999999
1999-07-05,-1.878121728,6.309373824,4.467270527999999
1999-07-06,-2.783818368,7.2008248319999995,4.457151359999999
1999-07-07,-0.2294262144,4.960393344,4.7842099199999994
1999-07-08,-3.491081856,7.986242303999999,4.559856768
1999-07-09,-2.4136703999999995,6.467693184,4.127936256
1999-07-10,-3.389029632,7.586493696,4.217940863999999
1999-07-11,-3.4074224639999997,7.628940287999999,4.312434816
1999-07-12,-3.561428736,7.850193407999999,4.416342912
1999-07-13,-1.261795968,6.136777728,4.999439232
1999-07-14,-2.0343156479999998,6.602591232,4.638767616
1999-07-15,-4.120056576,8.503636607999999,4.43771136
1999-07-16,-1.9509984,6.02007552,4.181321088
1999-07-17,-3.875900544,8.185929984,4.435824384
1999-07-18,-3.824775936,8.1266976,4.373823744
1999-07-19,-2.023958016,6.393593088,4.472423424
1999-07-20,-3.7448904959999996,8.249921279999999,4.583858688
1999-07-21,-2.4237480959999997,7.23857472,4.86585792
1999-07-22,-1.4466677759999997,5.945726591999999,4.544854271999999
1999-07-23,-1.6963292159999999,6.473551103999999,4.858900992
1999-07-24,-1.86681024,6.464696832,4.700965248
1999-07-25,-2.5284545279999997,6.975186048,4.531324032
1999-07-26,-1.323412992,5.8489827839999995,4.623889535999999
1999-07-27,-1.163362176,5.76491904,4.69120896
1999-07-28,-1.062968832,5.592789504,4.545134208
1999-07-29,-1.878951168,6.380560512,4.58685504
1999-07-30,-0.5363138304,5.035654655999999,4.486762368
1999-07-31,-1.048992768,5.2392096,4.130787456
1999-08-01,1.0220971392,2.903019264,3.957030144
1999-08-02,-2.3232925439999996,6.289975296,4.13341056
1999-08-03,-2.378543616,6.5436491519999995,4.29618816
1999-08-04,1.623390336,2.433794688,4.110455808
1999-08-05,0.21275861759999998,3.942286848,4.133794176
1999-08-06,-1.8011807999999998,5.883829632,4.340024064
1999-08-07,-1.47448512,5.708185343999999,4.416208127999999
1999-08-08,-0.4861990656,5.040890496,4.545134208
1999-08-09,0.13594521599999998,4.084369919999999,4.290879744
1999-08-10,-0.5357632896,4.6762272,4.334580863999999
1999-08-11,-1.597853952,5.926048128,4.349085696
1999-08-12,-0.48083880959999997,4.778372736,4.32485568
1999-08-13,-1.817209728,6.446366208,4.701141504
1999-08-14,-0.4122150912,5.138919936,4.846614912
1999-08-15,-0.8666953344,5.47295616,4.5811111680000005
1999-08-16,-1.576257408,6.018686208,4.52920896
1999-08-17,-1.194839424,5.542546175999999,4.30588224
1999-08-18,-1.985865984,6.1478300159999995,4.158739583999999
1999-08-19,0.012964147199999998,3.8823494399999996,3.9421831679999997
1999-08-20,-2.2289022719999996,5.96621376,3.749255424
1999-08-21,-1.2771613439999998,5.034327552,3.6947612159999994
1999-08-22,-1.718516736,5.640917759999999,3.820276224
1999-08-23,-2.289181824,6.46838784,4.0888903679999995
1999-08-24,-0.9166680576,5.505387264,4.403766528
1999-08-25,0.058254888959999994,4.395679488,4.2602112
1999-08-26,-0.7835242752,5.448995711999999,4.45689216
1999-08-27,0.059023261439999995,4.403890944,4.331460096
1999-08-28,0.42419427839999996,3.8926241279999996,4.289511168
1999-08-29,-1.5879836159999998,6.031760255999999,4.452662016
1999-08-30,-0.3610635264,4.846428287999999,4.567435775999999
1999-08-31,-1.3647191039999997,5.69001024,4.435855488
1999-09-01,-0.9722612736,4.9057539839999995,4.1031152639999995
1999-09-02,-0.8863198847999999,4.543641215999999,3.84248448
1999-09-03,-1.2624595199999997,4.777999488,3.586228992
1999-09-04,-3.3126693119999997,6.571570176,3.376660608
1999-09-05,-1.8643633919999998,5.286881664,3.5762860799999996
1999-09-06,-1.087012224,4.700519424,3.783376512
1999-09-07,-1.205508096,4.752369792,3.726902016
1999-09-08,-2.98349568,5.988370176,3.071343744
1999-09-09,-1.4036613119999999,4.8603525119999995,3.6015114239999995
1999-09-10,-0.8623542527999999,4.202762111999999,3.503699712
1999-09-11,-1.586521728,4.711758336,3.1717163520000002
1999-09-12,0.10978260479999999,2.444608512,2.480979456
1999-09-13,-2.026031616,5.177291904,3.18266496
1999-09-14,-2.015684352,4.9836280319999995,2.997274752
1999-09-15,-3.113344512,6.393458303999999,3.2626022399999997
1999-09-16,-1.9268409599999998,5.4165231359999995,3.4893296639999996
1999-09-17,-0.8665221888,4.434383231999999,3.5760994559999997
1999-09-18,-1.497491712,5.07689856,3.5829423359999995
1999-09-19,-1.9404023039999998,4.823774208,2.8938332159999995
1999-09-20,-1.7768263679999998,4.6153152,2.8486702079999997
1999-09-21,-2.272157568,5.382993024,3.1490622719999997
1999-09-22,-1.474868736,4.814836991999999,3.388915584
1999-09-23,-1.2206764799999998,4.489364736,3.3697244159999995
1999-09-24,-0.6962308991999999,3.739519872,3.0541536
1999-09-25,-0.6655862016,3.737601792,3.068917632
1999-09-26,-2.1459479040000002,4.644024192,2.4603264
1999-09-27,0.21165027839999997,1.314880128,1.5535411199999998
1999-09-28,0.599565888,0.613065024,1.2422419199999999
1999-09-29,-0.6047644032,2.5191647999999995,1.92207168
1999-09-30,-1.361359872,3.374130816,2.034813312
1999-10-01,-2.00625984,3.912458112,1.9273075199999998
1999-10-02,-1.893445632,3.70972224,1.850148864
1999-10-03,-1.686635136,3.3548878079999995,1.736318592
1999-10-04,-1.775716992,3.6367315199999997,1.8772922879999998
1999-10-05,-1.6091136,3.643895808,2.0329263359999996
1999-10-06,-1.0356024959999999,2.9759166719999994,1.941335424
1999-10-07,1.1194433279999998,0.2599029504,1.5635358719999999
1999-10-08,-1.6739239679999998,3.376411776,1.7054219519999998
1999-10-09,-1.287674496,3.326635008,2.033227008
1999-10-10,-1.4120593919999997,3.516441984,2.081624832
1999-10-11,-1.041735168,3.2314256639999996,2.1275654399999997
1999-10-12,-1.244170368,3.369610368,2.079426816
1999-10-13,-1.111957632,3.1993781759999997,2.10024576
1999-10-14,-1.1593290239999998,3.2726695679999995,2.062962432
1999-10-15,-0.3406707072,1.971381888,1.6001556479999999
1999-10-16,0.3546156672,0.42994748159999996,0.803437056
1999-10-17,0.008849295359999999,1.0117519488,1.0093652352
1999-10-18,0.015886679039999997,0.8072172287999999,0.8325472895999999
1999-10-19,0.1772917632,0.6598257408,0.8345617919999999
1999-10-20,0.1562830848,0.9046442879999999,1.0479041279999999
1999-10-21,-0.2421332352,1.431333504,1.1655083519999998
1999-10-22,-0.5032181376,1.6504508159999998,1.117908864
1999-10-23,-0.3761168256,1.590420096,1.175845248
1999-10-24,-0.5576802047999999,1.810501632,1.2153888
1999-10-25,-0.4539348864,1.712109312,1.202262912
1999-10-26,0.03251238912,1.281837312,1.2748389119999999
1999-10-27,-0.5406331392,1.671052032,1.108816128
1999-10-28,-0.42593921279999997,1.62342144,1.1707752959999997
1999-10-29,0.3039493248,0.4483009152,0.7642418688
1999-10-30,0.05539850496,0.9411583104,0.9874192895999999
1999-10-31,0.4191699456,0.8143887744,1.2225841919999998
1999-11-01,0.1686002688,0.608482368,0.7783941888
1999-11-02,0.3680038656,0.6281307648,0.9975529727999999
1999-11-03,0.07101385343999998,0.9591177599999999,1.032035904
1999-11-04,0.21701571839999997,0.855919872,1.0746432
1999-11-05,0.07087118976000001,0.9974658815999999,1.067655168
1999-11-06,0.04163228928,1.0733886719999999,1.0876031999999998
1999-11-07,0.118366272,0.95600736,1.0706411519999999
1999-11-08,0.05597828352,0.9592183296,1.0040288256
1999-11-09,0.009966820607999999,0.8477986175999999,0.8594221824
1999-11-10,0.3059358336,0.6306688512,0.9363527423999999
1999-11-11,0.3150700416,0.7430683392,0.9651011327999999
1999-11-12,0.1134476928,0.9378270719999999,1.049075712
1999-11-13,0.2533970304,0.8129320704,1.0601902079999999
1999-11-14,0.18522432,0.941383296,1.10009664
1999-11-15,0.2792911104,0.8841633407999999,1.154041344
1999-11-16,9.15914304e-4,1.159795584,1.14182784
1999-11-17,0.3453259392,0.8122508928,1.133564544
1999-11-18,0.7166848895999999,-0.030269375999999997,0.685993536
1999-11-19,0.4234664448,0.6068566656,1.0176316416
1999-11-20,0.3030535296,0.6484758911999999,0.9478487807999999
1999-11-21,0.47331371519999993,0.16810156799999998,0.6457885055999999
1999-11-22,0.4959760896,-0.034222279679999995,0.47292802559999997
1999-11-23,0.47923695359999996,-0.1479907584,0.38304575999999996
1999-11-24,0.44375973119999995,-0.04622904576,0.4098657024
1999-11-25,0.45784569599999997,0.08986733568,0.5541063552
1999-11-26,0.5622763392,0.2054118528,0.7674269183999999
1999-11-27,0.4795863551999999,0.33565777919999995,0.8102312063999999
1999-11-28,0.5636791296,0.23686525439999997,0.7934827391999999
1999-11-29,0.533957184,0.35437201919999994,0.8774303616
1999-11-30,0.6508118016,0.323756352,0.9595387007999999
1999-12-01,0.5438212991999999,0.3159067392,0.847863936
1999-12-02,0.6093864576,0.03715652736,0.6442633727999999
1999-12-03,0.4650545664,-0.003708540288,0.464216832
1999-12-04,0.45844081919999996,0.0013271973119999998,0.4241818368
1999-12-05,0.35689559039999996,0.2886233472,0.6458932223999999
1999-12-06,0.6845233535999999,-0.11960421119999999,0.5658926976
1999-12-07,0.5424278399999999,-0.006909701759999999,0.5359271039999999
1999-12-08,0.342061056,-0.0053623296,0.37828373759999995
1999-12-09,0.42410407679999995,0.2453037696,0.5957919359999999
1999-12-10,0.50728032,0.136458432,0.635055552
1999-12-11,0.5215373567999999,-0.10070780544,0.4224068352
1999-12-12,0.46056418559999995,0.0285363648,0.48887193599999995
1999-12-13,0.36524597759999994,0.10177239167999999,0.46340709119999995
1999-12-14,0.4358116224,-0.22543868159999997,0.214342848
1999-12-15,0.3614326272,-0.06592555008,0.2982935808
1999-12-16,0.31874757119999997,0.1301453568,0.44866379519999994
1999-12-17,0.38212611839999994,0.06911453951999999,0.45068970239999995
1999-12-18,0.33416271359999994,0.1260323712,0.45910540799999994
1999-12-19,0.4231823616,-0.050142136319999996,0.3528914688
1999-12-20,0.46295193599999995,-0.10657785599999998,0.3543657984
1999-12-21,0.3456006912,-0.0049342970879999995,0.3382694784
1999-12-22,0.36953107199999996,0.002892506112,0.37367412479999995
1999-12-23,0.3750292224,0.1945005696,0.5664795264
1999-12-24,0.4883618304,0.120667968,0.6053325695999999
1999-12-25,0.6085155456,-0.043879968,0.5668341119999999
1999-12-26,0.511023168,0.011580122879999998,0.5277902976
1999-12-27,0.5237094528,3.2791080959999994e-4,0.5251277952
1999-12-28,0.5839558271999999,0.04562552448,0.6272608895999999
1999-12-29,0.6253521408,-0.07053215616,0.5542172928
1999-12-30,0.37082810879999994,0.02509377408,0.3981270528
1999-12-31,0.4981015296,-0.1527185664,0.35332796159999996
2000-01-01,0.449701632,-0.10062672768,0.37557354239999996
2000-01-02,0.397420992,-0.1243506816,0.26800035839999997
2000-01-03,0.28422213119999995,-0.06976958976,0.2063480832
2000-01-04,0.2728048896,0.055925821439999995,0.33199891200000003
2000-01-05,0.26051984640000003,0.0024743646719999996,0.2584441728
2000-01-06,0.1321360128,0.12604896,0.2514125952
2000-01-07,0.3360932352,0.02375350272,0.3639396096
2000-01-08,0.34644360960000004,-0.02729541888,0.31390156799999996
2000-01-09,0.4047449471999999,-0.1497522816,0.2410280064
2000-01-10,0.208147968,0.1276705152,0.32655363839999996
2000-01-11,0.38089543679999993,0.1069863552,0.49203832319999996
2000-01-12,0.3939000192,0.032206325759999994,0.4210507008
2000-01-13,0.3679841664,0.13094161919999997,0.49570859519999994
2000-01-14,0.6325900416,0.01343153664,0.659363328
2000-01-15,0.4345259904,0.2220079104,0.6666945408
2000-01-16,0.6079359744,0.062222100479999994,0.67881888
2000-01-17,0.637725312,0.026509835519999997,0.6723927935999999
2000-01-18,0.7263561599999999,-0.08266271616,0.6499875455999999
2000-01-19,0.6348108672,-0.05443075584,0.5790818303999999
2000-01-20,0.4542054911999999,0.159242112,0.6195180671999999
2000-01-21,0.4727579904,0.07606234367999999,0.5523417216
2000-01-22,0.5412707712,-0.19934242559999998,0.34677434879999997
2000-01-23,0.3888,-0.06634192895999999,0.31027795199999997
2000-01-24,0.3778742016,0.0578161152,0.43341454079999997
2000-01-25,0.5228862336,-0.00123705792,0.5509472256
2000-01-26,0.44428435199999994,0.07658872704,0.5238079487999999
2000-01-27,0.5569731072,-0.1671134976,0.37653984
2000-01-28,0.5781062016,-0.302056128,0.2483322624
2000-01-29,0.6691216896,-0.38349780479999995,0.2595203712
2000-01-30,0.4305550464,-0.0647315712,0.341864064
2000-01-31,0.183814272,0.2349191808,0.404460864
2000-02-01,0.35013254399999993,0.1654649856,0.5134586112
2000-02-02,0.6908260607999999,-0.02343987072,0.6857955071999999
2000-02-03,0.1681036416,0.383527872,0.5554821887999999
2000-02-04,0.4804821504,-0.004845982464,0.47200527359999994
2000-02-05,0.6324946559999999,-0.06589983744,0.5763529727999999
2000-02-06,0.4359547008,0.1099495296,0.5474542464
2000-02-07,0.5232708864,0.0338598144,0.5624961408
2000-02-08,0.55380672,0.13355228160000002,0.6957622656
2000-02-09,0.5020071551999999,0.04114105344,0.604822464
2000-02-10,0.45842111999999996,0.04515668352,0.5098287744
2000-02-11,0.4427488512,0.03822443136,0.48811299839999994
2000-02-12,0.603707904,-0.1071304704,0.5065068671999999
2000-02-13,0.4005759744,-0.0035570534399999997,0.39183056639999997
2000-02-14,0.2545426944,0.2904626304,0.557300736
2000-02-15,0.5757464447999999,-0.09949257215999999,0.4826780928
2000-02-16,0.6543618048,-0.084867264,0.5751585792
2000-02-17,0.5393972736,-0.1344822912,0.42538037759999997
2000-02-18,0.5571110015999999,-0.2028851712,0.4027408128
2000-02-19,0.5563219968,-0.04780467072,0.5023928448
2000-02-20,0.5211412992,0.21357976319999997,0.7523062272
2000-02-21,0.5844555647999999,0.22765535999999997,0.8303275008
2000-02-22,0.7855460352,-0.06672564864,0.7233007104
2000-02-23,0.5419104768,0.1812855168,0.7316355456
2000-02-24,0.6673041792000001,-0.014619191039999998,0.6904185984
2000-02-25,0.5069164032,-0.14046462719999997,0.341459712
2000-02-26,0.3094599168,0.10754104319999999,0.3983738112
2000-02-27,0.5952154752,0.05471774207999999,0.6673083263999999
2000-02-28,0.6440902272,0.0179734464,0.6765037056
2000-02-29,0.5755587839999999,-0.03466945152,0.5360504832
2000-03-01,0.5616003455999999,0.03945324672,0.6015503232
2000-03-02,0.4623028992,0.060099459839999994,0.529540416
2000-03-03,0.5490104832,0.09419203584,0.6513353856
2000-03-04,0.5784991488,0.2218295808,0.8269786367999999
2000-03-05,0.6016830336,0.1403059968,0.7576737407999999
2000-03-06,0.4439556864,0.2450393856,0.701664768
2000-03-07,0.6097762944,0.06513996672,0.6903356544
2000-03-08,0.4229801856,0.08014909824000001,0.5007609216
2000-03-09,0.4886262144,-0.02143801728,0.46330237439999994
2000-03-10,0.5006199168,-0.0988806528,0.3920275584
2000-03-11,0.4121414784,0.01924684416,0.42715952639999993
2000-03-12,0.4071140352,-0.0029983115519999996,0.41746648319999996
2000-03-13,0.3476763648,0.14729402879999998,0.5023897344
2000-03-14,0.4953229056,0.03083567616,0.5389379712
2000-03-15,0.5417414784,-0.1435667328,0.394196544
2000-03-16,0.6856907903999999,-0.2382659712,0.4486306176
2000-03-17,0.5789263104,-0.03766507776,0.5522131584
2000-03-18,0.49258056959999996,-0.10537931519999999,0.3747741696
2000-03-19,0.516030912,0.10216689408,0.6340011264
2000-03-20,0.5267887487999999,-0.1304201088,0.3824900352
2000-03-21,0.5304196224,-0.09631851264,0.42206365439999993
2000-03-22,0.6463152,-0.04719233663999999,0.6228296064
2000-03-23,0.5515651584,0.09162916991999999,0.649845504
2000-03-24,0.6703658496,-0.05858562815999999,0.6101733888
2000-03-25,0.6615374975999999,0.01443567744,0.6842931839999999
2000-03-26,0.344227968,0.35356331519999995,0.7053184511999999
2000-03-27,0.6333697152,0.18256389119999997,0.8391879936
2000-03-28,0.6737012351999999,0.13148179200000001,0.8167713407999999
2000-03-29,0.6172588800000001,0.0567508032,0.6857986175999999
2000-03-30,0.5634634752,0.0120180672,0.5506351488
2000-03-31,0.4193928576,0.06041298815999999,0.4444481664
2000-04-01,0.5924762496,0.01053730944,0.5747531904
2000-04-02,0.6461980415999999,0.006668801279999999,0.6183392256
2000-04-03,0.7290819072,-0.11716773119999999,0.5781155327999999
2000-04-04,0.7664067071999999,0.3160207872,1.099132416
2000-04-05,0.7684968959999999,0.3640598784,1.153968768
2000-04-06,0.7242908544,0.35969391359999997,1.0937825279999998
2000-04-07,0.7036056575999999,0.14660766719999999,0.826645824
2000-04-08,0.8055770111999999,0.29678088959999993,1.1052495359999999
2000-04-09,0.8303928192,0.48256508159999995,1.314994176
2000-04-10,0.3935952,0.6467475456,1.0208623103999999
2000-04-11,0.39554023679999994,0.6954491519999999,1.0717194239999999
2000-04-12,0.3879881856,1.0122568704,1.4131480319999998
2000-04-13,-0.2612901888,1.8079925759999997,1.571799168
2000-04-14,-0.5672477951999999,2.061635328,1.5062734079999998
2000-04-15,0.7392477312,0.31781237760000003,1.0153206144
2000-04-16,-0.09653986944,1.457035776,1.352899584
2000-04-17,-0.432858816,2.1344186880000002,1.741419648
2000-04-18,-0.7549324416,2.2563048959999996,1.515024
2000-04-19,0.3989419776,0.6371063424,0.9936214272
2000-04-20,-1.090547712,2.531098368,1.443059712
2000-04-21,-0.045990478079999994,1.698299136,1.691093376
2000-04-22,0.46899647999999994,1.0308373632,1.5002496
2000-04-23,-1.47681792,2.9400848639999997,1.4565899519999999
2000-04-24,-0.156743424,1.513924992,1.325113344
2000-04-25,-0.6246149759999999,2.262753792,1.628885376
2000-04-26,-0.9351801216,2.8645436159999997,1.947338496
2000-04-27,-1.6894344959999998,3.40272576,1.6968890879999998
2000-04-28,-1.387331712,3.4860948479999996,2.110012416
2000-04-29,-1.288908288,3.210679296,1.9293292799999997
2000-04-30,0.6495095808,0.5768340479999999,1.152952704
2000-05-01,-1.4066472959999998,2.8961556479999997,1.5602492159999999
2000-05-02,-2.2159941119999997,3.8484875519999995,1.9478568959999998
2000-05-03,-2.5336592639999997,4.571759232,2.05198272
2000-05-04,-1.8856592639999998,4.051669248,2.2187934719999998
2000-05-05,-2.219778432,4.4251660799999994,2.2250246399999996
2000-05-06,-3.3908544,5.38892352,2.009764224
2000-05-07,-4.076096256,5.962294656,1.844975232
2000-05-08,0.5247576576,0.7668432,1.2311170559999998
2000-05-09,-2.709531648,4.228505856,1.478559744
2000-05-10,-3.6353318399999996,5.586112512,1.9612730879999998
2000-05-11,-2.093226624,3.776730624,1.5615970559999999
2000-05-12,0.5731254144,0.449483904,0.9527165567999999
2000-05-13,-2.4212079359999996,3.825201024,1.3942886399999999
2000-05-14,-3.062406528,4.784655744,1.735022592
2000-05-15,-3.8412817919999998,5.919371136,2.1184415999999997
2000-05-16,-2.809531008,5.03734464,2.2951226879999997
2000-05-17,0.31091765759999995,1.2088569599999999,1.4774399999999999
2000-05-18,-0.44085565439999996,1.715395968,1.325154816
2000-05-19,-3.6484577279999995,5.452883711999999,1.7307820799999998
2000-05-20,-2.9197117439999998,4.845785472,1.905669504
2000-05-21,-4.386483072,6.757032959999999,2.2567610879999997
2000-05-22,-3.99743424,6.687048959999999,2.66685696
2000-05-23,-3.148315776,6.122221055999999,2.9857766399999996
2000-05-24,-2.421104256,5.14206144,2.632300416
2000-05-25,-3.980202624,6.782787072,2.6954000639999998
2000-05-26,-3.368988288,5.962802687999999,2.4198912
2000-05-27,-4.497420672,7.347666816,2.704876416
2000-05-28,-1.818630144,5.592530303999999,3.309942528
2000-05-29,-1.152226944,4.658052096,3.451341312
2000-05-30,-1.406450304,4.805640575999999,3.355613568
2000-05-31,-1.191708288,4.899419136000001,3.6128436479999997
2000-06-01,-4.477441536,7.5028032,2.7806042879999997
2000-06-02,-2.8935636479999998,6.523431552,3.27981312
2000-06-03,-2.192251392,6.028494336,3.6502721279999997
2000-06-04,-2.430487296,5.62562496,3.009861504
2000-06-05,-2.405096064,6.290732159999999,3.7594990079999997
2000-06-06,-1.5473825279999998,5.8670127359999995,4.2080705279999995
2000-06-07,-0.7885921536,5.0255043839999995,4.191554303999999
2000-06-08,-0.6831952128,4.578902784,3.910032
2000-06-09,-2.9687834879999997,6.418092671999999,3.460599936
2000-06-10,-3.8154343679999996,7.097476607999999,3.2606323199999996
2000-06-11,-3.050410752,6.69010752,3.579748992
2000-06-12,-2.5947267839999997,6.413893632,3.8664241919999998
2000-06-13,-3.33574848,6.570626688,3.193229952
2000-06-14,-3.49676352,6.929691264,3.3999471359999998
2000-06-15,-3.128937984,6.5662824959999995,3.3939855359999997
2000-06-16,1.2945484799999998,1.099516032,2.2362220799999997
2000-06-17,-1.8209007359999998,4.495284863999999,2.5146961919999997
2000-06-18,-3.399428736,7.1063516159999995,3.63528
2000-06-19,-3.183276672,6.584789376,3.281046912
2000-06-20,-2.302691328,5.689398527999999,3.2663658239999998
2000-06-21,-3.7777881599999996,7.714590336,3.877352064
2000-06-22,-2.8835170559999996,7.339590144,4.464180863999999
2000-06-23,-1.9206616319999998,6.369052032,4.457223935999999
2000-06-24,-1.770139008,6.380239104,4.643080704
2000-06-25,-1.45354176,5.594655744,4.112021376
2000-06-26,0.1220583168,3.57623424,3.4197811199999997
2000-06-27,-3.586540032,7.348454783999999,3.672335232
2000-06-28,-3.648571776,7.391523456,3.5402261759999996
2000-06-29,-2.2060097279999997,6.524644607999999,4.261372416
2000-06-30,-1.7720467199999999,6.054435072,4.262720256
2000-07-01,-2.3929655039999997,6.70762944,4.284482688
2000-07-02,-1.4387777279999998,5.648444928,4.142295936
2000-07-03,-1.267933824,5.448145535999999,4.136842368
2000-07-04,-1.8457735679999998,6.148182528,4.144307328
2000-07-05,-2.199270528,6.474100608,4.193690112
2000-07-06,-0.7431740927999999,5.453754624,4.6084930559999995
2000-07-07,-0.6369352704,5.582867328,4.782229632
2000-07-08,-1.4586531839999999,6.43832064,4.755345408
2000-07-09,-3.2327320319999995,7.92561024,4.472558208
2000-07-10,-2.644918272,7.498054655999999,4.63599936
2000-07-11,-1.7700767999999998,6.750584064,4.736683007999999
2000-07-12,-1.7835552,6.592990464,4.668523776
2000-07-13,-0.953062848,5.895130751999999,4.82122368
2000-07-14,-0.1747899648,5.320982015999999,4.993291008
2000-07-15,0.7324743168,4.307769216,4.9584856319999995
2000-07-16,0.5235093504,4.127728896,4.336177536
2000-07-17,-0.9683525376,5.692716288,4.1057694719999995
2000-07-18,-1.5044901119999998,6.286678272,4.67741952
2000-07-19,-1.323361152,6.035658624,4.632246144
2000-07-20,-2.6802524159999996,7.20648576,4.468245120000001
2000-07-21,-1.416818304,6.027747839999999,4.561640064
2000-07-22,-2.457858816,6.887379456,4.391501183999999
2000-07-23,-1.0416314880000002,6.021972863999999,5.031248256
2000-07-24,-0.9486481536,5.775691392,4.860601344
2000-07-25,-0.7393607423999999,5.228323199999999,4.55891328
2000-07-26,-1.128567168,5.436108287999999,4.327115904
2000-07-27,-1.8300556799999999,6.091593983999999,4.300366464
2000-07-28,-0.893498688,4.920134399999999,4.029305472
2000-07-29,-1.8044259839999999,5.735204352,3.9365740799999998
2000-07-30,-1.5998342399999999,5.396772095999999,3.8017693439999998
2000-07-31,-0.8991057024,4.7762784,3.901074048
2000-08-01,-0.5047805952,4.733282303999999,4.268878847999999
2000-08-02,1.0015529472,3.4338919679999997,4.506834816
2000-08-03,0.4646709504,4.092716159999999,4.620105216
2000-08-04,-1.2306608639999999,5.818604543999999,4.666719744
2000-08-05,-1.649040768,5.860346111999999,4.329013248
2000-08-06,-1.343910528,5.2152284159999995,4.195089792
2000-08-07,-0.152119296,4.132601856,4.2761675519999995
2000-08-08,0.295482816,3.4585470719999996,4.07275776
2000-08-09,0.060784577279999995,3.5000087039999994,3.870768384
2000-08-10,-0.6295097087999999,3.725906688,3.416017536
2000-08-11,-0.5187452544,3.431331072,3.216392064
2000-08-12,-0.856495296,3.56208192,2.971904256
2000-08-13,-1.2640043519999997,3.9621934079999996,3.05788608
2000-08-14,-0.4574247552,3.434980608,3.2814408959999994
2000-08-15,-0.8513019648,3.7876999679999996,3.1914777599999997
2000-08-16,-1.605142656,4.4327761919999995,3.039710976
2000-08-17,-0.4367198592,2.9978346240000002,2.6830517759999997
2000-08-18,-1.3874975999999999,4.168900224,2.9270833919999997
2000-08-19,-1.765172736,4.810555008,3.2066772479999996
2000-08-20,-2.624006016,5.729740415999999,3.2466562559999996
2000-08-21,-2.32092864,5.455963008,3.228916608
2000-08-22,-1.8982460159999999,4.954587264,3.10697856
2000-08-23,-2.063346048,5.227794432,3.1851636479999996
2000-08-24,-1.476289152,4.821928704,3.3649240320000002
2000-08-25,-1.2605621759999999,4.551365376,3.321316224
2000-08-26,-1.2268350719999999,4.563921024,3.311559936
2000-08-27,-1.800486144,5.208592896,3.463513344
2000-08-28,-1.0013020416,4.29504768,3.3027264
2000-08-29,-0.9619005312,4.234208256,3.2032558079999998
2000-08-30,-1.5846036479999999,4.92822144,3.2584550399999994
2000-08-31,-0.9430214399999999,3.871152,2.8887010559999995
2000-09-01,-1.6363607039999999,4.955136767999999,3.136257792
2000-09-02,-2.681050752,5.869418111999999,3.161545344
2000-09-03,-2.1803904000000003,5.55564096,3.293094528
2000-09-04,-1.524427776,5.050449792,3.5770014719999996
2000-09-05,-0.2617163136,3.8638736639999998,3.679779456
2000-09-06,-2.255579136,5.780647296,3.5054207999999996
2000-09-07,-2.360295936,5.612364288,3.212296704
2000-09-08,-2.2318675199999998,5.43288384,3.0820435199999996
2000-09-09,-2.6068055039999996,5.732114688,3.0387882239999997
2000-09-10,-1.284087168,4.534465536,3.1956042239999998
2000-09-11,-1.6466975999999998,4.760456832,3.1084093439999996
2000-09-12,-0.9824976,4.09038336,3.085599744
2000-09-13,-0.7037290368,3.7886019839999996,3.0954286079999997
2000-09-14,-1.728791424,4.5647712,2.823040512
2000-09-15,0.20559744,2.734891776,2.96955072
2000-09-16,0.2910743424,2.556572544,2.81397888
2000-09-17,-0.01596547584,2.6492624639999995,2.652663168
2000-09-18,-2.072262528,4.305394944000001,2.2338478079999997
2000-09-19,-1.09968192,3.2280456959999997,2.125605888
2000-09-20,-0.40744892159999996,1.961998848,1.4934067199999999
2000-09-21,-1.461234816,3.4909470719999995,2.024030592
2000-09-22,-0.33277132800000003,1.853829504,1.466678016
2000-09-23,0.365026176,0.8005817088,1.08801792
2000-09-24,-0.23136088319999998,1.493914752,1.1985511679999998
2000-09-25,-1.708781184,3.595580928,2.025513216
2000-09-26,-1.8074327039999998,3.95191872,2.173526784
2000-09-27,-2.4928922879999997,4.6985080319999994,2.240690688
2000-09-28,-2.046663936,4.472019072,2.48126976
2000-09-29,-1.414775808,3.6925943039999995,2.314220544
2000-09-30,-2.049463296,4.404502656,2.3614467839999995
2000-10-01,-1.656661248,4.149294336,2.4945822719999997
2000-10-02,-2.135196288,4.659234047999999,2.51465472
2000-10-03,-2.510497152,4.648897151999999,2.078545536
2000-10-04,-2.781962496,4.684531967999999,1.8144829439999999
2000-10-05,-1.186638336,2.575348992,1.3246571520000001
2000-10-06,-2.3410736639999996,3.802764672,1.373251968
2000-10-07,-0.1838163456,1.165145472,0.8791369344
2000-10-08,-1.6619800319999998,3.026844288,1.355958144
2000-10-09,-1.41797952,2.812340736,1.606231296
2000-10-10,-1.826364672,3.4600400639999997,1.637895168
2000-10-11,-0.8060840063999999,2.595234816,1.74897792
2000-10-12,-1.139380992,2.647043712,1.512266112
2000-10-13,-1.3204788479999998,2.5870544639999995,1.239007104
2000-10-14,-0.8904276863999999,2.104621056,1.171511424
2000-10-15,-0.6454536192,1.9078986239999998,1.253978496
2000-10-16,-0.7010385407999999,2.0009825279999998,1.331427456
2000-10-17,-0.7891053696,2.064693888,1.3073011199999998
2000-10-18,-0.4159206144,1.7121611519999997,1.425371904
2000-10-19,-1.072901376,2.3641943039999997,1.3635267839999998
2000-10-20,-0.8834531327999999,2.063190528,1.247871744
2000-10-21,-0.6347735424,1.944819072,1.345735296
2000-10-22,0.4324150656,0.5779942271999999,1.03216032
2000-10-23,-0.08242746624,1.2356167679999999,1.134010368
2000-10-24,-0.4442760576,1.6381958399999998,1.2175868159999998
2000-10-25,-0.6131801088000001,1.679139072,1.063487232
2000-10-26,-0.46323912959999997,1.595137536,1.124129664
2000-10-27,-0.1450338048,1.346253696,1.1832894719999998
2000-10-28,0.3912126336,0.9337462271999999,1.2122680319999999
2000-10-29,-0.34619166719999994,1.412007552,1.0744669439999999
2000-10-30,0.20968865279999999,0.9163746432,1.107582336
2000-10-31,0.4592225664,0.3539811456,0.8401428864
2000-11-01,0.61233408,0.07292301695999999,0.673059456
2000-11-02,0.54499288320000006,0.06434743679999999,0.5981848704
2000-11-03,0.4534900992,0.26423884799999997,0.7560501119999999
2000-11-04,0.7434146304,0.19085414399999998,1.0001211264
2000-11-05,0.7747270272,-0.07093505664,0.7197268608
2000-11-06,0.5659403904,-0.0689658624,0.480235392
2000-11-07,0.5216451839999999,3.37307328e-4,0.5077966464
2000-11-08,0.625651776,0.10894279679999999,0.7463964672
2000-11-09,0.513532224,0.2229503616,0.7524296064
2000-11-10,0.5086001663999999,0.21436254719999998,0.7340067071999999
2000-11-11,0.5281220736,-0.01076530176,0.49774383359999996
2000-11-12,0.32551787520000003,0.06450202367999999,0.3633237504
2000-11-13,0.43215586559999997,0.02671532928,0.44358036479999996
2000-11-14,0.5240350079999999,0.299059776,0.8681675904
2000-11-15,0.4876236288,0.05952590208,0.5531887872
2000-11-16,0.45162904319999997,-0.045345070079999994,0.3939705216
2000-11-17,0.3963458304,-0.002259985536,0.37453259519999993
2000-11-18,0.3795216768,0.08327712384,0.44664203519999995
2000-11-19,0.38766470399999997,0.08906941439999999,0.46191720959999993
2000-11-20,0.4070238336,0.1191614976,0.5204642688
2000-11-21,0.3776616576,0.233362944,0.6164460288
2000-11-22,0.44117913599999997,0.1422676224,0.5923590912
2000-11-23,0.4254073344,0.026309007359999997,0.45156372479999995
2000-11-24,0.4058325504,0.073304352,0.4712857344
2000-11-25,0.2909634048,0.08036661888,0.36698572799999996
2000-11-26,0.2732818176,0.1235730816,0.3960658944
2000-11-27,0.33871633919999994,0.0745739136,0.411915456
2000-11-28,0.38329355519999997,0.006512213376,0.38896796159999997
2000-11-29,0.3861209088,0.09564635519999999,0.494952768
2000-11-30,0.5152387968,-0.1394195328,0.3716274816
2000-12-01,0.31135622399999996,0.00298484352,0.3120436224
2000-12-02,0.45707016959999996,0.013498099199999999,0.48737479679999995
2000-12-03,0.4661390592,0.04075380864,0.5117489279999999
2000-12-04,0.5276088575999999,-0.06584063616,0.45895818239999997
2000-12-05,0.44301012479999996,-0.0216395712,0.42017667839999995
2000-12-06,0.5463635327999999,0.03159171072,0.5815203840000001
2000-12-07,0.5433806591999999,0.00426269952,0.5605189631999999
2000-12-08,0.450650304,0.08569214208,0.535450176
2000-12-09,0.40736079359999994,0.1104803712,0.510328512
2000-12-10,0.4178438784,-0.0394751232,0.4488970752
2000-12-11,0.4539276288,-0.24270451199999998,0.18877639679999997
2000-12-12,0.2209669632,0.1326772224,0.29637550079999997
2000-12-13,0.25596311039999997,0.02231131392,0.2649677184
2000-12-14,0.23606380799999999,0.05435382528,0.2854600704
2000-12-15,0.3224116224,-0.07769903616,0.2373971328
2000-12-16,0.32546810879999993,-0.1545070464,0.1615997952
2000-12-17,0.2664897408,-0.027056747519999997,0.24394452479999998
2000-12-18,0.2561124096,-0.10508590079999999,0.1448171136
2000-12-19,0.23148011519999998,0.01542924288,0.25092840959999996
2000-12-20,0.32725036799999996,-0.152243712,0.16927107839999997
2000-12-21,0.2087047296,0.009875063807999998,0.215721792
2000-12-22,0.265503744,0.03568945536,0.3058207488
2000-12-23,0.2623093632,0.02395049472,0.28546732799999996
2000-12-24,0.3196889856,0.028021489919999996,0.3449713536
2000-12-25,0.24419750399999998,0.013320910079999998,0.24920110079999996
2000-12-26,0.2853729792,0.0650379456,0.3445172352
2000-12-27,0.38512661759999994,0.053389186559999996,0.42096983039999997
2000-12-28,0.3725771904,-0.04604376959999999,0.33024672
2000-12-29,0.3108938112,-0.02666587392,0.28376801279999997
2000-12-30,0.2456220672,-0.002741755392,0.24425452799999997
2000-12-31,0.26266291199999997,-0.04777024896,0.2150364672
2001-01-01,0.40126648319999997,-0.045078301439999996,0.3552781824
2001-01-02,0.345534336,0.03338174592,0.37819768319999997
2001-01-03,0.4465559808,0.04098387456,0.4877532288
2001-01-04,0.5638232448,-0.03970871424,0.5248074239999999
2001-01-05,0.45885139199999997,0.07454249855999999,0.535165056
2001-01-06,0.5010263424,-0.059785205759999994,0.44392250879999995
2001-01-07,0.3563180928,-0.042666912,0.31499228160000003
2001-01-08,0.3503772288,0.0358250688,0.4130237952
2001-01-09,0.49688951039999996,-0.06417118079999999,0.42935961599999994
2001-01-10,0.31022714879999996,-0.002504950272,0.32755622399999995
2001-01-11,0.2575069056,0.061793487359999996,0.3248926848
2001-01-12,0.378364608,-0.04710026879999999,0.34325441279999996
2001-01-13,0.39003275519999997,-0.1516143744,0.2448579456
2001-01-14,0.2878457472,-0.07477463808,0.21508727039999997
2001-01-15,0.3762713088,-0.1550409984,0.2024528256
2001-01-16,0.28633720319999995,-0.08725076352,0.1855436544
2001-01-17,0.2999887488,-0.03359107584,0.2598542208
2001-01-18,0.2320088832,0.03417987456,0.26451359999999996
2001-01-19,0.1381650048,0.16935402239999997,0.30754287359999993
2001-01-20,0.35136944639999995,-0.09422148096,0.25673552639999997
2001-01-21,0.2667282048,0.03766113792,0.30478291199999996
2001-01-22,0.4189480704,-0.10558874879999999,0.30664293119999997
2001-01-23,0.23133599999999999,0.045869379839999995,0.2777628672
2001-01-24,0.3129124608,-0.01909339776,0.2943278208
2001-01-25,0.31680046079999996,0.010881112319999999,0.3284240256
2001-01-26,0.24121981439999998,0.04310641152,0.284414976
2001-01-27,0.2777348736,0.056750284799999995,0.334958976
2001-01-28,0.19507910399999998,0.12022732799999998,0.31539352319999997
2001-01-29,0.2338875648,0.11310036479999999,0.3472471296
2001-01-30,0.3709784448,-0.06542042111999999,0.3053728512
2001-01-31,0.2087140608,0.04572702719999999,0.25380864
2001-02-01,0.186017472,0.08806921343999999,0.27358767359999997
2001-02-02,0.2146362624,0.14651746559999998,0.36135694079999997
2001-02-03,0.15394510079999998,0.18285212159999997,0.3367754496
2001-02-04,0.3466457856,-0.008825967359999999,0.33783194879999995
2001-02-05,0.4094561664,-0.03594523392,0.3738928896
2001-02-06,0.3109923072,0.08209776383999999,0.3937102848
2001-02-07,0.3952302336,-0.01252941696,0.3840110208
2001-02-08,0.2539444608,-0.007861421951999998,0.24664538879999998
2001-02-09,0.2981328768,-0.07505716608,0.2230695936
2001-02-10,0.2608091136,0.06061692672,0.32200830719999995
2001-02-11,0.21440090879999998,0.041307356159999996,0.26602525439999997
2001-02-12,0.26133684479999997,0.020829000959999996,0.2809043712
2001-02-13,0.1886727168,0.1053461376,0.29168709119999997
2001-02-14,0.24456971519999998,4.8139971839999995e-4,0.24228046079999999
2001-02-15,0.19400083199999998,0.06774544511999998,0.2588806656
2001-02-16,0.1809921024,0.13652375039999998,0.322849152
2001-02-17,0.3603118464,-0.00549804672,0.35226316799999996
2001-02-18,0.3076278912,0.07647561216,0.3809037312
2001-02-19,0.3243203712,0.06208710912,0.3846258432
2001-02-20,0.28631232,0.11504436479999999,0.40088183040000003
2001-02-21,0.4606678656,-0.105738048,0.3543969024
2001-02-22,0.20877315839999996,0.157754304,0.373372416
2001-02-23,0.4348194048,-0.01958556672,0.4167189504
2001-02-24,0.36964304639999995,-0.077749632,0.2915668224
2001-02-25,0.2614726656,0.05353848576,0.31773358079999997
2001-02-26,0.2310850944,0.09811207295999999,0.337431744
2001-02-27,0.28492819199999997,-0.005597123327999999,0.289521216
2001-02-28,0.33250383359999997,0.034958303999999996,0.3872976768
2001-03-01,0.2532508416,0.09219723263999999,0.3656078207999999
2001-03-02,0.3370056192,0.010237186944,0.36808577279999993
2001-03-03,0.2487635712,0.09653344127999999,0.3664735488
2001-03-04,0.3516234624,0.061938120959999995,0.43006049279999997
2001-03-05,0.404336448,0.07848513791999999,0.501380928
2001-03-06,0.3533424768,0.10251453312,0.45773061119999997
2001-03-07,0.3835102464,0.02079333504,0.41124568319999993
2001-03-08,0.340111872,0.06269208191999999,0.40560963839999997
2001-03-09,0.34220931839999996,0.08472978432,0.4086329472
2001-03-10,0.2797628544,0.04524833664,0.3215085696
2001-03-11,0.28901733119999995,0.013706496,0.2996942976
2001-03-12,0.2125398528,0.06856379136,0.27958452479999996
2001-03-13,0.43040989439999994,-0.12392870399999999,0.30690109439999996
2001-03-14,0.21276172799999998,0.04778186112,0.256758336
2001-03-15,0.3305950848,-0.06848924544,0.2510984448
2001-03-16,0.20501061119999997,0.10465977599999998,0.3103266816
2001-03-17,0.2969789184,0.0870870528,0.35953113600000003
2001-03-18,0.3485534976,0.09153347328,0.41276148479999997
2001-03-19,0.4799357568,0.10575463679999998,0.5533173504
2001-03-20,0.7132427135999999,-0.005998686336,0.6720039936
2001-03-21,0.8251455743999999,-0.11921437439999999,0.6767203968
2001-03-22,0.5904876671999999,0.09512028287999999,0.6616525823999999
2001-03-23,0.5798552832,0.024401399039999997,0.6188337791999999
2001-03-24,0.5524464384,0.08129787264,0.6389362943999999
2001-03-25,0.7185604607999999,-0.04970792448,0.6558081407999999
2001-03-26,0.63755424,0.0168697728,0.6407548416
2001-03-27,0.5901797376,0.02221924608,0.5857982208
2001-03-28,0.5307939072,0.08331413759999999,0.5624360063999999
2001-03-29,0.5734012032,0.0623204928,0.5867261568
2001-03-30,0.49291441919999995,0.1270992384,0.6071542272
2001-03-31,0.7022899584,0.008091000576,0.7085045376
2001-04-01,0.7509967488,0.15462005759999997,0.9194031359999999
2001-04-02,0.8298163584,0.1473386112,1.013617152
2001-04-03,0.9013991039999999,0.1127219328,1.0855710719999998
2001-04-04,0.8958657023999999,0.1472681088,1.090423296
2001-04-05,0.7892235647999999,0.3539158272,1.1533985279999999
2001-04-06,1.0436843519999999,-0.10147597055999999,0.9705246336
2001-04-07,0.597969216,0.3163857408,0.9427166207999998
2001-04-08,0.8083660032,0.07853718527999999,0.8995712256
2001-04-09,0.6270867071999999,0.262149696,0.9212061312
2001-04-10,0.7050063743999999,0.07693947647999999,0.781026624
2001-04-11,0.7278066432,0.02808908928,0.7538614271999999
2001-04-12,0.6605805311999999,0.10108613375999999,0.7523559935999999
2001-04-13,0.6783222527999999,0.16262519039999998,0.8409858048
2001-04-14,0.8207236224,0.1389477888,0.9594381311999999
2001-04-15,0.8491588992,0.286094592,1.136208384
2001-04-16,1.055317248,-0.0136810944,1.0074865536
2001-04-17,-1.2527965439999997,2.64990528,1.3796904959999998
2001-04-18,-1.2211430399999998,2.742211584,1.492857216
2001-04-19,-0.40388751359999997,1.8085939199999999,1.39625856
2001-04-20,-0.1862362368,1.2953882879999998,1.170578304
2001-04-21,0.5622421248,0.4334435712,0.9498860927999999
2001-04-22,0.68275872,0.1159380864,0.7883215488
2001-04-23,0.10060941311999999,0.8108957951999999,0.9048962304
2001-04-24,-0.11448656639999999,1.29947328,1.1803034879999998
2001-04-25,-0.6044502528,2.1492967679999997,1.4014425599999998
2001-04-26,-0.7331275008,2.349772416,1.5758945279999999
2001-04-27,-0.9293584895999999,2.6974944,1.7379256319999998
2001-04-28,-1.061828352,2.9063162879999997,1.7870077439999998
2001-04-29,-1.968541056,3.8362636799999996,1.8529067519999998
2001-04-30,-2.4356609279999994,4.717087488,1.861045632
2001-05-01,-1.7170548479999999,3.742568064,2.016493056
2001-05-02,0.24934936319999998,0.9376031231999999,1.1719365119999998
2001-05-03,0.024023381759999997,1.071957888,1.081320192
2001-05-04,0.8055490176,0.44857151999999995,1.24815168
2001-05-05,-0.3535736832,1.79511552,1.442800512
2001-05-06,-1.295004672,2.7697800959999994,1.4716961279999998
2001-05-07,-1.2969745919999998,2.881516032,1.601524224
2001-05-08,-1.4655064319999997,3.3227573759999998,1.8787334399999998
2001-05-09,-2.122080768,4.060347264,1.960868736
2001-05-10,-3.00366144,4.9423944959999995,1.9577376
2001-05-11,-3.8439878399999996,5.7327264,1.9022688
2001-05-12,-2.82564288,4.9590144,2.1521687039999997
2001-05-13,-3.3890503679999995,5.583105792,2.211639552
2001-05-14,-4.2485886719999995,6.388523135999999,2.14094016
2001-05-15,-3.737622528,5.909625215999999,2.178969984
2001-05-16,-4.69701504,6.872345856,2.176284672
2001-05-17,-0.2503654272,2.066746752,1.8251723519999998
2001-05-18,-5.009382144,6.9942528,1.9781832959999999
2001-05-19,-1.795820544,3.5724291839999998,1.865441664
2001-05-20,-3.7663211519999997,5.439083904,1.667547648
2001-05-21,-0.5238525312,1.808780544,1.2879855359999999
2001-05-22,-3.243898368,5.001668351999999,1.7846023679999998
2001-05-23,-3.00324672,4.998734208,2.018742912
2001-05-24,-2.9440869119999995,5.054876928,2.1310801919999998
2001-05-25,-3.683356416,5.966390016,2.304878976
2001-05-26,-2.9950041599999997,5.376409344,2.404556928
2001-05-27,-2.4381492479999998,4.911031296,2.489139072
2001-05-28,-1.800652032,4.462884863999999,2.6295321599999997
2001-05-29,-3.373757568,6.11338752,2.769043968
2001-05-30,-2.396646144,4.970668032,2.657038464
2001-05-31,-3.5688211199999995,6.6241152,3.0383424
2001-06-01,-2.728992384,6.08373504,3.3393461759999994
2001-06-02,-1.6662101759999999,5.235052032,3.546384768
2001-06-03,-3.184209792,6.310576512,3.1002393600000002
2001-06-04,-2.768504832,5.622182784,2.749738752
2001-06-05,-3.773952,6.622549631999999,2.8339476479999997
2001-06-06,-3.605865984,6.911111807999999,3.2904714239999997
2001-06-07,-2.769956352,6.141111552,3.3598333439999997
2001-06-08,-3.402995328,6.839883648,3.4354367999999997
2001-06-09,-1.723026816,5.251734144,3.533486976
2001-06-10,-1.7864064,5.449410432,3.7487370239999995
2001-06-11,-1.349488512,5.1043115519999995,3.7703439359999997
2001-06-12,-3.139057152,6.6784227839999994,3.542133888
2001-06-13,-0.3484985472,2.91123072,2.466630144
2001-06-14,-1.918173312,4.434538752,2.5464533759999997
2001-06-15,-2.2963772159999998,5.758791551999999,3.511600128
2001-06-16,-2.636914176,6.700703615999999,4.170185856
2001-06-17,-1.11995136,5.56517952,4.552184447999999
2001-06-18,-2.5233949439999996,6.8144820479999995,4.364347392
2001-06-19,-3.3731873279999998,6.991940735999999,3.607006464
2001-06-20,-2.9759270399999997,7.016429951999999,4.028818176
2001-06-21,-2.903102208,6.8266229759999995,3.8705921279999997
2001-06-22,-1.284999552,5.6032922880000005,4.204939392
2001-06-23,-1.353780864,5.9416519679999995,4.373917056
2001-06-24,-2.300213376,6.570616319999999,4.099849344
2001-06-25,-2.1420391679999997,6.490793088,4.1600770559999996
2001-06-26,-0.9561825791999999,5.21754048,4.172414976
2001-06-27,-3.021846912,7.5421912319999995,4.313492351999999
2001-06-28,-1.5258481919999998,6.367683456,4.654018944
2001-06-29,-1.130391936,6.184294272,4.892586624
2001-06-30,-0.5392521216,5.910205823999999,5.219344511999999
2001-07-01,-0.2453245056,5.7803051519999995,5.395963392
2001-07-02,0.27914388479999996,5.163886079999999,5.30908992
2001-07-03,-0.9413563392,6.490015488,5.328260352
2001-07-04,0.22791248639999998,5.5392180479999995,5.707770624
2001-07-05,0.4950450432,5.319447552,5.740657919999999
2001-07-06,0.47784971519999997,5.52116736,6.0244819199999995
2001-07-07,-0.1420737408,6.120344447999999,6.026856192
2001-07-08,1.0632798719999998,4.790627712,5.88917952
2001-07-09,-1.6968890879999998,7.5815585279999995,6.10224192
2001-07-10,0.187308288,5.209391232,5.484360959999999
2001-07-11,-2.98328832,8.315198208,5.393184768
2001-07-12,-0.22262688,5.242154112,5.112574848
2001-07-13,-0.6533540351999999,5.261511168,4.691405952
2001-07-14,-2.26660032,6.797405952,4.594299264
2001-07-15,-3.0967557119999998,7.4832180479999995,4.410059904
2001-07-16,-2.2556931839999996,6.798981888,4.564677887999999
2001-07-17,-4.1870960639999995,8.833038336,4.65398784
2001-07-18,-1.9477843199999998,6.646841856,4.652722944
2001-07-19,-1.9670376959999998,6.653477376,4.698528768
2001-07-20,-1.736836992,6.64557696,4.8551788799999995
2001-07-21,-2.404214784,7.400491775999999,4.887412992
2001-07-22,-0.9051326207999999,6.029417088,4.999304448
2001-07-23,-1.7946385919999999,6.603285887999999,4.684936319999999
2001-07-24,-1.5118928639999998,6.264024192,4.628202624
2001-07-25,-1.72279872,6.674337791999999,4.807154303999999
2001-07-26,-2.652974208,7.303820544,4.605869951999999
2001-07-27,-2.041552512,6.73992576,4.643350271999999
2001-07-28,-1.007448192,6.132443904,5.1233471999999995
2001-07-29,0.005600824704,5.466123647999999,5.452551935999999
2001-07-30,-0.6364179071999999,6.032859264,5.397103872
2001-07-31,-2.372965632,7.281902592,4.91406912
2001-08-01,0.1712980224,4.472309376,4.663329408
2001-08-02,-0.5649388416,5.229328896,4.634216064
2001-08-03,-1.2957719039999998,6.087477888,4.729373568
2001-08-04,-1.650502656,6.356755583999999,4.617658368
2001-08-05,-0.8047569024,5.50457856,4.602002688
2001-08-06,-0.279427968,4.798662911999999,4.416208127999999
2001-08-07,0.279350208,4.266774144,4.46985216
2001-08-08,0.1275284736,4.5575550719999995,4.615771391999999
2001-08-09,1.361359872,2.6886504959999997,4.142026368
2001-08-10,0.3279336192,4.190299776,4.527861119999999
2001-08-11,-2.4161379839999997,7.412041727999999,4.992202368
2001-08-12,-1.9588055039999999,7.269015167999999,5.231485439999999
2001-08-13,-1.774503936,6.874222464,5.067380736
2001-08-14,-0.280666944,4.9704088319999995,4.660561152
2001-08-15,-1.752233472,6.0617652479999995,4.404958848
2001-08-16,-1.6352513279999998,5.745302784,4.297826303999999
2001-08-17,-2.3807934719999997,6.753964032,4.4324133119999996
2001-08-18,-1.651373568,6.436174464,4.815707904
2001-08-19,-1.2972234239999998,6.245652096,4.9844885759999995
2001-08-20,-1.279732608,5.948557056,4.671323136
2001-08-21,-2.4722703360000002,7.0430653439999995,4.5823968
2001-08-22,0.1520228736,4.408691328,4.558249728
2001-08-23,-1.791009792,6.46532928,4.653168768
2001-08-24,-1.704011904,6.634669824,4.924582271999999
2001-08-25,-1.675168128,6.4258272,4.611769344
2001-08-26,-1.3558648319999997,6.0301532159999995,4.738051584
2001-08-27,-0.5798304,5.205990528,4.62355776
2001-08-28,-1.760082048,6.0914384639999994,4.344088319999999
2001-08-29,-1.268638848,5.391142272,4.121860608
2001-08-30,-1.371914496,5.231112191999999,3.6379238399999996
2001-08-31,-1.390981248,5.054078592,3.62366784
2001-09-01,-1.9817291519999998,5.645355264,3.663792
2001-09-02,-2.375837568,6.183755135999999,3.81630528
2001-09-03,-1.0296834047999999,4.877532288,3.8675128319999996
2001-09-04,-0.9375004799999999,4.813789824,3.9051797759999998
2001-09-05,-1.5481912319999998,5.165482752,3.6436780799999995
2001-09-06,-1.8572613119999999,4.979926655999999,3.1186321919999997
2001-09-07,-2.140743168,4.4006664959999995,2.26266048
2001-09-08,0.7946937216,0.8685086976,1.6500671999999998
2001-09-09,-2.55835584,4.709083392,2.123221248
2001-09-10,-2.85985728,5.430685824,2.562160896
2001-09-11,-2.474146944,5.105089152,2.6524143359999997
2001-09-12,-2.398564224,5.028863616,2.707748352
2001-09-13,-1.0305937152,3.77535168,2.825134848
2001-09-14,-2.2272848639999996,5.067836927999999,2.8918632959999995
2001-09-15,-1.5770142719999998,4.4745177599999995,2.8320192
2001-09-16,-2.003730048,5.162735232,3.21957504
2001-09-17,-0.0011566955519999999,3.0913954559999994,3.0711156479999997
2001-09-18,-1.8441354239999999,5.0718389759999996,3.080301696
2001-09-19,-2.5215909119999997,5.857774848,3.3004558079999997
2001-09-20,-1.327062528,4.641535872,3.3373451519999997
2001-09-21,-1.853808768,5.262319872,3.3395016959999997
2001-09-22,-1.6429651199999997,4.760114688,3.06561024
2001-09-23,-2.183407488,5.049122688,2.888638848
2001-09-24,-1.5140701439999997,4.62262464,3.0753250559999996
2001-09-25,-1.4151594239999998,4.388701823999999,2.93274432
2001-09-26,-2.297725056,5.162890751999999,2.8597639679999998
2001-09-27,-1.371924864,4.239050112,2.822822784
2001-09-28,-1.087126272,3.9233548799999998,2.73756672
2001-09-29,-1.2770783999999997,3.896771328,2.481404544
2001-09-30,-1.866457728,4.111824383999999,2.2424014079999997
2001-10-01,-2.405697408,4.640105087999999,2.347429248
2001-10-02,-1.85991552,4.14761472,2.261893248
2001-10-03,-2.5243488000000003,4.737740544,2.193225984
2001-10-04,-2.105450496,3.987315072,1.843855488
2001-10-05,-1.553997312,2.81086848,1.527973632
2001-10-06,-1.5422918399999999,3.471320448,1.8907914239999999
2001-10-07,-2.7552545279999996,4.589571456,1.851092352
2001-10-08,-1.85545728,3.63885696,1.8114658559999999
2001-10-09,-0.029969326079999997,1.4544023039999998,1.434298752
2001-10-10,-0.1654598016,1.3304736,1.176073344
2001-10-11,-0.5497870464,1.879438464,1.346689152
2001-10-12,0.4693676544,0.5400867455999999,1.0201614336
2001-10-13,0.42491381759999997,0.7524658944,1.18983168
2001-10-14,-0.1143154944,1.42363008,1.3224487679999999
2001-10-15,0.2246714496,0.9637004159999999,1.1980120319999998
2001-10-16,-0.1927006848,1.657780992,1.4795136
2001-10-17,-1.04903424,2.615006592,1.5553658879999999
2001-10-18,-0.9711104255999999,2.356013952,1.394350848
2001-10-19,-1.1307859199999999,2.50107264,1.37795904
2001-10-20,-0.9407467008,2.3626494719999998,1.430255232
2001-10-21,-1.04649408,2.386371456,1.3425108479999999
2001-10-22,-0.21481562879999996,1.356061824,1.1483700479999999
2001-10-23,-0.6259296384,1.71554112,1.0960738559999998
2001-10-24,0.8646528384,-0.06821273088,0.7961379839999999
2001-10-25,0.48936026879999994,0.6044015232000001,1.0901640959999999
2001-10-26,-0.1850750208,1.602830592,1.340136576
2001-10-27,-0.1027282176,1.685712384,1.56800448
2001-10-28,-0.1649455488,1.8513930239999998,1.6564642559999998
2001-10-29,-0.24258942719999999,1.985409792,1.680206976
2001-10-30,-0.06501005568,1.96261056,1.7205696
2001-10-31,-0.21814271999999998,1.67531328,1.419265152
2001-11-01,-0.294959232,1.520353152,1.1799509759999998
2001-11-02,-0.331060608,1.543183488,1.162315008
2001-11-03,-0.1088318592,1.25665344,1.1158663679999998
2001-11-04,0.3735268992,0.8695195776,1.202605056
2001-11-05,0.2878955136,0.8690861951999999,1.1571517439999999
2001-11-06,0.1372578048,0.9031077503999999,1.0679558399999998
2001-11-07,0.01338581376,0.8576596223999999,0.9212237568
2001-11-08,-0.35967421439999997,1.0787904,0.7590298752
2001-11-09,0.1426035456,0.7522585344,0.9675593855999999
2001-11-10,0.3547141632,0.45452378879999994,0.9475325567999999
2001-11-11,0.25196831999999997,0.525097728,0.9078905088
2001-11-12,0.35734452479999995,0.4610400768,0.9110579327999999
2001-11-13,0.39821829119999996,0.40092019199999995,0.8954966016
2001-11-14,0.5565480192,0.206437248,0.8201336831999999
2001-11-15,0.6157472256,0.1671238656,0.8355063168
2001-11-16,0.6696120959999999,0.11760111359999999,0.822928896
2001-11-17,0.6701543424,0.09136426752,0.7692475392
2001-11-18,0.40898338559999997,0.17082524159999998,0.5735131776
2001-11-19,0.3323006208,0.3482206848,0.6883854335999999
2001-11-20,0.5166975744,0.35981418239999996,0.8556088319999999
2001-11-21,0.6733694591999999,0.1443940992,0.7933365504
2001-11-22,0.7040255616,0.09060429312,0.7661537279999999
2001-11-23,0.46134489599999995,0.21474927359999998,0.654345216
2001-11-24,0.46676321279999994,0.109708992,0.5566828032
2001-11-25,0.5514345216,0.03810716928,0.5736738816
2001-11-26,0.3185961984,0.09742540032000001,0.40437273599999995
2001-11-27,0.5167089792,-0.26671265279999995,0.2418719616
2001-11-28,0.368743104,9.346669056e-4,0.3644320896
2001-11-29,0.5135757696,-0.01568906496,0.4978008576
2001-11-30,0.4695967872,-0.10198970496,0.36774362879999994
2001-12-01,0.23165740799999998,0.1852834176,0.41709219839999995
2001-12-02,0.4191357312,0.109190592,0.5291225855999999
2001-12-03,0.5951968127999999,-0.02455308288,0.54828576
2001-12-04,0.5085877248,-0.027457989119999998,0.4781327616
2001-12-05,0.4413481344,-0.1320976512,0.3088181376
2001-12-06,0.08900668799999999,0.2725923456,0.36308632319999995
2001-12-07,0.3439241856,-0.05593027968,0.2897254656
2001-12-08,0.37780991999999997,-0.06894014976,0.31259001599999997
2001-12-09,0.30422926079999996,0.009302200704,0.3192753024
2001-12-10,0.259930944,0.011930250239999999,0.27828334079999995
2001-12-11,0.2662004736,-0.057309949439999994,0.21321791999999998
2001-12-12,0.1802642688,0.01771455744,0.2008841472
2001-12-13,0.2683507968,0.006739780607999999,0.2791905408
2001-12-14,0.23752362239999997,0.1402873344,0.38362222079999997
2001-12-15,0.33069669119999995,0.004243850495999999,0.3380299776
2001-12-16,0.28217237759999997,0.054345012479999996,0.33872048639999996
2001-12-17,0.31002082559999994,0.1318125312,0.44484940799999995
2001-12-18,0.30591198719999996,0.0115515072,0.3179544192
2001-12-19,0.3553652736,0.004747496832,0.360329472
2001-12-20,0.342320256,0.1165995648,0.4602085632
2001-12-21,0.4459214591999999,-0.06692979456,0.37942421759999995
2001-12-22,0.5192097408,-0.29269278719999997,0.225265536
2001-12-23,0.3627773568,-0.054867144959999996,0.30521007359999996
2001-12-24,0.29838689279999997,0.01785898368,0.3116786688
2001-12-25,0.2438740224,0.09585029375999998,0.3331590912
2001-12-26,0.24511507199999996,0.18573027839999998,0.4213420416
2001-12-27,0.459883008,-0.07037974656,0.3788280576
2001-12-28,0.41846906879999995,-0.0229480128,0.3829358592
2001-12-29,0.2675400192,0.100040832,0.35700756479999995
2001-12-30,0.2597971968,0.039103119359999994,0.2959773696
2001-12-31,0.28413815039999996,0.0027394536959999996,0.2869064064
2002-01-01,0.32225921279999997,-0.158065344,0.1668076416
2002-01-02,0.1828158336,0.07220378879999999,0.2594218752
2002-01-03,0.246608064,0.08103338496,0.3324457728
2002-01-04,0.2676779136,-0.029981975039999997,0.24645047039999998
2002-01-05,0.3102820992,-0.08808206975999999,0.2255164416
2002-01-06,0.2185895808,0.08106189695999999,0.3034796544
2002-01-07,0.22232620799999997,0.1973051136,0.424191168
2002-01-08,0.38461651199999997,0.12871871999999998,0.5183087616
2002-01-09,0.46725984,0.00422952192,0.47642204159999996
2002-01-10,0.3846704256,0.00794157696,0.39505397759999994
2002-01-11,0.43406565119999996,0.030120698879999998,0.4697346816
2002-01-12,0.34261367039999996,0.17270496,0.5222942208
2002-01-13,0.319977216,0.022049936639999997,0.34552707839999997
2002-01-14,0.360013248,0.05861113344,0.4251170304
2002-01-15,0.44887011839999996,0.0241667712,0.4803224832
2002-01-16,0.2965673088,0.09095328,0.3870706176
2002-01-17,0.34605999359999995,-0.01113232896,0.3408407424
2002-01-18,0.4025106432,-0.1396092672,0.2664648576
2002-01-19,0.2081438208,0.10310872319999999,0.31322350079999994
2002-01-20,0.1865161728,0.023048064,0.20972908799999998
2002-01-21,0.006033222144,0.3052256256,0.3115936512
2002-01-22,0.265353408,0.059334405119999996,0.3229756416
2002-01-23,0.34415642879999997,-0.18415330559999998,0.161025408
2002-01-24,0.23987819519999998,0.01278343296,0.2541964032
2002-01-25,0.31367139839999997,0.06619045248,0.3815973504
2002-01-26,0.3102706944,0.1303579008,0.44359591679999993
2002-01-27,0.3929606784,0.053617386239999995,0.4502262528
2002-01-28,0.41130167039999993,-0.08066760191999998,0.33803205119999996
2002-01-29,0.15085336319999998,0.006067934208,0.16616897279999998
2002-01-30,0.3209766912,-0.2578791168,0.07102256255999999
2002-01-31,0.3416090112,-0.3084189696,0.04564491264
2002-02-01,-0.2754736128,0.3273581952,0.060183855359999996
2002-02-02,-0.337576896,0.3740318208,0.052697018879999995
2002-02-03,-0.3474721152,0.3736253952,0.0379188864
2002-02-04,-0.2283572736,0.2609553024,0.021373632
2002-02-05,-0.25798279679999997,0.27256124159999995,0.005253507072
2002-02-06,-0.1623141504,0.16671225599999998,0.005300598528
2002-02-07,0.05121335807999999,-0.03510376704,0.01689289344
2002-02-08,-0.1991620224,0.22362531839999997,0.02086674048
2002-02-09,-0.22228992,0.252730368,0.02077944192
2002-02-10,0.1059360768,-0.05703312383999999,0.04669933824
2002-02-11,0.4092996096,-0.2946907008,0.1145228544
2002-02-12,0.0034207142399999995,-0.002414043648,0.111632256
2002-02-13,0.1488087936,0.09160345728,0.24039555840000001
2002-02-14,0.13553982720000002,0.057412592639999996,0.2192075136
2002-02-15,0.19276911359999999,0.06660620928,0.26394335999999996
2002-02-16,0.3993463296,-0.07295515776,0.3262778496
2002-02-17,0.26717402879999996,0.0491018112,0.3161804544
2002-02-18,0.40337844479999996,-0.1180770048,0.285291072
2002-02-19,0.12428432639999999,0.1353604608,0.25972358399999995
2002-02-20,0.1281764736,0.14144232959999997,0.27019008
2002-02-21,0.1560446208,0.10325605248,0.285907968
2002-02-22,0.5290209792,-0.10929323519999999,0.4195266048
2002-02-23,0.394725312,0.10810920959999999,0.5022404352
2002-02-24,0.4366804608,-0.05651617536,0.3797767296
2002-02-25,0.5913295488,-0.4291481088,0.183389184
2002-02-26,0.3565534464,-0.1472846976,0.209345472
2002-02-27,0.22668491519999998,0.06492783744,0.29262228479999997
2002-02-28,0.2081863296,0.1761958656,0.3877611264
2002-03-01,0.4052674944,-0.2816011008,0.1350991872
2002-03-02,0.30480572159999997,-0.19160064,0.1209499776
2002-03-03,0.38383580159999997,-0.20064153599999998,0.18826110719999997
2002-03-04,0.430411968,-0.07713180288,0.3525835392
2002-03-05,0.27287953919999997,0.1424729088,0.40333593599999995
2002-03-06,0.2552923008,0.1667454336,0.4262886144
2002-03-07,0.46689384959999997,-0.07505571456,0.39574863359999995
2002-03-08,0.40370711039999996,-0.1389270528,0.26429172479999996
2002-03-09,0.3889358208,-0.11138446079999999,0.27923097599999996
2002-03-10,0.5766360192,-0.1369395072,0.4392382464
2002-03-11,0.36958187519999997,-0.01916711424,0.34461676799999996
2002-03-12,0.5322008448,-0.09262066176,0.43299878399999997
2002-03-13,0.4913177472,0.006978369024,0.4883659776
2002-03-14,0.45381461759999997,-0.1456361856,0.2989073664
2002-03-15,0.148588992,0.191880576,0.2824357248
2002-03-16,0.3109290624,0.110268864,0.4034738304
2002-03-17,0.1532431872,0.344621952,0.47631006719999996
2002-03-18,0.4078729728,0.17241672959999998,0.5545988352
2002-03-19,0.31503271679999995,0.40588646399999995,0.6926207616
2002-03-20,0.7859493503999999,0.08156267135999999,0.8548841087999999
2002-03-21,0.6627028608,0.2914942464,0.9555864191999999
2002-03-22,0.8586787967999999,0.2132479872,1.062605952
2002-03-23,0.750969792,0.2950826112,1.0560222719999999
2002-03-24,0.678238272,0.06459035904,0.75225024
2002-03-25,0.5403915648,0.1835353728,0.7326484992
2002-03-26,0.5552105472,0.2767125888,0.84112992
2002-03-27,0.5410043136,0.42254472959999995,0.9442272383999999
2002-03-28,1.0429274880000001,0.018253589759999998,1.0609989119999998
2002-03-29,0.7442399232,0.3141804672,1.048121856
2002-03-30,0.8025993216,0.2206963584,1.0075798656
2002-03-31,0.7689116159999999,0.3832697088,1.127685888
2002-04-01,0.9673934975999999,0.2564327808,1.2171617279999998
2002-04-02,0.49198233599999996,0.2925911808,0.7604212608
2002-04-03,0.6993309312,0.5064840576,1.1698732799999998
2002-04-04,0.8680203648,0.45987367679999996,1.2906604799999999
2002-04-05,1.0819008,0.3824713728,1.42072704
2002-04-06,1.24327872,0.31542670079999996,1.5332405759999999
2002-04-07,0.7599547007999999,0.6591020544,1.4060563199999998
2002-04-08,0.5874187392,0.7584109056,1.334911104
2002-04-09,0.9207001727999999,0.6302292479999999,1.539565056
2002-04-10,1.089199872,0.556377984,1.6406219519999998
2002-04-11,0.6364355328,0.7379869823999999,1.3832778239999999
2002-04-12,0.43039745279999997,1.048495104,1.5099333119999998
2002-04-13,0.256913856,1.322034048,1.634059008
2002-04-14,0.297945216,1.462323456,1.769672448
2002-04-15,0.06287787648,1.710782208,1.7844364799999999
2002-04-16,-0.4392019584,1.779998976,1.3513651199999999
2002-04-17,0.09080781696,1.415740032,1.519855488
2002-04-18,-0.8030627711999999,2.076845184,1.285435008
2002-04-19,0.6741263232,0.26513153279999996,0.9479794175999999
2002-04-20,0.5820273792,0.351972864,0.9398623103999999
2002-04-21,0.842177088,0.1439296128,0.9905473152
2002-04-22,0.6684301439999999,0.5666692608,1.2857667839999998
2002-04-23,-0.4142565504,1.9228285439999997,1.4937695999999998
2002-04-24,-0.7562854656,2.128032,1.37184192
2002-04-25,-0.6846239232,2.156834304,1.46950848
2002-04-26,-1.040750208,2.440948608,1.411800192
2002-04-27,-0.6253676927999999,1.8818231039999997,1.2565290239999998
2002-04-28,-1.6415032319999998,3.0257556479999996,1.384242048
2002-04-29,-1.565039232,3.1584453119999996,1.59299136
2002-04-30,-1.2222627839999998,2.909540736,1.686801024
2002-05-01,-1.0043232767999999,2.331317376,1.32731136
2002-05-02,-1.3842005759999998,2.750516352,1.3667408639999998
2002-05-03,-1.391250816,3.03274368,1.641638016
2002-05-04,-1.4436817919999998,3.2461793279999998,1.80252864
2002-05-05,-1.7504294399999998,3.7923240959999998,2.0415732479999997
2002-05-06,-1.897872768,4.024432512,2.12611392
2002-05-07,-1.546812288,3.737622528,2.1903125759999997
2002-05-08,-2.624690304,4.363497216,1.739169792
2002-05-09,-1.4012040959999998,2.969778816,1.569113856
2002-05-10,-1.078458624,2.941930368,1.863471744
2002-05-11,-1.37630016,3.0277255679999997,1.6505959679999997
2002-05-12,0.29434337279999995,1.0574945279999999,1.362261888
2002-05-13,-2.220286464,3.945220992,1.724229504
2002-05-14,-1.7849030399999999,3.7229518079999995,1.9377999359999998
2002-05-15,-2.6591742719999996,4.575968639999999,1.9166803199999998
2002-05-16,-0.14285859839999998,1.7466865919999999,1.604427264
2002-05-17,-2.256367104,3.913256448,1.6569515519999998
2002-05-18,-2.615607936,4.712743295999999,2.0965651199999997
2002-05-19,-2.114532864,4.224638592,2.1196961279999997
2002-05-20,-3.053852928,5.018775551999999,1.9644249599999999
2002-05-21,-2.729904768,4.71500352,1.984445568
2002-05-22,-2.3423281919999996,3.996366336,1.654048512
2002-05-23,-1.6695175679999998,3.240736128,1.68630336
2002-05-24,-1.8522328319999999,3.531071232,1.71186048
2002-05-25,-1.854337536,3.993380352,2.243780352
2002-05-26,-3.1606951679999997,5.782109183999999,2.6550270719999998
2002-05-27,-3.397324032,6.28622208,2.914714368
2002-05-28,-3.2949607679999997,6.424251264,3.164241024
2002-05-29,-3.0145374719999998,6.415386624,3.462455808
2002-05-30,-0.9140325119999999,4.806366336,3.878015616
2002-05-31,-0.9355398911999999,5.02858368,4.051855872
2002-06-01,-1.246834944,5.388425856,4.10246208
2002-06-02,-1.895799168,5.833202687999999,3.8489126399999996
2002-06-03,-3.1202288639999995,5.9746222079999995,2.984262912
2002-06-04,-0.4875676416,3.1086063360000002,2.5558675199999996
2002-06-05,-3.8446824959999994,6.953620608,2.954040192
2002-06-06,-2.3904149759999997,5.909272704,3.3217205759999997
2002-06-07,-1.9287694079999997,5.576294016,3.549059712
2002-06-08,-0.9500996735999999,4.838984064,3.714844032
2002-06-09,-0.4159963008,4.592961792,4.090922496
2002-06-10,-3.6135279359999997,7.320243455999999,3.707254656
2002-06-11,-3.878938368,7.452590976,3.574357632
2002-06-12,-3.2919851519999996,6.980701824,3.6525634559999998
2002-06-13,-3.129031296,6.328844928,3.2018768639999995
2002-06-14,-2.85555456,6.258114431999999,3.395488896
2002-06-15,-1.970894592,5.472966528,3.5188369919999998
2002-06-16,-3.471320448,6.997840128,3.54435264
2002-06-17,-1.956607488,5.878386432,3.9061232639999997
2002-06-18,-0.9405497088,4.870647936,3.89831616
2002-06-19,-1.8968463359999999,5.553090432,3.6540875519999996
2002-06-20,-2.03254272,5.783363712,3.751432704
2002-06-21,-2.4414048,6.71913792,4.277909376
2002-06-22,-2.2521265919999998,6.761418623999999,4.570898688
2002-06-23,-0.9998069759999999,5.6744064,4.666336127999999
2002-06-24,-1.237192704,6.000469632,4.76710272
2002-06-25,-1.3238899199999998,5.8986144000000005,4.583174399999999
2002-06-26,-1.777759488,6.1733975039999995,4.417161983999999
2002-06-27,-1.5909696,5.99389632,4.410101375999999
2002-06-28,-1.101796992,5.391608831999999,4.2848352
2002-06-29,-1.258374528,5.763197952,4.503309696
2002-06-30,-1.301318784,5.89768128,4.5715622399999996
2002-07-01,-0.9421100927999999,5.775577343999999,4.831363584
2002-07-02,-0.46125469439999994,5.329836287999999,4.86549504
2002-07-03,-0.8663967359999999,5.633349119999999,4.768419455999999
2002-07-04,-2.4081235199999997,7.136906111999999,4.7270926079999995
2002-07-05,-2.087887104,6.99627456,4.90857408
2002-07-06,0.7433835263999999,4.026350591999999,4.76476992
2002-07-07,-0.9810937727999999,6.186284927999999,5.244839423999999
2002-07-08,-0.3350284416,5.782036607999999,5.496895872
2002-07-09,-0.4955561855999999,6.176290175999999,5.679465983999999
2002-07-10,-0.21006915839999998,5.376907008,5.166198144
2002-07-11,-1.730699136,6.723855359999999,5.013373823999999
2002-07-12,0.4288920192,4.816444032,5.2534656
2002-07-13,0.6798515328,4.532899968,5.2077634559999995
2002-07-14,0.4983078528,4.70427264,5.186301696
2002-07-15,0.9231345791999999,4.229241984,5.143398911999999
2002-07-16,1.112579712,3.9792798719999998,5.080454784
2002-07-17,1.0577640959999999,4.045987584,5.007059712
2002-07-18,0.9982351871999999,3.949461504,4.937666688
2002-07-19,0.43094592,4.431780863999999,4.8446968319999995
2002-07-20,0.5354190719999999,3.827772288,4.372714368
2002-07-21,-1.35426816,5.607709055999999,4.239081216
2002-07-22,-1.1656120319999999,5.210137728,4.011358464
2002-07-23,-0.1684986624,4.528027008,4.302709632
2002-07-24,-0.08051954687999999,4.860404352,4.580509824
2002-07-25,0.17037423359999998,4.4084217599999995,4.39846848
2002-07-26,-2.4306117119999997,6.715747584,4.130797823999999
2002-07-27,-1.6906579199999998,5.919588864,4.129926912
2002-07-28,-1.2321745919999998,5.353133184,4.141673856
2002-07-29,-0.187904448,4.605838847999999,4.442200704
2002-07-30,0.3258838656,4.309386624,4.655916288
2002-07-31,0.529281216,4.337338752,4.88498688
2002-08-01,-0.42342704639999995,4.837605119999999,4.337494272
2002-08-02,0.0865603584,4.504076928,4.601515392
2002-08-03,0.30402086399999995,4.20987456,4.48918848
2002-08-04,-0.02114325504,4.6212767999999995,4.572008063999999
2002-08-05,1.792171008,2.88339264,4.638114432
2002-08-06,0.35425175039999995,4.457109888,4.813323264
2002-08-07,-0.8151922944,6.118768511999999,5.30307648
2002-08-08,-2.690848512,8.197231104,5.5017792
2002-08-09,-1.637200512,6.84096192,5.193704448
2002-08-10,-0.8783842176,5.954166143999999,5.059407744
2002-08-11,-0.5691803903999999,5.542535808,4.950274176
2002-08-12,-0.572914944,4.29603264,3.7038332159999996
2002-08-13,-3.550500864,7.272125568,3.7051188479999997
2002-08-14,-1.230743808,5.313102336,4.0423380479999995
2002-08-15,-0.9401194367999999,4.816609919999999,3.8823079679999997
2002-08-16,-0.1074041856,3.9443500799999995,4.030570367999999
2002-08-17,-1.4419710719999999,5.007816576,3.630583296
2002-08-18,-0.5691679487999999,4.051886976,3.6031184639999996
2002-08-19,-1.18770624,4.4009567999999994,3.325753728
2002-08-20,-2.462565888,5.523883776,3.173116032
2002-08-21,-3.085122816,5.944399488,2.9731276799999997
2002-08-22,-1.626407424,4.552205184,2.99458944
2002-08-23,-1.680196608,4.786553088,3.0726397439999995
2002-08-24,-1.9541813759999997,4.918485887999999,2.9828943359999998
2002-08-25,-0.6777934847999999,3.8674713599999997,3.178372608
2002-08-26,-0.1450783872,3.4425492479999997,3.272628096
2002-08-27,-0.8375239296,3.5778205439999997,2.765415168
2002-08-28,-1.3429463039999998,4.219651584,2.9040249599999997
2002-08-29,-1.6601863679999997,4.530287232,2.8890535679999996
2002-08-30,-1.5428206079999998,4.452454656,2.9143618559999998
2002-08-31,-1.378747008,4.3360842239999995,2.9563522559999997
2002-09-01,-1.497885696,4.31614656,2.81600064
2002-09-02,-0.5936426495999999,3.3720468479999997,2.77566912
2002-09-03,0.1411789824,2.656053504,2.7883388159999996
2002-09-04,-1.320509952,3.989855232,2.6551100159999996
2002-09-05,-0.4550256,3.218973696,2.7427921919999996
2002-09-06,0.07271254656000001,2.6860999679999997,2.731439232
2002-09-07,-0.41842759679999997,3.0971496960000002,2.6460794880000003
2002-09-08,-0.7072925184,3.164666112,2.4458008319999998
2002-09-09,-0.3908362752,2.622046464,2.202712704
2002-09-10,0.6111987839999999,1.442727936,2.0151348479999998
2002-09-11,-0.683360064,2.928151296,2.19651264
2002-09-12,-1.5417734399999998,3.713910912,2.1201730559999996
2002-09-13,-1.471416192,3.58183296,2.054636928
2002-09-14,-2.262328704,4.403196287999999,2.087316864
2002-09-15,-1.281940992,3.647939328,2.323095552
2002-09-16,-1.5945984,4.038740352,2.476676736
2002-09-17,-2.07033408,4.374705024,2.285034624
2002-09-18,-1.0645551359999998,3.0938630399999996,2.026259712
2002-09-19,-1.886737536,3.900524544,2.0252643839999998
2002-09-20,-1.68614784,4.098169728,2.4345204480000002
2002-09-21,-2.348984448,4.499929728,2.204267904
2002-09-22,-1.4331893759999998,3.6894320639999996,2.25389952
2002-09-23,-2.449626624,4.500987264,2.0202773759999997
2002-09-24,-1.6558836479999999,3.9738263039999997,2.2806800640000002
2002-09-25,-1.5924418559999998,3.6763061759999998,2.0336002559999997
2002-09-26,-1.8090604799999999,3.643501824,1.791393408
2002-09-27,-2.7419523839999997,4.688419968,1.9014704639999997
2002-09-28,-1.4823233279999999,3.339968256,1.8143481599999998
2002-09-29,-2.0201736959999996,3.795652224,1.7426638079999999
2002-09-30,-1.8993761279999999,3.668395392,1.7445715199999998
2002-10-01,-0.5099552639999999,2.090302848,1.528595712
2002-10-02,-0.8602941312,2.250716544,1.3625521919999999
2002-10-03,-1.0000651392,2.4229601279999997,1.409415552
2002-10-04,-0.2986481664,1.805659776,1.4224584959999997
2002-10-05,-0.9082990079999999,2.527396992,1.5711045119999998
2002-10-06,-0.5180910336,2.209845888,1.67215104
2002-10-07,-1.0489098239999999,2.9184883200000002,1.8737049599999998
2002-10-08,-1.1768613119999998,2.9949730559999996,1.768303872
2002-10-09,-1.2249377279999998,3.105495936,1.8864575999999997
2002-10-10,-1.3262227199999999,3.2280456959999997,1.900682496
2002-10-11,-0.8944618752,2.732496768,1.8317975039999999
2002-10-12,-0.8880938495999999,2.4400569599999997,1.50004224
2002-10-13,-0.9928085759999999,2.6283813119999997,1.579108608
2002-10-14,-0.4838476032,1.998660096,1.444822272
2002-10-15,-0.07884895104,1.554121728,1.435895424
2002-10-16,-0.31112605439999996,1.571830272,1.191189888
2002-10-17,-0.403019712,1.819832832,1.328130432
2002-10-18,-0.06856939008,1.3842316799999999,1.2241186560000001
2002-10-19,0.2129110272,1.049625216,1.1552647679999999
2002-10-20,0.33482108159999996,0.8071633152,1.11538944
2002-10-21,0.3346033536,0.7123572864,1.0105026047999999
2002-10-22,0.1057515264,0.6931619712,0.7769779199999999
2002-10-23,0.33968678399999996,0.4234622976,0.7616612736
2002-10-24,0.3737933568,0.3452554368,0.7187885568
2002-10-25,0.475175808,0.2100650112,0.6852169728
2002-10-26,0.5902419456,0.1394506368,0.729549504
2002-10-27,0.6470762112,0.03723190272,0.6842496384
2002-10-28,0.6506759808,0.03101421312,0.6816327552
2002-10-29,0.6300467712,-0.23024839679999998,0.4416259968
2002-10-30,0.5752933631999999,-0.0536709888,0.48529497599999993
2002-10-31,0.539275968,0.030448638719999997,0.600312384
2002-11-01,0.6413095295999999,0.04578467328,0.6866716032
2002-11-02,0.6576266879999999,0.067410144,0.7244235647999999
2002-11-03,0.516756672,0.1295056512,0.6457304448
2002-11-04,0.6089458175999999,0.18636479999999997,0.7943038847999999
2002-11-05,0.7460719487999999,0.01069749504,0.7557681023999999
2002-11-06,0.6817188096,0.2998311552,0.9761285376
2002-11-07,0.7137787391999999,0.34492573439999996,1.043767296
2002-11-08,0.7561683072,0.1414050048,0.8952643584
2002-11-09,0.7151473152,0.05741829504,0.772177536
2002-11-10,0.6705835776,-0.05417425152,0.6177969792
2002-11-11,0.5859941759999999,-0.014318519039999998,0.5744483711999999
2002-11-12,0.5433485183999999,0.1426097664,0.6924683519999999
2002-11-13,0.6959333376,0.05937100416,0.7690909824
2002-11-14,0.6384915071999999,-0.1222915968,0.5320484351999999
2002-11-15,0.6745348224,-0.2396687616,0.4524035328
2002-11-16,0.44455392,0.08855910144,0.5529793536000001
2002-11-17,0.692131392,-0.12129523199999999,0.5904949248
2002-11-18,0.4541049216,0.09882072575999999,0.5683208832
2002-11-19,0.5834239487999999,-0.032873506559999995,0.5664349439999999
2002-11-20,0.7607945087999999,-0.07698882816,0.7017186816
2002-11-21,0.8724609791999999,-0.1345102848,0.7534767743999999
2002-11-22,0.8413694207999999,-0.02861246592,0.8250170112
2002-11-23,0.659876544,0.09896131584,0.7662522239999999
2002-11-24,0.769248576,-0.2972775168,0.46383217919999997
2002-11-25,0.5335704576,0.007991830656,0.5125410431999999
2002-11-26,0.6284791296,-0.057625343999999995,0.5223854591999999
2002-11-27,0.4372351488,0.08010887039999999,0.539763264
2002-11-28,0.7293794687999999,-0.01885534848,0.7249606272
2002-11-29,0.5705023104,0.11847617279999999,0.7054428671999999
2002-11-30,0.5484506111999999,0.09182709504,0.656600256
2002-12-01,0.5998396032,-0.01849775616,0.5971148928
2002-12-02,0.4177339776,0.127852992,0.5606620415999999
2002-12-03,0.45582704639999994,0.036865290239999994,0.5040734976
2002-12-04,0.5022487296,-0.03651910272,0.47422298879999997
2002-12-05,0.4935644928,-0.05530902912,0.4439069568
2002-12-06,0.49220421119999996,-0.050250896639999994,0.4451013504
2002-12-07,0.46735418879999996,-0.01611518976,0.4519089792
2002-12-08,0.3945106944,0.02822107392,0.42302476799999994
2002-12-09,0.46037859839999995,0.04603941504,0.5069288448
2002-12-10,0.3887004672,0.09647475839999999,0.48601866239999997
2002-12-11,0.4858818048,-0.1114725888,0.3755776896
2002-12-12,0.371952,-0.009504148607999998,0.36368663039999993
2002-12-13,0.32815445759999995,0.1588108032,0.48821149439999995
2002-12-14,0.3666425472,0.2073019392,0.5748465024
2002-12-15,0.6601741056,-0.08812945152,0.5732322047999999
2002-12-16,0.4255327872,0.10013186304,0.5274129023999999
2002-12-17,0.48134787839999993,-0.037173945599999994,0.446026176
2002-12-18,0.4233803904,-0.058568831999999994,0.3588945408
2002-12-19,0.2595338496,0.031334791679999995,0.2920209408
2002-12-20,0.3647348352,0.07995635712,0.44603032319999997
2002-12-21,0.3303027072,0.062341954559999996,0.39382848
2002-12-22,0.37470263039999996,0.0566460864,0.43253740799999996
2002-12-23,0.47755319039999994,-0.12117911039999998,0.35777376
2002-12-24,0.42878108159999995,-0.043075307519999995,0.3864951936
2002-12-25,0.24929752319999998,0.09185083775999998,0.3417873408
2002-12-26,0.4298925312,-0.105095232,0.3250616832
2002-12-27,0.43286607359999996,-0.0697393152,0.3631671936
2002-12-28,0.4533231744,-0.12527136,0.3279491712
2002-12-29,0.43064835839999993,-0.2539631232,0.1766510208
2002-12-30,0.3086646912,-0.2748390912,0.0339329088
2002-12-31,0.4093151616,-0.4093141248,6.083963136e-7
2003-01-01,0.3526841088,-0.02511254016,0.3307205376
2003-01-02,0.40560963839999997,-0.02252022912,0.3851577216
2003-01-03,0.47688030719999996,-0.033324825599999996,0.44360006399999996
2003-01-04,0.3680007552,0.0695775744,0.4382335872
2003-01-05,0.3425338368,0.07686555264,0.4221393408
2003-01-06,0.442304064,-0.00300324672,0.4437307008
2003-01-07,0.6165061632,-0.02302546176,0.5939091072
2003-01-08,0.6067229184,-0.013635475199999999,0.595268352
2003-01-09,0.3777560064,-0.003680774784,0.38131948799999993
2003-01-10,0.48234942719999996,-0.03680691839999999,0.45072910079999995
2003-01-11,0.4246701696,0.01882185984,0.4480344576
2003-01-12,0.40463297279999993,0.07322244480000001,0.4806262656
2003-01-13,0.5449607424,0.001538777088,0.5452831871999999
2003-01-14,0.4109781888,0.17770337279999998,0.5847614207999999
2003-01-15,0.5140050048,-0.06306729984,0.4522355712
2003-01-16,0.24723118079999998,0.08443025280000001,0.33768575999999995
2003-01-17,0.30008620799999997,0.0446321664,0.35160065279999997
2003-01-18,0.3251010816,0.04483009152,0.3778368768
2003-01-19,0.4966665984,-0.029501107199999998,0.4746397824
2003-01-20,0.5022311039999999,-0.041804916479999996,0.4696227072
2003-01-21,0.3016579968,0.0877874112,0.4002991488
2003-01-22,0.38255846399999993,0.004812763392,0.39623489279999996
2003-01-23,0.5117986943999999,-0.06763834368,0.45098933759999993
2003-01-24,0.411132672,0.03239502336,0.44845125119999996
2003-01-25,0.22593945599999998,0.2116347264,0.4443019776
2003-01-26,0.4783732992,0.041467438079999995,0.5238027648
2003-01-27,0.691789248,-0.01997685504,0.670493376
2003-01-28,0.6004606464,0.04470982271999999,0.6447714048000001
2003-01-29,0.36697121279999995,0.2670185088,0.6360218496
2003-01-30,0.7625311488,-0.01393987968,0.7475576831999999
2003-01-31,0.5071444992,0.29383534079999996,0.7945713791999999
2003-02-01,0.9523070208,-0.09449094527999999,0.847044864
2003-02-02,0.469758528,0.1482655104,0.6156891648
2003-02-03,0.2090800512,0.17125136639999997,0.3852054144
2003-02-04,0.260744832,0.07732796544000001,0.34305742079999996
2003-02-05,0.1615033728,0.10998892799999999,0.2769624576
2003-02-06,0.2411036928,-0.08511671808,0.1619232768
2003-02-07,0.16173146879999997,0.08322362495999999,0.24892945919999998
2003-02-08,0.1486315008,0.08612894592,0.2379186432
2003-02-09,0.2707261056,-0.1197597312,0.15596063999999998
2003-02-10,0.2530030464,-0.01908717696,0.24900307199999996
2003-02-11,0.1424604672,0.2042122752,0.36448081920000003
2003-02-12,0.3086885376,0.130289472,0.47402288639999995
2003-02-13,0.6999125759999999,-0.1984155264,0.5389981055999999
2003-02-14,0.4131751679999999,0.03528676224,0.4776941952
2003-02-15,0.28048032,0.09292288895999999,0.39775173119999996
2003-02-16,0.08525585664,0.39305502719999996,0.5044975488
2003-02-17,0.3133634688,0.0705117312,0.40769360639999996
2003-02-18,0.34030990079999995,0.01693177344,0.3770126208
2003-02-19,0.2016254592,0.10471783679999999,0.31837121279999997
2003-02-20,0.29963416319999997,0.004927039488,0.29900689919999995
2003-02-21,0.2936694528,-0.05772684672,0.2329990272
2003-02-22,0.3076745472,-0.10355765759999999,0.2024123904
2003-02-23,0.10105005312,0.04197443328,0.14433500159999998
2003-02-24,0.216597888,-0.06516464256,0.16107310079999998
2003-02-25,0.2012491008,0.042267432960000004,0.2415350016
2003-02-26,0.2558905344,0.01962703872,0.2724897024
2003-02-27,0.23185647359999997,0.05108230656,0.2829779712
2003-02-28,0.2824626816,-0.01445848704,0.2697867648
2003-03-01,0.1761087744,0.09196125696,0.27063797759999997
2003-03-02,0.23452416,0.07754973695999999,0.3141431424
2003-03-03,0.3741251328,0.01995850368,0.393289344
2003-03-04,0.20704895999999998,0.1330204032,0.33989103359999995
2003-03-05,0.2337475968,0.0062075496959999995,0.24220892159999996
2003-03-06,0.23096275199999997,0.06305548032,0.29450407679999996
2003-03-07,0.11824392959999999,0.2025689472,0.32012236799999993
2003-03-08,0.450614016,-0.14129925119999998,0.30896017919999996
2003-03-09,0.5582421504,-0.2256139008,0.332465472
2003-03-10,0.4048786944,-0.03829825151999999,0.36658655999999995
2003-03-11,0.37136309759999997,0.0173606976,0.38976318719999997
2003-03-12,0.2003387904,0.24413736959999996,0.44075612159999994
2003-03-13,0.2764357632,0.2733554304,0.5478782976
2003-03-14,0.43145498879999994,0.21404943359999998,0.6432431616
2003-03-15,0.5339779199999999,0.10265522688,0.6369456384000001
2003-03-16,0.28716768000000004,0.3481284096,0.6370918272
2003-03-17,0.38748015359999993,0.19663015679999998,0.5888702591999999
2003-03-18,0.132964416,0.39199541759999995,0.532334592
2003-03-19,0.5702047487999999,0.1375491456,0.7026372864
2003-03-20,0.6706799999999999,0.07101354239999999,0.7352249472
2003-03-21,0.6087954816,0.09256011264,0.7042712832
2003-03-22,0.6301742976,0.03239056512,0.6653270015999999
2003-03-23,0.6429642623999999,-0.005110604927999999,0.6486500736
2003-03-24,0.7329025151999999,-0.07484804352,0.6755488128
2003-03-25,0.6348678912,0.06803149824,0.795054528
2003-03-26,0.6921033983999999,0.173192256,0.9136115711999999
2003-03-27,0.7222369536000001,-0.19287279359999998,0.5431546368
2003-03-28,0.8584558847999999,-0.35677739519999996,0.5158079999999999
2003-03-29,0.6846425855999999,-0.08387960832,0.6160116095999999
2003-03-30,0.7648712064,0.1379006208,0.9256415616
2003-03-31,0.8992156032,0.2929955328,1.193616
2003-04-01,0.9441857663999998,0.40912646399999997,1.33871616
2003-04-02,0.8871970175999999,0.418364352,1.308659328
2003-04-03,0.8039533824,0.12405519359999999,0.9444418559999999
2003-04-04,0.58719168,0.06690864384,0.6690781439999999
2003-04-05,0.7559381376,-0.09101351808,0.7025346431999999
2003-04-06,0.740083392,-0.08162560512,0.6504250751999999
2003-04-07,0.5054845823999999,0.09806406911999999,0.6036633216
2003-04-08,0.7103759616,0.13811420159999999,0.8253570816
2003-04-09,0.9661876991999999,0.11673434879999998,1.0421187840000001
2003-04-10,0.7468661376,0.3973598208,1.107001728
2003-04-11,0.8262611712,0.405124416,1.1899872
2003-04-12,0.8713795967999999,0.4439691648,1.28558016
2003-04-13,0.8026760448,0.6421182336,1.423391616
2003-04-14,0.5649263999999999,0.9100045439999999,1.462396032
2003-04-15,0.490572288,0.90520416,1.336393728
2003-04-16,0.2295609984,1.03918464,1.27127232
2003-04-17,0.5123481984,0.8727346944,1.378944
2003-04-18,0.26564060159999997,0.8676554112,1.1363535359999999
2003-04-19,0.8147091456,0.1836960768,1.0046415744
2003-04-20,0.4579058304,0.5599321344,1.0168136064
2003-04-21,0.2399849856,0.8712707328,1.0967788799999998
2003-04-22,0.4197764736,0.6313427711999999,1.0842958079999998
2003-04-23,0.835780032,0.004154758272,0.8461729151999999
2003-04-24,0.5115519359999999,0.4030311168,0.9024939648
2003-04-25,-0.6419585663999999,1.903315968,1.16567424
2003-04-26,-0.09239183999999999,1.347352704,1.281080448
2003-04-27,-0.7526473344,1.9763688959999999,1.21248576
2003-04-28,-0.5837370624,2.0477940479999996,1.32145344
2003-04-29,-1.282096512,2.781692928,1.352941056
2003-04-30,-1.1552855039999999,2.4187299839999996,1.244750976
2003-05-01,-0.36262598399999996,1.5926077439999997,1.2195878399999998
2003-05-02,-0.2308207104,1.606646016,1.3534490879999999
2003-05-03,-0.8883374975999999,2.356086528,1.452473856
2003-05-04,-0.6412068864,1.7556652799999999,1.1155034879999999
2003-05-05,0.1909433088,0.751208256,0.9427238784
2003-05-06,0.2207855232,0.7009576703999999,0.9174964608
2003-05-07,0.22768957439999998,0.7557338879999999,0.9784924415999999
2003-05-08,0.09538518527999999,0.8536762367999999,0.9314880767999999
2003-05-09,0.1733975424,0.6507692928,0.8264498688
2003-05-10,-0.47603427839999995,1.231334784,0.78219509759999994
2003-05-11,0.30678289919999996,0.6058986624,0.9097608959999999
2003-05-12,-1.0408331519999998,2.077322112,1.116446976
2003-05-13,-1.210453632,2.2682903039999998,1.139951232
2003-05-14,-1.3004893439999998,2.506629888,1.1998782719999999
2003-05-15,-1.2715626239999998,2.482752384,1.226669184
2003-05-16,-2.65918464,4.050539135999999,1.3880160000000001
2003-05-17,-2.9046055679999996,4.481858303999999,1.556019072
2003-05-18,-1.79433792,3.443606784,1.4572949759999998
2003-05-19,0.037006813439999994,1.140728832,1.164098304
2003-05-20,-1.1617862399999999,2.443198464,1.2514279679999998
2003-05-21,-3.006968832,4.749725952,1.690326144
2003-05-22,-3.902556672,6.056062847999999,1.89024192
2003-05-23,-3.96052416,6.098633856,2.03233536
2003-05-24,-2.518221312,4.826822399999999,1.940848128
2003-05-25,-3.4720773119999997,6.005570688,2.034481536
2003-05-26,-3.492315648,5.92199424,2.2227851519999997
2003-05-27,-4.066443648,6.574535424,2.3741061119999998
2003-05-28,-4.6084930559999995,7.2427011839999995,2.475691776
2003-05-29,-3.895900416,6.718422528,2.6826577919999997
2003-05-30,-3.521625984,6.3288552959999995,2.6785935359999997
2003-05-31,-3.7362643199999996,6.487527167999999,2.662481664
2003-06-01,-2.674104192,5.052212352,2.3819857919999996
2003-06-02,-4.295099519999999,6.508563839999999,2.229088896
2003-06-03,-3.399107328,5.302910592,2.00169792
2003-06-04,-1.679885568,3.32989056,1.7900455679999998
2003-06-05,-1.244813184,2.9598359039999997,1.8238037759999999
2003-06-06,-3.0391925759999996,5.018765183999999,2.101790592
2003-06-07,-3.6101790719999998,5.6966872319999995,2.1258028799999997
2003-06-08,-3.984018048,6.727971456,2.792952576
2003-06-09,-2.847643776,5.890724351999999,3.08795328
2003-06-10,-2.279757312,5.565666816,3.246780672
2003-06-11,-2.574851328,6.137959679999999,3.5362656
2003-06-12,-2.834072064,6.458683392,3.5598528
2003-06-13,-1.722518784,5.165171711999999,3.4101285119999996
2003-06-14,-3.822277248,7.369895808,3.5057111039999995
2003-06-15,-1.398269952,5.106530304,3.6537350399999995
2003-06-16,-1.8203615999999998,5.332355712,3.4628808959999997
2003-06-17,-2.461072896,5.58353088,3.12144192
2003-06-18,-0.7737337728,3.8659991039999997,2.9787989759999998
2003-06-19,-1.911776256,5.218712064,3.167641728
2003-06-20,-2.589345792,6.10172352,3.23419392
2003-06-21,-3.1798137599999996,7.009991424,3.514990464
2003-06-22,-3.200300928,6.752045952,3.485493504
2003-06-23,-2.261851776,5.651679744,3.561076224
2003-06-24,-2.9307744,6.654441599999999,3.5694120959999998
2003-06-25,-3.612439296,7.2371750399999994,3.5046639359999996
2003-06-26,-3.7995609599999995,7.576872192,3.872271744
2003-06-27,-2.4773402879999997,6.9667050239999995,4.445601408
2003-06-28,-1.303392384,6.08477184,4.814360064
2003-06-29,-1.60735104,6.092630784,4.507291008
2003-06-30,-0.8454575231999999,6.180022656,5.336181504
2003-07-01,0.04812898176,5.869801728,5.929998336
2003-07-02,0.11702672639999999,6.146326655999999,6.274101888
2003-07-03,0.28346941439999995,5.89405248,6.163941887999999
2003-07-04,0.1761253632,5.633929728,5.826204288
2003-07-05,0.03383617536,5.638584959999999,5.669212032
2003-07-06,-0.5980189824,5.973647615999999,5.358887424
2003-07-07,-0.2722097664,5.349151872,5.029122816
2003-07-08,0.3257438976,4.781317248,5.054192639999999
2003-07-09,-0.3250450944,4.812421248,4.497337728
2003-07-10,-0.8828175744,5.5325410559999995,4.624065792
2003-07-11,-0.9295243776,5.741922816,4.75435008
2003-07-12,-0.7902271872,5.7489108479999995,4.823079551999999
2003-07-13,-0.462106944,5.614593407999999,4.99198464
2003-07-14,-0.039404413439999994,5.062943231999999,4.935613824
2003-07-15,-0.20526255359999998,5.250489984,4.935655295999999
2003-07-16,-0.06805202688,5.219448192,5.067961344
2003-07-17,0.05523520896,5.531701247999999,5.381209728
2003-07-18,-0.5634458496,5.785302528,5.103046656
2003-07-19,-1.1791422719999998,6.2535006719999995,4.986582911999999
2003-07-20,0.09757594368,4.9398024959999995,4.9154480640000004
2003-07-21,-0.9820424447999999,6.127405055999999,5.034026879999999
2003-07-22,-1.742020992,6.651808128,4.897501056
2003-07-23,-0.7484897664,6.120945792,5.179821695999999
2003-07-24,0.7031639808,4.643443584,5.191765631999999
2003-07-25,-0.0953057664,5.184176256,4.932752256
2003-07-26,-0.1880153856,5.082009984,4.78602432
2003-07-27,0.9305725824,3.6911427839999997,4.5349943040000005
2003-07-28,-0.08102239487999999,4.483683072,4.347748224
2003-07-29,-0.1759325184,4.478333183999999,4.235410943999999
2003-07-30,-2.505022848,6.974128511999999,4.3897489919999995
2003-07-31,-2.21066496,6.809889023999999,4.582624896
2003-08-01,-0.6115150079999999,5.201718912,4.494134016
2003-08-02,-1.726458624,6.295947264,4.574527488
2003-08-03,-0.1967981184,4.778155008,4.542262271999999
2003-08-04,-1.75670208,6.581129472,4.715553024
2003-08-05,-1.9209104639999999,7.028228735999999,4.951539071999999
2003-08-06,-0.5260235904,6.1582394879999995,5.386611456
2003-08-07,0.46543196159999994,5.247172224,5.368208256
2003-08-08,-0.8666227584,6.2465230080000005,5.0621448959999995
2003-08-09,-0.3329817984,5.489140608,4.914079488
2003-08-10,-0.33600718079999997,5.3773009919999994,4.780498176
2003-08-11,0.25366245119999997,4.4449896959999995,4.592474496
2003-08-12,-0.6527008512,5.255425151999999,4.42615104
2003-08-13,-0.028841598719999997,4.38182784,4.193223552
2003-08-14,-0.6004513152,4.499266176,3.826870272
2003-08-15,-2.273152896,5.916996864,3.524103936
2003-08-16,-1.1647722239999998,4.631302656,3.440589696
2003-08-17,-2.139975936,5.386663296,3.308097024
2003-08-18,-3.1680253439999997,6.41359296,3.2917674239999997
2003-08-19,-2.696105088,6.168597119999999,3.5092258559999996
2003-08-20,-0.6920391168,4.5112204799999995,3.81666816
2003-08-21,-0.259889472,4.067708543999999,3.81500928
2003-08-22,-0.1429291008,3.8850451199999996,3.724206336
2003-08-23,-1.360841472,5.144611968,3.625575552
2003-08-24,0.008659954943999999,3.561501312,3.52289088
2003-08-25,-0.016317573119999998,3.5575096319999995,3.49329024
2003-08-26,-2.108446848,5.80722048,3.7131747839999996
2003-08-27,-1.55348928,5.409825408,3.862505088
2003-08-28,-1.735520256,5.3296704,3.6340462079999996
2003-08-29,-1.7338821119999999,5.151112704,3.422404224
2003-08-30,-0.38636559359999995,3.4170128639999997,3.036134016
2003-08-31,-0.6211095552,3.6613140479999995,3.057699456
2003-09-01,-2.144237184,5.430436992,3.318765696
2003-09-02,-0.8412667775999999,4.098325247999999,3.381854976
2003-09-03,0.1159287552,2.8658085119999996,3.02144256
2003-09-04,-2.11641984,5.2859070720000005,3.1878489599999997
2003-09-05,-0.8436400127999999,3.9761072639999995,3.1814519039999998
2003-09-06,-0.3268387584,3.2463763199999995,2.91791808
2003-09-07,0.6503887871999999,2.149815168,2.7731704319999997
2003-09-08,-1.570358016,4.46751936,2.892340224
2003-09-09,-0.8841591936,3.573092736,2.700749952
2003-09-10,-1.4871962879999998,3.8093587199999996,2.338989696
2003-09-11,-0.8481044736,3.061069056,2.231639424
2003-09-12,-0.4632018048,2.883983616,2.4299999999999997
2003-09-13,0.7811271935999999,1.0172428416,1.815270912
2003-09-14,-1.71637056,3.9033653759999996,2.1865904639999996
2003-09-15,-1.318363776,3.8114323199999998,2.484131328
2003-09-16,-0.09957313152,2.730267648,2.625685632
2003-09-17,0.3259035648,2.1095665919999997,2.4481128959999996
2003-09-18,-0.9444066047999999,2.898768384,1.98225792
2003-09-19,-1.5698396159999999,4.197515904,2.606784768
2003-09-20,-2.20791744,4.933498752,2.737525248
2003-09-21,-1.261256832,4.026951936,2.773149696
2003-09-22,-1.091470464,4.181652863999999,3.080757888
2003-09-23,0.1780641792,3.11190336,3.270025728
2003-09-24,-1.309042944,4.284700416,2.95845696
2003-09-25,-0.3588302592,3.428822016,3.0513024
2003-09-26,-0.6927109632,3.497043456,2.7953268479999998
2003-09-27,-2.349772416,4.793209343999999,2.421995904
2003-09-28,-2.297372544,4.53361536,2.210955264
2003-09-29,-1.5122453759999999,3.8820176639999997,2.345220864
2003-09-30,-1.891361664,4.5842837759999995,2.4550698239999997
2003-10-01,-1.3077262079999998,3.911960448,2.604825216
2003-10-02,-0.8507576447999999,3.311715456,2.456936064
2003-10-03,0.7734776832,1.502022528,2.243054592
2003-10-04,-0.1152797184,2.5325084159999998,2.3849925119999997
2003-10-05,-0.9269686655999999,3.4249132799999997,2.438470656
2003-10-06,-1.740973824,4.382615808,2.557495296
2003-10-07,-1.9932583679999998,4.759979904,2.656260864
2003-10-08,-1.076115456,3.931794432,2.721900672
2003-10-09,-0.8725988736,3.858876288,2.854393344
2003-10-10,-1.176270336,3.979725696,2.704617216
2003-10-11,-0.07654829184,2.3407004160000002,2.218326912
2003-10-12,-1.4714576639999999,4.1748721920000005,2.653710336
2003-10-13,1.0116182016,1.119775104,2.125398528
2003-10-14,1.6816896000000001,0.7173909503999999,2.394925056
2003-10-15,0.48725038079999994,2.2093171199999997,2.6911699199999997
2003-10-16,1.132216704,1.582229376,2.697712128
2003-10-17,-0.6953071103999999,3.635995392,2.893729536
2003-10-18,0.39262475519999995,2.562316416,2.899452672
2003-10-19,0.5851616256,2.277766656,2.786545152
2003-10-20,0.11623046399999999,2.49438528,2.554395264
2003-10-21,0.47328675839999995,2.080017792,2.483944704
2003-10-22,0.32795850239999996,2.072832768,2.3225045759999996
2003-10-23,-0.11029685759999999,2.2320437760000003,2.048499072
2003-10-24,-0.9025271423999999,2.410166016,1.4695914239999999
2003-10-25,0.5456325888,0.40938670079999995,0.9287685504
2003-10-26,-0.1976980608,1.338788736,1.132424064
2003-10-27,-0.3566218752,1.4743710719999998,1.1146636799999998
2003-10-28,-0.9176467967999999,2.015839872,1.0895731199999998
2003-10-29,-0.632183616,1.79459712,1.1420663039999999
2003-10-30,0.472174272,0.175872384,0.6461389439999999
2003-10-31,0.2149576704,0.33075682559999997,0.5431660415999999
2003-11-01,0.24447018239999999,0.6612046847999999,0.8774925695999999
2003-11-02,-0.1644748416,0.980439552,0.7853303808
2003-11-03,0.21033457919999998,0.5007629952,0.6482871936
2003-11-04,0.5152180608,-0.03247589376,0.4634537472
2003-11-05,0.4150123776,0.0750814272,0.4753893888
2003-11-06,0.38404938240000003,0.1439119872,0.5161594751999999
2003-11-07,0.44377735679999997,0.13721736959999997,0.5689885823999999
2003-11-08,0.4621701888,0.1810605312,0.6140282112
2003-11-09,0.6191634816,0.07411077504,0.6876534528
2003-11-10,0.499136256,0.1713301632,0.6605131392
2003-11-11,0.5212760832000001,0.10661829119999999,0.6284169216
2003-11-12,0.40136497919999997,0.2756208384,0.6746125824
2003-11-13,0.7308589824,-0.01200998016,0.7129327104
2003-11-14,0.5971936896,-0.06299690111999999,0.5345429759999999
2003-11-15,0.47305451519999997,0.01892854656,0.49270602239999994
2003-11-16,0.45367776,0.00738906624,0.46188195839999996
2003-11-17,0.4076428032,-0.037066947839999996,0.3740059008
2003-11-18,0.42272928,-0.06815124864,0.3580599168
2003-11-19,0.467425728,0.023292334079999998,0.48987452159999995
2003-11-20,0.5494231296,-0.056094716159999995,0.4925287296
2003-11-21,0.5651700479999999,-0.122513472,0.44409669119999995
2003-11-22,0.1492763904,0.08777279231999999,0.243772416
2003-11-23,0.46182078719999997,-0.2593296,0.2094823296
2003-11-24,0.44347772159999993,0.06553633535999999,0.5114710656
2003-11-25,0.5068490111999999,-0.04300470144,0.4687797888
2003-11-26,0.45903594239999995,-0.05246062848,0.41436541439999997
2003-11-27,0.1738796544,0.1999095552,0.38348743679999997
2003-11-28,0.3345245568,0.3537748224,0.6909743232
2003-11-29,0.7159166208,0.14947441919999999,0.8601458688
2003-11-30,0.677414016,0.1512214272,0.8257313664
2003-12-01,0.7135382016,0.17321817599999997,0.8820918144
2003-12-02,0.6651009792,0.06906933504,0.7338273408
2003-12-03,0.45285350399999996,0.1754846208,0.6295491071999999
2003-12-04,0.48703783679999996,0.02467666944,0.5148458496
2003-12-05,0.5352314112,0.06686416512,0.5641456896
2003-12-06,0.5835276288,0.013514687999999999,0.6101111807999999
2003-12-07,0.44724337919999996,0.098231616,0.5443054848
2003-12-08,0.41162100479999997,-0.00514626048,0.40900826879999996
2003-12-09,0.47804567039999996,-0.1722829824,0.3109497984
2003-12-10,0.4543599744,-0.05184642816,0.4045946112
2003-12-11,0.26324663039999996,0.07626607487999999,0.343346688
2003-12-12,0.400635072,-0.07498645631999999,0.32972209919999995
2003-12-13,0.40816016639999997,-0.037268501759999996,0.3735756288
2003-12-14,0.40071283199999996,0.10063813248,0.4992627456
2003-12-15,0.45924744959999997,-0.160113024,0.30376270079999995
2003-12-16,0.4210507008,-0.03076216704,0.3931898112
2003-12-17,0.6266305151999999,-0.13848019199999997,0.48943388159999995
2003-12-18,0.39935566079999996,0.1453821696,0.5414853888
2003-12-19,0.5958997631999999,0.01928043648,0.6127083647999999
2003-12-20,0.5314699008,0.0890606016,0.6226771968
2003-12-21,0.6371955072,-0.09569632896,0.5472686591999999
2003-12-22,0.4990284288,-0.0816391872,0.4262585472
2003-12-23,0.5113373184,0.0766516608,0.5837640192
2003-12-24,0.5598865152,0.049691543039999994,0.6011563391999999
2003-12-25,0.5856924671999999,-0.03988165248,0.5398379135999999
2003-12-26,0.5215746816,-0.04764261888,0.476093376
2003-12-27,0.3218984064,-0.07134905088,0.2592134784
2003-12-28,0.3512502144,-0.15088965119999997,0.2054429568
2003-12-29,0.22961180159999997,-0.02816125056,0.2032159104
2003-12-30,0.33505747199999997,-0.17954887679999998,0.155115648
2003-12-31,0.35306254079999994,-0.2300793984,0.12250310399999999
2004-01-01,0.3331984896,0.11362913279999999,0.45295511039999997
2004-01-02,0.43656848639999996,-0.03649401216,0.412563456
2004-01-03,0.21347089919999998,0.035639274240000005,0.2765073024
2004-01-04,0.2955470976,-0.1529497728,0.175773888
2004-01-05,0.21011685119999998,-0.09446896512,0.14351074560000002
2004-01-06,0.2648982528,0.0459240192,0.32369932799999995
2004-01-07,0.4097713536,0.02022516864,0.42345503999999995
2004-01-08,0.28146424319999996,0.054463622399999995,0.339220224
2004-01-09,0.3038052096,0.14337699839999998,0.38772898559999996
2004-01-10,0.4526119296,0.0190558656,0.4416011136
2004-01-11,0.46842727679999996,-0.0219096576,0.41077808639999996
2004-01-12,0.45726405119999997,-0.05497435007999999,0.37337656319999996
2004-01-13,0.2822439168,0.08267795712,0.3438536832
2004-01-14,0.4653510912,-0.07600770432,0.35410037759999996
2004-01-15,0.4379318784,-0.08312969088,0.3261233664
2004-01-16,0.36066850559999997,-0.1343983104,0.24751630079999998
2004-01-17,0.28452176639999993,-0.05921133696,0.23329762559999997
2004-01-18,0.2919328128,-7.775595648e-4,0.29154816
2004-01-19,0.29339055359999994,-0.05442691968,0.2510289792
2004-01-20,0.17376767999999998,0.008308770047999998,0.1958961024
2004-01-21,0.2017467648,0.019950001919999998,0.23240597759999998
2004-01-22,0.31375952639999993,-0.022200272639999998,0.2953096704
2004-01-23,0.2479496832,0.1429031808,0.3881789568
2004-01-24,0.3830944896,0.043304232959999994,0.41352249599999996
2004-01-25,0.4389178752,-0.20005989119999998,0.25241207039999997
2004-01-26,0.3035211264,-0.18799983359999997,0.1368016128
2004-01-27,0.2516292864,-0.049923371519999996,0.2174097024
2004-01-28,0.2319487488,0.053819251199999994,0.2900572416
2004-01-29,0.2135009664,0.0644920704,0.27956586240000003
2004-01-30,0.327753216,-0.0165696192,0.30321838079999996
2004-01-31,0.33089472,-0.1134,0.22279587839999998
2004-02-01,0.21671297280000001,-0.08012898432,0.15086165759999998
2004-02-02,0.15154283519999998,0.01821823488,0.18135394559999998
2004-02-03,0.1789371648,0.053788043519999995,0.2537080704
2004-02-04,0.29727129599999996,-0.11797850879999999,0.1910780928
2004-02-05,0.2522928384,-0.09243072,0.17372309760000001
2004-02-06,0.264648384,-0.07477069823999999,0.20097538559999997
2004-02-07,0.21289443839999997,0.13686796799999998,0.3351538944
2004-02-08,0.3599365248,-0.1673778816,0.20153007359999997
2004-02-09,0.2546961408,-0.09830388095999999,0.167479488
2004-02-10,0.3160767744,-0.09797749632,0.21900637439999998
2004-02-11,0.3592169856,-0.2662004736,0.1046276352
2004-02-12,0.27446687999999997,-0.1891444608,0.09643131647999999
2004-02-13,0.07568474112,0.105966144,0.18164321279999998
2004-02-14,0.17739440639999998,0.02573586432,0.1980194688
2004-02-15,0.23286527999999998,-0.032916015359999995,0.20322420479999997
2004-02-16,0.14610274559999997,0.05973689087999999,0.21758181119999997
2004-02-17,0.27088369919999994,0.10286631936,0.37005361919999996
2004-02-18,0.4282357248,0.059823878399999995,0.4708585728
2004-02-19,0.3056040576,0.053718474239999994,0.3680754048
2004-02-20,0.11306303999999999,0.15922759679999998,0.2926689408
2004-02-21,0.24664124159999998,0.1111698432,0.37251498239999997
2004-02-22,0.27844197119999997,0.07232706432,0.3661438464
2004-02-23,0.302838912,0.10020298751999998,0.38203695359999995
2004-02-24,0.3136952448,0.1284190848,0.44051558399999996
2004-02-25,0.3629919744,0.09064846079999998,0.4567871232
2004-02-26,0.5175933696,0.03959788032,0.5457435263999999
2004-02-27,0.3600059904,0.16503264,0.5135643648
2004-02-28,0.352169856,0.07300119168,0.44434033919999993
2004-02-29,0.3246873984,0.008648809343999999,0.3490532352
2004-03-01,0.3801676032,-0.055444746239999995,0.3407090688
2004-03-02,0.29391102719999995,0.02437039872,0.3378423168
2004-03-03,0.2188695168,0.1522882944,0.3940223616
2004-03-04,0.2373981696,0.1448212608,0.3840950016
2004-03-05,0.3939383808,-0.1276622208,0.2862998784
2004-03-06,0.259733952,0.11203142399999999,0.3857756544
2004-03-07,0.33785164799999995,0.1962527616,0.5148966528
2004-03-08,0.608269824,0.04910886144,0.6383401343999999
2004-03-09,0.528539904,0.199915776,0.6979188096
2004-03-10,0.6290856575999999,-0.1238022144,0.5453744255999999
2004-03-11,0.5191039872,0.07508671488,0.5934995712
2004-03-12,0.6567848063999999,0.10271940479999998,0.7107170688
2004-03-13,0.5356544256,0.08239480703999999,0.6223153535999999
2004-03-14,0.5594323967999999,0.05994456191999999,0.6202842624
2004-03-15,0.538135488,-0.005600762495999999,0.546668352
2004-03-16,0.31562887679999996,0.27304231679999996,0.5974062336
2004-03-17,0.5503987584,0.1742404608,0.7226630784
2004-03-18,0.5781621888,0.275145984,0.8382642048
2004-03-19,0.6814212479999999,0.4050445824,1.0314687744
2004-03-20,0.42988008959999996,0.6607754496,1.0351908864
2004-03-21,0.8755423488,0.4355472384,1.2146319359999997
2004-03-22,0.8568001152,0.500613696,1.296943488
2004-03-23,0.788662656,0.5512810752,1.2975552
2004-03-24,0.5336015615999999,0.8277551999999999,1.325849472
2004-03-25,0.37064770559999993,1.066670208,1.3979692799999999
2004-03-26,0.5689014912,1.1397024,1.569798144
2004-03-27,1.0176067584,0.006327611136,1.0322868096
2004-03-28,0.6514795007999999,0.183041856,0.8570634624
2004-03-29,0.5807583359999999,0.5024871936,1.0405739520000001
2004-03-30,0.5244352127999999,0.8918366976,1.302293376
2004-03-31,0.6067415808,1.0026529919999998,1.46748672
2004-04-01,0.7010292096,0.9548834688,1.508896512
2004-04-02,0.6358632192,0.5720502527999999,1.171812096
2004-04-03,0.5129495424,0.5365802879999999,1.050143616
2004-04-04,0.4707351936,0.9913860863999999,1.4012663039999997
2004-04-05,0.7215070464,0.704277504,1.382655744
2004-04-06,0.5011704575999999,0.8397810431999999,1.3232263679999998
2004-04-07,0.4632277248,0.8891462015999999,1.342738944
2004-04-08,0.2918198016,1.065768192,1.356766848
2004-04-09,0.5969541888,0.4980507264,1.137856896
2004-04-10,0.417861504,0.3535581312,0.8534025215999999
2004-04-11,0.5015996927999999,0.4090217472,0.985291776
2004-04-12,0.18243843839999999,0.9667009152,1.1959799039999999
2004-04-13,0.005200806528,1.6557592319999999,1.662291072
2004-04-14,0.3042759168,1.493344512,1.7888221439999998
2004-04-15,0.1798039296,1.559357568,1.7331045119999997
2004-04-16,-0.02441912832,1.967524992,1.8920563199999998
2004-04-17,-0.2555618688,2.2987514879999997,1.959437952
2004-04-18,0.39810216959999994,1.0193900543999999,1.4285756159999998
2004-04-19,0.3484156032,1.1438496,1.4767246079999998
2004-04-20,0.17988583679999998,1.117556352,1.301018112
2004-04-21,0.679015872,0.4619068416,1.1693859839999998
2004-04-22,0.9091906559999999,0.09119568384,1.050465024
2004-04-23,1.042844544,-0.0684977472,1.0313402111999999
2004-04-24,-0.1125944064,1.313542656,1.2339682559999998
2004-04-25,0.3970487808,0.8145982079999999,1.249530624
2004-04-26,-0.2740127616,1.792513152,1.518196608
2004-04-27,-1.314755712,3.062852352,1.726624512
2004-04-28,-1.4536661759999998,3.182467968,1.725867648
2004-04-29,0.21058652159999997,0.7876911743999999,1.087986816
2004-04-30,0.07011598464,0.8606072448,1.0329555456
2004-05-01,-1.374164352,2.657349504,1.360623744
2004-05-02,-1.683265536,3.473155584,1.817748864
2004-05-03,-1.239452928,3.3038772479999996,2.064517632
2004-05-04,-2.007690624,4.21557696,2.1841436159999996
2004-05-05,-1.480104576,3.9224217599999998,2.408610816
2004-05-06,-2.271182976,4.783027968,2.4855310079999997
2004-05-07,-2.9601987839999997,5.497186176,2.5253648639999997
2004-05-08,-2.611118592,5.085472896,2.457485568
2004-05-09,-3.9402132479999996,6.468719616,2.48868288
2004-05-10,-3.9007733759999996,6.30882432,2.4052826880000002
2004-05-11,-3.5441245439999998,5.8542912,2.2693789439999996
2004-05-12,-0.8238278016,2.307875328,1.5443136
2004-05-13,-1.5335827199999998,2.850806016,1.3711576319999998
2004-05-14,-2.3771854079999994,4.056594048,1.664540928
2004-05-15,-3.2228927999999994,5.06855232,1.7747216639999999
2004-05-16,-3.3228714239999997,5.417300736,2.010593664
2004-05-17,-4.099051008,6.190048512,1.9051614719999999
2004-05-18,-4.025085696,6.200489087999999,2.097363456
2004-05-19,-4.762250495999999,6.99596352,2.2102087679999998
2004-05-20,-3.600433152,5.651379071999999,2.008499328
2004-05-21,-3.607296768,5.827272192,2.1632002559999997
2004-05-22,-2.463478272,4.388266368,1.919054592
2004-05-23,-3.96021312,6.150857472,2.184112512
2004-05-24,-5.061533183999999,7.141540608,2.0997584639999998
2004-05-25,-1.661948928,3.362881536,1.813456512
2004-05-26,-4.04445312,6.253148159999999,2.220763392
2004-05-27,-3.385794816,5.71038336,2.3443603200000003
2004-05-28,-3.128823936,5.779921536,2.652683904
2004-05-29,-3.609857664,5.572084608,2.099903616
2004-05-30,-1.2134188799999999,2.67893568,1.631321856
2004-05-31,-3.51511488,5.496947712,2.062029312
2004-06-01,-3.344291712,5.6780040959999996,2.433193344
2004-06-02,-3.422673792,5.911553664,2.5589571839999996
2004-06-03,-1.8623623679999999,4.88918592,3.053935872
2004-06-04,-1.461649536,4.90313088,3.3233898239999995
2004-06-05,-2.769852672,6.0417239039999995,3.288698496
2004-06-06,-1.848604032,5.834291328,3.863852928
2004-06-07,-0.48855778559999996,4.729249152,4.071275136
2004-06-08,-2.7119577599999998,6.27300288,3.5824861439999998
2004-06-09,-2.7496869119999996,5.502971519999999,3.2212961279999996
2004-06-10,-3.7849317119999997,6.423826176,2.835720576
2004-06-11,-3.6388776959999998,6.061246848,2.582316288
2004-06-12,-3.6614488319999996,6.217036415999999,2.69661312
2004-06-13,-1.805753088,5.073653376,3.3003106559999997
2004-06-14,-1.97914752,5.626941696,3.590054784
2004-06-15,-1.803648384,5.544764927999999,3.6223718399999996
2004-06-16,0.1170412416,2.812154112,2.9394005759999997
2004-06-17,-1.724550912,4.723266816,3.0012975359999996
2004-06-18,-0.3030213888,3.089342592,2.8278719999999997
2004-06-19,-3.2714668799999997,6.865679232,3.473715456
2004-06-20,-2.288310912,5.995441152,3.569619456
2004-06-21,1.0240992,1.841605632,2.8506919679999996
2004-06-22,-3.22875072,6.729744383999999,3.356391168
2004-06-23,-2.445064704,6.6067280639999995,3.876045696
2004-06-24,-2.235112704,6.33495168,3.865750272
2004-06-25,-1.220220288,5.280049152,3.800037888
2004-06-26,-1.9053688319999997,5.949396864,3.796232832
2004-06-27,0.24911919359999998,3.6658344959999996,3.6734757119999997
2004-06-28,-1.992387456,6.309518976,3.98255616
2004-06-29,-1.7142865919999999,6.435780479999999,4.302574848
2004-06-30,0.30845525760000003,4.10681664,4.267282176
2004-07-01,-2.0172188159999997,7.0082288639999994,4.847112576
2004-07-02,-0.713193984,6.337865088,5.4830442239999995
2004-07-03,-0.5273714304,6.246222336,5.6732659199999995
2004-07-04,-1.803057408,7.463124863999999,5.563759104
2004-07-05,-1.1605628159999999,6.213075839999999,5.103502848
2004-07-06,-2.191339008,7.358688,5.195342591999999
2004-07-07,-0.2649480192,6.138281088,5.808381696
2004-07-08,0.353274048,5.506455168,5.793410304
2004-07-09,-0.177723072,5.514314112,5.371951104
2004-07-10,-1.623120768,6.595509888,5.0015128319999995
2004-07-11,0.1721637504,5.0849855999999996,5.261148288
2004-07-12,0.535978944,4.897366271999999,5.3773632
2004-07-13,0.9889008767999999,4.4765187840000005,5.419343231999999
2004-07-14,0.16276826879999998,4.904872704,5.112336384
2004-07-15,-0.09755582975999999,4.77073152,5.0439697919999995
2004-07-16,1.722363264,2.675711232,4.554703872
2004-07-17,0.2833615872,3.9608559359999997,4.78161792
2004-07-18,-0.7472165759999999,5.822108928,5.310302975999999
2004-07-19,-0.6046596864,6.009572735999999,5.423728896
2004-07-20,-0.389909376,5.562338688,5.3641543679999995
2004-07-21,-0.5344818048000001,5.629118975999999,5.301251711999999
2004-07-22,0.6662238335999999,3.796574976,4.656724992
2004-07-23,1.188214272,2.7108483839999997,4.141228032
2004-07-24,-1.550420352,5.177167487999999,3.850063488
2004-07-25,-2.9705875199999996,7.131970943999999,4.294518911999999
2004-07-26,-1.5176574719999998,6.11172864,4.652453376
2004-07-27,-3.1653400319999996,7.6729420799999994,4.477400064
2004-07-28,-1.5017218559999999,5.865519743999999,4.410381312
2004-07-29,-1.870667136,6.714182015999999,4.866594048
2004-07-30,-2.055725568,6.953568767999999,4.9240016639999995
2004-07-31,-0.4275182592,6.143796864,5.460867071999999
2004-08-01,0.6571404288,5.3214071039999995,5.633162496
2004-08-02,0.2701289088,5.310033408,5.327990784
2004-08-03,-1.30227264,6.737966208,5.318130815999999
2004-08-04,-0.6201100799999999,5.893979904,5.269650048
2004-08-05,-0.7850722175999999,6.00441984,5.179863168
2004-08-06,-0.8715371904,6.259638528,5.286384
2004-08-07,-0.5230510848,5.928992639999999,5.322215807999999
2004-08-08,-2.440564992,7.32105216,4.901461632
2004-08-09,-2.207844864,7.2416229119999995,4.994711423999999
2004-08-10,-0.9200905344,6.034393728,5.100102144
2004-08-11,0.5562608256,3.74580288,4.40204544
2004-08-12,-1.2103292159999999,5.631939072,4.494953088
2004-08-13,-2.2492961279999997,7.057559808,4.824178559999999
2004-08-14,-1.7506056959999998,6.709464576,4.957003008
2004-08-15,-0.6489808128,5.858365824,5.145078528
2004-08-16,-1.712306304,6.969742848,5.1962653439999995
2004-08-17,-0.053344500479999994,5.249826432,5.137344
2004-08-18,0.7297299072,4.13963136,4.924509695999999
2004-08-19,0.31628413439999997,4.108444415999999,4.5378766079999995
2004-08-20,-0.8061907968,5.34610368,4.609861632
2004-08-21,-1.56204288,6.492814848,4.960445183999999
2004-08-22,-0.9975353471999999,5.926089599999999,4.9656706559999995
2004-08-23,-1.050755328,6.019619327999999,4.9767333119999995
2004-08-24,-0.8965510271999999,5.618377728,4.75803072
2004-08-25,-0.4192394112,5.1730617599999995,4.76362944
2004-08-26,-1.1492720639999998,5.340069504,4.243342464
2004-08-27,0.3108751488,3.00485376,3.4448820479999998
2004-08-28,-1.924228224,5.723281151999999,3.817310976
2004-08-29,-1.216135296,5.455807488,4.141279871999999
2004-08-30,-0.339671232,4.711385087999999,4.178583936
2004-08-31,-0.3884765184,4.60593216,3.9968328959999995
2004-09-01,-0.5829604992,4.832763264,3.897362304
2004-09-02,-1.1668769279999998,5.594583168,3.964329216
2004-09-03,-0.39493370879999995,4.63309632,3.751256448
2004-09-04,0.6629019263999999,2.4430740479999997,3.000001536
2004-09-05,-0.7847673983999999,3.51806976,2.631232512
2004-09-06,-1.627267968,4.907765376,3.1153766399999996
2004-09-07,-1.670015232,5.208302592,3.34362816
2004-09-08,-1.0141137792,4.74211584,3.507121152
2004-09-09,-1.708242048,5.478461568,3.596876928
2004-09-10,-1.190121984,4.603703039999999,3.3321196799999995
2004-09-11,-1.085094144,4.85243136,3.653237376
2004-09-12,-1.071460224,4.913986175999999,3.742682112
2004-09-13,-0.6959665152,4.34507328,3.5718174719999998
2004-09-14,-1.1778773759999999,4.341454848,3.154961664
2004-09-15,-1.921024512,4.669819775999999,2.7894585599999995
2004-09-16,-1.9345340159999997,5.223823488,3.237470208
2004-09-17,-0.8902348415999999,4.316281344,3.33657792
2004-09-18,-0.5115073536,3.877984512,3.3076823039999996
2004-09-19,-1.318560768,4.3347052800000005,2.949654528
2004-09-20,-1.560010752,4.289791104,2.696582016
2004-09-21,1.080926208,0.3275997696,1.7766604799999999
2004-09-22,-2.487874176,4.085230464,1.7232341759999998
2004-09-23,-0.2218720896,2.030790528,1.997104896
2004-09-24,-2.0881566719999998,4.333440384,2.2662167039999996
2004-09-25,-1.716505344,3.8557347839999996,2.233433088
2004-09-26,-1.931672448,4.214623104,2.365003008
2004-09-27,-0.890217216,2.9437447679999997,2.121593472
2004-09-28,-2.0560158719999997,4.0063507199999995,2.080370304
2004-09-29,-2.073786624,4.138812288,2.1597788159999998
2004-09-30,-0.8870788224,2.669428224,1.866094848
2004-10-01,1.0245688704,0.3678856704,1.7260750079999998
2004-10-02,-1.478870784,3.372233472,2.042330112
2004-10-03,-0.10249483391999999,2.177041536,2.0444555519999996
2004-10-04,-0.7066434816,2.7645442559999998,2.041127424
2004-10-05,-0.377944704,2.575939968,2.159332992
2004-10-06,0.35753218559999994,1.6136444159999999,1.9199151359999997
2004-10-07,-1.536713856,3.731204736,2.171028096
2004-10-08,-0.84869856,3.1337279999999996,2.218948992
2004-10-09,-0.885743424,3.3610463999999998,2.365687296
2004-10-10,-0.6862133376,3.0260977919999994,2.157466752
2004-10-11,0.6192972287999999,1.1234453759999998,1.762020864
2004-10-12,-0.5566921344,2.52351936,1.942610688
2004-10-13,0.23401405439999998,1.1427505919999998,1.431862272
2004-10-14,-0.26562090239999997,1.98386496,1.7251729919999998
2004-10-15,-0.9582924671999999,2.677193856,1.7231408639999999
2004-10-16,-0.5183440128,2.529553536,1.968997248
2004-10-17,-0.49595950079999995,2.359870848,1.847919744
2004-10-18,-0.3124977408,1.8319219199999999,1.55457792
2004-10-19,-0.1560114432,1.7330112,1.5976051199999999
2004-10-20,-0.513444096,2.3346144,1.7974586879999999
2004-10-21,-0.36511948799999994,2.2863928319999998,1.8701591039999999
2004-10-22,0.4058626176,0.8796698495999999,1.305206784
2004-10-23,-0.44474469119999993,1.858733568,1.384978176
2004-10-24,0.7286630399999999,0.52270272,1.223589888
2004-10-25,0.2375080704,0.9889185024,1.1751816959999999
2004-10-26,0.6992220672,0.4643225856,1.101040128
2004-10-27,0.2135611008,0.9928376063999999,1.109376
2004-10-28,0.35454620159999994,0.6798142079999999,0.9467829504
2004-10-29,0.6435531648,-0.1365952896,0.5050574207999999
2004-10-30,0.009344699136,0.5212003968,0.5299209215999999
2004-10-31,-0.047987458559999994,0.5831606015999999,0.5414252544
2004-11-01,0.7084900224,-0.36523768319999994,0.37752272639999995
2004-11-02,0.5898013056,0.0621110592,0.6568677504
2004-11-03,0.8672655744,-0.05114368512,0.8068989312
2004-11-04,0.7284816000000001,0.055252316159999995,0.7883122175999999
2004-11-05,0.7928502912,0.1790698752,0.9550348416
2004-11-06,0.6979022208,0.38098356479999995,1.048754304
2004-11-07,0.7311399551999999,0.5436170495999999,1.214839296
2004-11-08,0.9730253952,0.417731904,1.3149319679999998
2004-11-09,0.9952409087999999,0.3332731392,1.2681619199999998
2004-11-10,0.890409024,0.04155566976,0.9444128256
2004-11-11,0.9476538623999999,0.01668200832,0.9775759103999999
2004-11-12,0.9625402367999999,-0.03103826688,0.9556486272
2004-11-13,1.211283072,-0.3535166592,0.8967708287999999
2004-11-14,1.050205824,-0.1045001088,0.9775987199999999
2004-11-15,1.044969984,0.1623100032,1.208514816
2004-11-16,1.156643712,0.139237056,1.2905049599999998
2004-11-17,0.9471437567999998,0.16875060479999998,1.141319808
2004-11-18,0.8825106816,0.1040781312,1.0150873344
2004-11-19,0.7340886144,0.1261101312,0.8884608768
2004-11-20,0.5113466496,-0.0165411072,0.5484143231999999
2004-11-21,0.6961718015999999,0.003089363328,0.721441728
2004-11-22,0.7568525951999999,0.01847432448,0.776029248
2004-11-23,0.5935659263999999,0.00330822144,0.616761216
2004-11-24,0.513594432,0.01598403456,0.5420950272
2004-11-25,0.794795328,-0.03928186368,0.7240171392
2004-11-26,0.7136346239999999,-0.1041092352,0.5994902015999999
2004-11-27,0.4695905664,-0.009625817088,0.4751198208
2004-11-28,0.5742721151999999,-0.27574732799999996,0.3317106816
2004-11-29,0.570799872,-0.35678050559999996,0.2538273024
2004-11-30,0.6420383999999999,-0.16086677759999998,0.5131973376
2004-12-01,0.656024832,-0.26663074559999994,0.4394559744
2004-12-02,0.6133833216,-0.1686168576,0.4837231872
2004-12-03,0.5525438975999999,0.07566711552,0.6432244992
2004-12-04,0.45891567359999996,0.277064064,0.7279704575999999
2004-12-05,0.4858942464,0.050044884479999996,0.5519601792
2004-12-06,0.5198629248000001,-0.1405372032,0.43734919679999995
2004-12-07,0.5517932543999999,-0.06622051967999999,0.5026022783999999
2004-12-08,0.44603550719999996,-0.0028567883519999998,0.464942592
2004-12-09,0.3521615616,0.128371392,0.49282421759999995
2004-12-10,0.4231201536,0.11762703359999999,0.5464402559999999
2004-12-11,0.4593169152,0.244534464,0.68680224
2004-12-12,0.6522716159999999,0.04074188543999999,0.6815415168
2004-12-13,0.6627101183999999,-0.07412840064,0.5963798015999999
2004-12-14,0.7443923328,-0.08603853696,0.6582207744
2004-12-15,0.7266723839999999,-0.1884363264,0.5571441791999999
2004-12-16,0.6594556032,-0.09382604543999999,0.5820097536
2004-12-17,0.6458164992,0.1280831616,0.7634901888
2004-12-18,0.5276233727999999,0.1658195712,0.6970644864
2004-12-19,0.6451259904,0.143420544,0.7730557055999999
2004-12-20,0.685594368,-0.047260972799999995,0.6429912191999999
2004-12-21,0.5805727488,-0.2195050752,0.3951431424
2004-12-22,0.3865926528,-0.17926375679999998,0.247961088
2004-12-23,0.42784070399999996,-0.3193375104,0.1399234176
2004-12-24,0.5224455936,-0.01369415808,0.5320297728
2004-12-25,0.4424761728,0.128894976,0.5834270591999999
2004-12-26,0.6443556479999999,0.00851544576,0.6623171711999999
2004-12-27,0.7024983552,0.020169285119999998,0.7200524159999999
2004-12-28,0.5490011519999999,0.09093192191999999,0.6587391744
2004-12-29,0.5573515391999999,0.23571233279999998,0.7715170944
2004-12-30,0.6052568831999999,-0.03972198528,0.5812798464
2004-12-31,0.571162752,0.1487922048,0.7081157375999999
2005-01-01,0.4981212288,-0.030853820159999996,0.4037154048
2005-01-02,0.4765578624,0.02430808704,0.43188526079999995
2005-01-03,0.5379519744,-0.055984504319999996,0.41612382719999996
2005-01-04,0.3509059968,0.008431060608,0.3129725952
2005-01-05,0.44350778879999997,-0.1354434048,0.2866046976
2005-01-06,0.4790192256,-0.12454974719999999,0.32687919359999995
2005-01-07,0.292030272,0.06227497728,0.3599033472
2005-01-08,0.42357323519999995,0.03483057024,0.4520230272
2005-01-09,0.3344436864,0.17384751359999998,0.5056338816
2005-01-10,0.6193604736,-0.08802048383999998,0.5251049856
2005-01-11,0.44846161919999994,0.06205527936,0.5024592
2005-01-12,0.5635391616000001,-0.1800444672,0.3819197952
2005-01-13,0.3366769536,0.005294336256,0.3388614912
2005-01-14,0.2820655872,0.11999197439999999,0.39734945279999995
2005-01-15,0.345337344,0.0761436288,0.4169729664
2005-01-16,0.5436429696,-0.04423911552,0.49353546239999996
2005-01-17,0.3985220736,0.1316487168,0.5267265408
2005-01-18,0.42626269440000003,0.2346392448,0.6568397568
2005-01-19,0.5615422847999999,0.1819625472,0.7421092991999999
2005-01-20,0.7851696767999999,0.1071335808,0.8884743552
2005-01-21,0.8696979072,-0.09824073984,0.8135489664
2005-01-22,0.6943418495999999,0.13995555839999999,0.8361024767999999
2005-01-23,0.7745414399999999,0.2334220416,1.0064010239999999
2005-01-24,0.7601361408,0.2526826752,1.0134678528
2005-01-25,0.7648826112,0.1382946048,0.9148940928
2005-01-26,0.7215734015999999,0.13443978239999999,0.8987749631999999
2005-01-27,0.6664664448,0.1781139456,0.8612987904
2005-01-28,0.49234417919999995,0.23782222079999998,0.762213888
2005-01-29,0.3063194496,0.14407372799999998,0.623173824
2005-01-30,0.2802460032,0.08744620031999999,0.55709752319999994
2005-01-31,0.7341829632,-0.3128274432,0.4270091904
2005-02-01,0.6064336512,-0.23292023039999998,0.3781613952
2005-02-02,0.47270718719999993,-0.05830683263999999,0.44019521279999996
2005-02-03,0.515382912,-0.0034511857919999997,0.5213258496
2005-02-04,0.43558248959999996,0.1227913344,0.5568538752
2005-02-05,0.5299095168,-0.023549667839999996,0.5139811584
2005-02-06,0.440116416,-0.05239251071999999,0.40709537279999997
2005-02-07,0.6590398463999999,-0.2143604736,0.470002176
2005-02-08,0.5161999103999999,-0.12052074239999999,0.40071386879999993
2005-02-09,0.19635747839999998,0.27711486719999995,0.47558741759999995
2005-02-10,0.4071223296,0.2755378944,0.6769256832
2005-02-11,0.74628864,-0.01826302464,0.7207377408
2005-02-12,0.6875176319999999,-0.008744226047999999,0.6735954815999999
2005-02-13,0.6450098688,-0.09327270527999999,0.5508383615999999
2005-02-14,0.5346653184,0.02591284608,0.5587864704
2005-02-15,0.4605403391999999,0.001315222272,0.4483403136
2005-02-16,0.4401827712,-0.006461099136,0.4350920832
2005-02-17,0.4503714048,0.024667960319999998,0.47348582399999994
2005-02-18,0.6840225792,-0.1321857792,0.5461509887999999
2005-02-19,0.5930205696,-0.0481189248,0.5430385152
2005-02-20,0.5209432704,-0.004458094847999999,0.5159303424
2005-02-21,0.39370924799999996,0.1211065344,0.5118598656
2005-02-22,0.5234730624,-0.01226047104,0.5073715583999999
2005-02-23,0.4695159168,0.01640559744,0.48477139199999997
2005-02-24,0.5661259775999999,-0.059557628159999994,0.5078173824
2005-02-25,0.4842716544,0.055732354559999996,0.5442650496
2005-02-26,0.5887116287999999,-0.02917949184,0.5420960639999999
2005-02-27,0.5674313087999999,-0.030202087679999996,0.5343335424
2005-02-28,0.43448348159999994,0.1222833024,0.5487647615999999
2005-03-01,0.5147712,0.029412875519999996,0.5336938367999999
2005-03-02,0.43043685119999997,0.03600453888,0.49629335039999994
2005-03-03,0.5011206911999999,0.003802401792,0.5362101504
2005-03-04,0.47362682879999995,0.06886259712,0.527026176
2005-03-05,0.6027001344,-0.06309239039999999,0.5303750399999999
2005-03-06,0.5201895168,-0.02332768896,0.4947277823999999
2005-03-07,0.4338811008,0.021049217279999997,0.463200768
2005-03-08,0.3507919488,0.1207343232,0.4804883712
2005-03-09,0.594755136,-0.039284455680000004,0.5671161216
2005-03-10,0.6096301056,-0.05610373631999999,0.5665292928
2005-03-11,0.4818776832,0.1525588992,0.6483556224
2005-03-12,0.621986688,0.039983569919999996,0.6766882559999999
2005-03-13,0.5523634943999999,-0.133291008,0.43295005439999995
2005-03-14,0.5344786944,-0.18058567679999998,0.36523042559999996
2005-03-15,0.5517061632,-0.10879038719999999,0.4598664192
2005-03-16,0.45018789119999997,0.1183496832,0.5694385536
2005-03-17,0.5239862783999999,0.10110023423999999,0.6239918592
2005-03-18,0.5816821247999999,-0.04046858496,0.5461623936000001
2005-03-19,0.6256507391999999,0.04835811456,0.6755446655999999
2005-03-20,0.5869625472,0.006989462784,0.6631393536
2005-03-21,0.5395859712,0.05353506431999999,0.5912134271999999
2005-03-22,0.4460956415999999,0.2167917696,0.6224397695999999
2005-03-23,0.6123268224,0.025836330239999997,0.6467952384
2005-03-24,0.49542865919999995,0.036422887679999995,0.5514977664
2005-03-25,0.5530353408,-0.07457018112,0.4929351552
2005-03-26,0.45792449279999997,0.01850024448,0.518545152
2005-03-27,0.5827977215999999,0.15531160319999998,0.7104506112
2005-03-28,0.7261985664,0.08326696319999999,0.7948326527999999
2005-03-29,0.6807742847999999,-0.0301413312,0.6548242176
2005-03-30,0.5273258112,0.008492978304,0.6071303808
2005-03-31,0.5977276416,-0.02742429312,0.5897318399999999
2005-04-01,0.6096612096,0.2317496832,0.8401791744
2005-04-02,0.7837347455999999,0.228500352,1.0026488448
2005-04-03,1.0281883392,0.1107240192,1.123880832
2005-04-04,1.012144896,0.08393694335999999,1.089790848
2005-04-05,0.739399104,0.23599745279999998,0.9757449215999999
2005-04-06,0.826091136,0.259039296,1.0839744
2005-04-07,1.071263232,0.2695016448,1.293532416
2005-04-08,0.8970113663999999,0.3339626112,1.220635008
2005-04-09,0.6853185791999999,0.3632335488,1.046691072
2005-04-10,0.7141675391999999,0.14814627839999997,0.8575580159999999
2005-04-11,0.4602396672,0.42259656959999997,0.8866806911999999
2005-04-12,0.7247729664,0.3609950976,1.084378752
2005-04-13,0.886894272,0.2983516416,1.1766954239999998
2005-04-14,0.5371702272,0.7023635711999999,1.243112832
2005-04-15,0.5748672384,0.4907755008,1.0595992319999998
2005-04-16,0.34476295679999996,0.8536150655999999,1.19397888
2005-04-17,-0.15710941439999998,1.4263568639999997,1.253304576
2005-04-18,0.19165870079999997,1.1092930559999998,1.2622314239999999
2005-04-19,0.4607394048,0.8235032832,1.167250176
2005-04-20,0.3910405248,0.7146537984,1.0022776703999998
2005-04-21,0.279013248,0.72346970880000006,0.9443516543999999
2005-04-22,0.3056787072,0.7694206847999999,0.9983015423999999
2005-04-23,-0.2855720448,1.5083781119999997,1.1209777920000001
2005-04-24,0.5124487679999999,0.798527808,1.0655297279999998
2005-04-25,0.13327027199999997,0.9277213823999999,0.9963917568
2005-04-26,-0.18746069759999998,1.2925474559999999,1.01526048
2005-04-27,-0.033383819520000003,1.0857369599999998,1.005913728
2005-04-28,0.2733637248,0.647502336,0.8983716479999999
2005-04-29,0.14748894719999997,0.6535676159999999,0.793291968
2005-04-30,0.3060146304,0.6306325632,0.8520266879999999
2005-05-01,0.3758441472,0.5067639936,0.8181419903999999
2005-05-02,0.08573392512,0.7964210303999999,0.8890860671999999
2005-05-03,-0.4474476288,1.4795654399999998,1.0129100544
2005-05-04,0.07784014464,1.0034171136,1.130257152
2005-05-05,-0.5796831744000001,1.714929408,1.234973952
2005-05-06,-0.4848719616,1.76961024,1.3232574719999999
2005-05-07,-0.408048192,1.5167450879999997,1.1835383039999998
2005-05-08,-0.5812269696,1.6923790079999999,1.290380544
2005-05-09,-0.8025526655999999,2.2235523839999995,1.513137024
2005-05-10,-1.235409408,2.805487488,1.6049871359999999
2005-05-11,0.46282337279999997,0.9538280064,1.355605632
2005-05-12,-1.527030144,2.952567936,1.421639424
2005-05-13,-1.760942592,3.3170238719999996,1.56131712
2005-05-14,-1.9617707519999998,3.6786182399999996,1.719366912
2005-05-15,-2.3945518079999997,4.302802944,1.9304593919999997
2005-05-16,-1.081403136,3.18546432,2.088260352
2005-05-17,-1.8544515839999998,3.817176192,1.96411392
2005-05-18,-1.9822890239999997,4.125935232,2.1432211199999998
2005-05-19,-2.068270848,4.756672512,2.6827303679999996
2005-05-20,-2.322141696,5.406932736,3.0765795839999996
2005-05-21,-1.881792,5.102745984,3.218973696
2005-05-22,-2.568236544,5.895275903999999,3.3260751359999996
2005-05-23,-3.0937800959999997,6.45449472,3.359719296
2005-05-24,-2.738624256,6.10405632,3.3652247039999996
2005-05-25,-4.0296994559999995,6.94635264,2.92522752
2005-05-26,-3.731577984,6.2936352,2.5743951359999997
2005-05-27,-3.908829312,6.578682624,2.647603584
2005-05-28,-2.46281472,5.257291392,2.7078312959999997
2005-05-29,-1.89003456,4.16337408,2.279736576
2005-05-30,-1.425257856,3.621656448,2.200701312
2005-05-31,-4.010736384,6.2060256,2.1964608
2005-06-01,-1.7730316799999999,4.060741247999999,2.282038272
2005-06-02,-1.844508672,3.8633863679999996,2.0138077439999997
2005-06-03,-1.0807914239999998,2.909820672,1.821771648
2005-06-04,-2.9256111359999997,4.588607232,1.661482368
2005-06-05,-3.8465798399999995,5.73542208,1.880371584
2005-06-06,-1.7946696959999997,3.881281536,2.092013568
2005-06-07,-2.8152748799999996,4.775573376,1.9479398399999999
2005-06-08,-1.9983905279999998,3.966890112,1.956203136
2005-06-09,-2.7208327679999997,4.5556162559999995,1.8248302079999998
2005-06-10,-1.348192512,3.0347239679999998,1.683752832
2005-06-11,-3.104034048,4.8943284479999996,1.7845194239999997
2005-06-12,-3.2583824639999994,5.121315072,1.867349376
2005-06-13,-2.4903417599999997,4.8900983039999995,2.437962624
2005-06-14,-2.2891610879999997,5.217975936,2.969156736
2005-06-15,-0.249189696,3.6239166719999996,3.387826944
2005-06-16,-1.1240881919999999,4.682406528,3.571537536
2005-06-17,-1.449975168,5.30903808,3.7797891839999997
2005-06-18,-0.7985164032,4.7089900799999995,3.9288291839999996
2005-06-19,-0.5299437311999999,4.666502016,3.9424008959999997
2005-06-20,-0.038461651199999995,4.23988992,4.001809536
2005-06-21,-0.4313222784,4.689933696,4.052840832
2005-06-22,-0.5498637695999999,4.804354943999999,4.099579776
2005-06-23,-2.929353984,7.094905343999999,4.071368447999999
2005-06-24,-1.335388032,5.410291967999999,4.013152128
2005-06-25,-2.511098496,6.779956608,4.123498752
2005-06-26,-2.649946752,6.840008063999999,4.137640704
2005-06-27,-1.3789543679999998,5.7613420799999995,4.4698417919999995
2005-06-28,-0.1271085696,4.5925056,4.465860479999999
2005-06-29,-2.9734905599999997,7.345727999999999,4.380448896
2005-06-30,-2.2368234240000002,6.817302144,4.57415424
2005-07-01,-0.8860129919999999,5.776593407999999,4.868947584
2005-07-02,-1.069179264,6.146212608,5.068230912
2005-07-03,-0.8085920256,5.504111999999999,4.703681664
2005-07-04,-1.977457536,6.735944448,4.762136448
2005-07-05,-1.138572288,6.009437952,4.942518912
2005-07-06,-1.152703872,6.122749824,5.056566912
2005-07-07,-1.371282048,6.43406976,5.184508032
2005-07-08,-0.11722268159999999,5.170303872,5.180080896
2005-07-09,-0.8596139904,5.836002048,5.225389056
2005-07-10,-1.461919104,6.44158656,5.206674816
2005-07-11,-0.8345140992,5.895586944,5.176027007999999
2005-07-12,-1.5083470079999999,6.536433024,5.070802175999999
2005-07-13,-0.48024783359999995,5.4367822079999995,5.11484544
2005-07-14,1.534235904,3.353716224,5.085296639999999
2005-07-15,-0.9087717887999999,5.718563712,4.916464127999999
2005-07-16,0.17859191039999997,4.695656832,5.0214816
2005-07-17,-0.9277690752,5.526185472,4.769238528
2005-07-18,-1.3254140159999999,5.777910144,4.4979287039999996
2005-07-19,-0.0909434304,5.045099904,5.001751296
2005-07-20,0.38527384319999997,4.897221119999999,5.278525055999999
2005-07-21,0.9910211327999999,4.445570303999999,5.4277931520000005
2005-07-22,0.24587297279999998,5.364527616,5.603033088
2005-07-23,0.7615845504,4.764593664,5.6147903999999995
2005-07-24,-0.01229634432,5.404185215999999,5.446600704
2005-07-25,-0.3133147392,5.70665088,5.394771071999999
2005-07-26,-0.1300385664,4.891643136,4.7682535679999996
2005-07-27,-2.259373824,7.265707775999999,5.010522623999999
2005-07-28,-2.149462656,7.448163839999999,5.342215679999999
2005-07-29,-0.1810833408,5.58658944,5.4302399999999995
2005-07-30,-0.9222937344,6.146855424,5.226135552
2005-07-31,-1.334911104,6.309259776,4.908273408
2005-08-01,-1.199899008,6.0447409919999995,4.813437312
2005-08-02,-1.2216303359999998,5.905156608,4.591344383999999
2005-08-03,0.11469081599999999,4.247323776,4.431355776
2005-08-04,2.21740416,1.712772864,3.997040256
2005-08-05,-1.984372992,6.18238656,4.307758848
2005-08-06,-2.53984896,7.118596223999999,4.623060096
2005-08-07,-1.921231872,6.668417664,4.7699124479999995
2005-08-08,-1.3374305279999998,6.335646335999999,4.831996032
2005-08-09,-0.52205472,5.69674944,4.511407104
2005-08-10,-1.4173056,6.4124732159999995,4.432506623999999
2005-08-11,-1.573582464,6.311592576,4.3449696
2005-08-12,-1.8877639679999998,6.799686912,4.3718538239999996
2005-08-13,0.489535488,4.101757056,4.048558848
2005-08-14,-2.2183683839999997,6.878037888,4.3190496
2005-08-15,-1.995850368,6.868914048,4.65637248
2005-08-16,-1.3737288959999998,6.178685184,4.664075904
2005-08-17,-2.003781888,6.7042805759999995,4.638767616
2005-08-18,-2.1842783999999997,6.87953088,4.679202815999999
2005-08-19,-2.3152055039999997,6.963231744,4.634361216
2005-08-20,-1.108588032,5.5461024,4.434590592
2005-08-21,-1.101579264,5.3475551999999995,4.25518272
2005-08-22,-1.8421447679999998,5.969002752,4.144981248
2005-08-23,-2.51610624,6.713342207999999,4.216966272
2005-08-24,-1.2340719359999999,5.424019199999999,4.2140736
2005-08-25,-1.174176,5.259852287999999,4.076583552
2005-08-26,-1.5017736959999999,5.5845365760000005,4.10686848
2005-08-27,-0.412900416,4.450826879999999,4.058045568
2005-08-28,-0.9198344448,4.81318848,3.8819243519999995
2005-08-29,-0.4574475648,4.419795456,3.9006904319999998
2005-08-30,0.1227115008,3.8035111679999996,3.8183166719999995
2005-08-31,-2.3545002239999997,5.65709184,3.162934656
2005-09-01,-1.1451456,4.715107199999999,3.270036096
2005-09-02,-0.8511288191999999,4.421495808,3.2567754239999998
2005-09-03,-0.6138281088,4.153700735999999,3.2205703679999997
2005-09-04,-2.232499968,5.574479616,3.037398912
2005-09-05,-1.653239808,4.9379362559999995,2.9739156479999997
2005-09-06,-1.150091136,4.206598272,2.7565816319999996
2005-09-07,-1.7439390719999999,4.962466944,2.844232704
2005-09-08,-1.0630828799999998,4.035267072,2.84171328
2005-09-09,-1.528740864,4.447374336,2.8048032
2005-09-10,-2.399227776,5.284030464,2.835046656
2005-09-11,-0.8409578111999999,3.575695104,2.774331648
2005-09-12,-1.3879537919999998,3.9488601599999997,2.568018816
2005-09-13,-1.6740069119999998,3.731971968,2.104278912
2005-09-14,-2.370995712,4.389489792,2.068291584
2005-09-15,-1.6718918399999998,3.857435136,2.211556608
2005-09-16,-1.9664570879999999,4.2208542719999995,2.26421568
2005-09-17,-1.2575865599999998,3.4840730879999997,2.226040704
2005-09-18,-1.505734272,3.657757824,2.1472957439999996
2005-09-19,-1.1715943679999998,3.3330216959999994,2.16774144
2005-09-20,-0.9382272768,3.252161664,2.2982434560000002
2005-09-21,-0.7542471168,3.006336384,2.1984307199999997
2005-09-22,-1.808770176,3.8268910079999996,2.007110016
2005-09-23,-1.50092352,3.6989809919999996,2.169991296
2005-09-24,-1.14789312,3.4165981439999995,2.232240768
2005-09-25,-1.542250368,3.781821312,2.200120704
2005-09-26,-1.046556288,3.311300736,2.2187727359999996
2005-09-27,-0.8612552448,3.083847552,2.185906176
2005-09-28,-0.46139569919999995,2.2574972159999995,1.78236288
2005-09-29,-1.977530112,4.083530112,2.075922432
2005-09-30,-1.1711278079999998,3.318672384,2.12020416
2005-10-01,-1.3295508479999998,3.5112061439999995,2.1531951359999995
2005-10-02,-1.188411264,3.3716113919999997,2.111277312
2005-10-03,-1.0675411199999998,3.189487104,2.0858653439999997
2005-10-04,-1.4496019199999999,3.303628416,1.8295994879999997
2005-10-05,-0.6352131456,2.0476488959999997,1.41103296
2005-10-06,-0.5910288767999999,2.097228672,1.5013486079999998
2005-10-07,-0.37827544319999995,2.276076672,1.87354944
2005-10-08,-0.86155488,2.81734848,1.918318464
2005-10-09,1.172029824,0.335622528,1.5078182399999998
2005-10-10,0.17436591359999998,1.06800768,1.252526976
2005-10-11,-0.27233107199999995,1.619761536,1.356569856
2005-10-12,-0.39741995519999995,1.840029696,1.450286208
2005-10-13,-0.9554288256,2.5391957759999997,1.5807052799999999
2005-10-14,-1.015120512,2.739816576,1.7085219839999999
2005-10-15,-1.0845031680000001,2.805093504,1.7046443519999999
2005-10-16,-1.216798848,2.903330304,1.67484672
2005-10-17,-1.2898725119999999,2.995491456,1.695966336
2005-10-18,-0.9423101951999999,2.688723072,1.7384440319999999
2005-10-19,-0.189366336,1.604365056,1.4222200319999998
2005-10-20,-1.9859904,3.54357504,1.5648526079999998
2005-10-21,-0.5766194304,2.039634432,1.4792440319999998
2005-10-22,-0.9586439424,2.396293632,1.456724736
2005-10-23,-0.9030082175999999,2.2168028159999995,1.324688256
2005-10-24,-0.6883709184,2.15452224,1.467144576
2005-10-25,-0.6448097664,2.0728949759999997,1.4272796159999999
2005-10-26,-0.48578538239999997,1.8146592,1.327135104
2005-10-27,-0.3781748736,1.697179392,1.3131694079999998
2005-10-28,-0.22222563839999998,1.5026135039999997,1.271697408
2005-10-29,-0.186318144,1.3018682879999999,1.108816128
2005-10-30,0.1427704704,0.8488074239999999,0.9891880703999999
2005-10-31,0.8122851071999999,0.14286274559999998,0.9383164415999999
2005-11-01,0.1613913984,0.9710025983999999,1.13042304
2005-11-02,-0.1841636736,1.400239872,1.210940928
2005-11-03,0.008378525952000001,1.10538432,1.1135232
2005-11-04,-0.2045979648,1.211936256,1.0115435519999998
2005-11-05,0.568731456,0.24671278079999998,0.8254659455999999
2005-11-06,0.43507134719999996,0.5723675135999999,1.0331794944
2005-11-07,0.025595688959999998,1.09988928,1.131698304
2005-11-08,0.07549448832,1.0207347839999998,1.1028959999999999
2005-11-09,0.1973569536,0.9086867712,1.114829568
2005-11-10,-0.07794247680000001,1.2277163519999998,1.152963072
2005-11-11,0.3026087424,0.7435494143999999,1.0514085119999999
2005-11-12,0.6951899519999999,0.1108349568,0.8155033343999999
2005-11-13,0.5028770304,0.2600284032,0.7736674175999999
2005-11-14,0.7624150271999999,-0.09011865599999999,0.685044864
2005-11-15,0.6677769599999999,-0.25428867839999997,0.4284721152
2005-11-16,0.36319933439999996,0.2261716992,0.6017473152
2005-11-17,0.5633898624,0.07673222015999999,0.6519740543999999
2005-11-18,0.6133833216,0.13607170559999998,0.7597898496
2005-11-19,0.7151607936,0.010606464,0.7373006207999999
2005-11-20,0.8656585344,0.06814056959999999,0.9400064255999999
2005-11-21,0.8936013312,0.09514848383999999,0.9942683903999999
2005-11-22,0.9672887807999999,0.08048408832,1.051149312
2005-11-23,0.8338453631999999,0.21786589439999998,1.0544048639999999
2005-11-24,0.802384704,0.1518787584,0.9626117759999999
2005-11-25,0.5510426112,0.39442464,0.9401329152
2005-11-26,0.9516299904,-0.16846237439999998,0.7890898176
2005-11-27,0.7430600448,-0.2236087296,0.5293496448
2005-11-28,0.7664575104,-0.35098168319999995,0.4258282752
2005-11-29,0.426492864,0.09100698624,0.5272853759999999
2005-11-30,0.5273361792,-0.02619921024,0.5113673856
2005-12-01,0.36641548799999996,0.2515929984,0.6270483456
2005-12-02,0.46763412479999994,0.23183159039999998,0.7052987519999999
2005-12-03,0.6534960768,-0.1774244736,0.48605806079999997
2005-12-04,0.6598008576,-0.321153984,0.35002679039999995
2005-12-05,0.36036472319999996,0.0016230481919999999,0.3736305792
2005-12-06,0.46828108799999996,-0.1661482368,0.3134059776
2005-12-07,0.568078272,-0.3631309056,0.2146611456
2005-12-08,0.4766573952,0.08956116864,0.5678843903999999
2005-12-09,0.3663750528,0.2145543552,0.5785064064000001
2005-12-10,0.390241152,0.25331927039999996,0.6316900992
2005-12-11,0.6485847552,0.08992498176,0.7184370816
2005-12-12,0.779061888,-0.030607165439999997,0.7271524224
2005-12-13,0.7264422144,-0.14397315839999997,0.5873067648
2005-12-14,0.4814805888,-0.1282345344,0.3508240896
2005-12-15,0.5271848063999999,-0.115053696,0.4065147648
2005-12-16,0.47178858239999993,-0.0677123712,0.400028544
2005-12-17,0.3704009472,-0.03358589184,0.33788067839999997
2005-12-18,0.3522714624,0.04310174592,0.3965200128
2005-12-19,0.3560143104,0.07953987456,0.4373409024
2005-12-20,0.3517592832,0.1273200768,0.4809964032
2005-12-21,0.5256876671999999,0.031286062079999996,0.558182016
2005-12-22,0.5518969344,0.03930602111999999,0.5926556159999999
2005-12-23,0.5876281728,-0.04607663616,0.5453847936
2005-12-24,0.476943552,0.10704026879999999,0.5878998143999999
2005-12-25,0.7076315519999999,0.01900475136,0.7280710271999999
2005-12-26,0.7367521535999999,-0.04978931328,0.6961521024
2005-12-27,0.584324928,-0.02353245696,0.5671389311999999
2005-12-28,0.6669537407999999,-0.03947844096,0.63164448
2005-12-29,0.5811191424,-0.08593703423999999,0.5015229696
2005-12-30,0.32158321919999994,0.02986678656,0.35517657599999997
2005-12-31,0.58817664,-0.1857230208,0.40167912959999996
2006-01-01,0.6858307584,-0.18866856959999997,0.4989102336
2006-01-02,0.4956691968,0.08821934208,0.582816384
2006-01-03,0.546709824,-0.02988897408,0.5179033728
2006-01-04,0.5231630592,-0.07027751807999999,0.45578557439999995
2006-01-05,0.37208678399999995,0.12076646399999999,0.494424
2006-01-06,0.44956062719999995,0.168060096,0.6153148799999999
2006-01-07,0.6168120192,0.009645485184,0.6237326591999999
2006-01-08,0.5500929024,-0.119548224,0.4337981568
2006-01-09,0.4171160448,0.0058918752,0.4261424256
2006-01-10,0.5268043008,-0.001517273856,0.5252273279999999
2006-01-11,0.6909556607999999,-0.1207426176,0.5682887423999999
2006-01-12,0.5361883775999999,-0.1417637376,0.39682794239999997
2006-01-13,0.3028866048,0.24033957119999996,0.5422474368
2006-01-14,0.5353651584,0.11986341119999999,0.6508543104
2006-01-15,0.6783792768,-0.1400229504,0.53846208
2006-01-16,0.5619373056,-0.1946934144,0.37193541119999995
2006-01-17,0.49368890879999994,-0.04821980544,0.4480458624
2006-01-18,0.39999951359999997,0.1776339072,0.5762824703999999
2006-01-19,0.331915968,0.1183362048,0.44037768959999996
2006-01-20,0.56964384,-0.1617677568,0.3893692032
2006-01-21,0.4340117376,0.01625266944,0.4449074688
2006-01-22,0.44253008639999997,0.006059567232,0.4325985792
2006-01-23,0.25642552319999995,0.307872576,0.5345046144
2006-01-24,0.5310458496,0.12825941759999998,0.6145517952
2006-01-25,0.6023528063999999,0.1182615552,0.672033024
2006-01-26,0.5487274368,0.011006461439999999,0.5378897664
2006-01-27,0.4272403968,0.07491108096,0.5216690303999999
2006-01-28,0.3522756096,0.1131428736,0.4379111424
2006-01-29,0.6122946816,-0.1610523648,0.4340542464
2006-01-30,0.35737873919999996,0.18610559999999998,0.5255767295999999
2006-01-31,0.6259431167999999,-0.07224069888,0.5528922623999999
2006-02-01,0.44691471359999996,0.05518098432,0.5040838656
2006-02-02,0.34140061439999997,0.06566645376,0.4087086336
2006-02-03,0.28830712319999996,0.09279598464,0.38301672959999994
2006-02-04,0.2766731904,0.18889459199999997,0.46456415999999995
2006-02-05,0.5258203775999999,-0.1792368,0.3492730368
2006-02-06,0.37300538879999995,-0.01627848576,0.360137664
2006-02-07,0.344964096,0.09791238527999999,0.44586961919999996
2006-02-08,0.49923786239999995,0.01941750144,0.5215684608
2006-02-09,0.42205536,0.041630319359999994,0.4681017216
2006-02-10,0.5049050112,-0.2710734336,0.2391244416
2006-02-11,0.30358644479999997,-0.010273309056,0.2941235712
2006-02-12,0.4564335744,0.03255168384,0.477576
2006-02-13,0.5456450304,-0.08087392512,0.4503765888
2006-02-14,0.32575841279999995,0.13238588159999998,0.4400822016
2006-02-15,0.4179817728,-0.04767662592,0.35485205759999994
2006-02-16,0.43136271359999995,-0.18823622399999998,0.23401301759999998
2006-02-17,0.3593683584,-0.07663631616,0.26841611519999997
2006-02-18,0.3384187776,0.0220781376,0.3438588672
2006-02-19,0.47992538879999996,-0.08331113087999999,0.38361599999999996
2006-02-20,0.3910177152,-0.03523160448,0.35088111359999996
2006-02-21,0.33100047359999996,0.04125344255999999,0.3719343744
2006-02-22,0.317229696,0.07076750976,0.3905117568
2006-02-23,0.513584064,-0.006575136768,0.5060714112
2006-02-24,0.38097008639999996,0.18607760639999998,0.5592157056
2006-02-25,0.45224801279999993,0.1566283392,0.5804483328
2006-02-26,0.4398862464,0.2137062528,0.6476547455999999
2006-02-27,0.5776468991999999,0.1344335616,0.7112313216
2006-02-28,0.6186419712,0.1396714752,0.7551252864
2006-03-01,0.6646748544,-0.06514960896,0.5980210559999999
2006-03-02,0.549291456,0.0817910784,0.6457625856
2006-03-03,0.6162023808,0.1296020736,0.755661312
2006-03-04,0.6383079935999999,0.119486016,0.7686710784
2006-03-05,0.5363978112,0.2269161216,0.7796715264
2006-03-06,0.6017721984,0.29671142399999995,0.9203300352
2006-03-07,0.6776701056,0.1750180608,0.8697694464
2006-03-08,0.6535168128,0.036074937599999995,0.7104796416
2006-03-09,0.5542297343999999,0.1099090944,0.684023616
2006-03-10,0.4609084032,0.1266254208,0.6016177152
2006-03-11,0.4872659328,0.05429555712,0.5477683967999999
2006-03-12,0.518337792,0.0347903424,0.5356793087999999
2006-03-13,0.3493269504,0.08627586048,0.4335679872
2006-03-14,0.3580816896,0.2636406144,0.5797868544
2006-03-15,0.5130241919999999,0.07770753792,0.5857214975999999
2006-03-16,0.399266496,0.1717625088,0.5687293823999999
2006-03-17,0.6191479296,0.0886583232,0.6803294976
2006-03-18,0.6264739584,0.073449504,0.668793024
2006-03-19,0.457425792,0.11210088959999999,0.5675837184
2006-03-20,0.4295711232,-0.01039578624,0.4237380864
2006-03-21,0.5468508288,-0.01969287552,0.5301303552000001
2006-03-22,0.5757236352,-0.013088666879999999,0.5557393152
2006-03-23,0.4235359104,0.2365946496,0.6395179392
2006-03-24,0.2415619584,0.5953627008,0.794463552
2006-03-25,0.4891798656,0.5171682816,0.9257732352
2006-03-26,0.7344442367999999,0.10532229119999999,0.7939254528
2006-03-27,0.5074814592,0.373906368,0.8375000831999999
2006-03-28,0.6582881664,0.39622970879999997,1.0107047808
2006-03-29,0.7785974016,0.2544048,0.9991050624
2006-03-30,0.8804889215999999,9.300261888e-4,0.8695278719999999
2006-03-31,0.6097700735999999,0.442226304,1.0478833920000001
2006-04-01,0.8839093248,0.19917342719999998,1.093170816
2006-04-02,0.7749126143999999,0.17619793920000001,0.9709082496
2006-04-03,0.8659903104,0.3493155456,1.230204672
2006-04-04,1.073025792,0.26544049919999996,1.345237632
2006-04-05,1.0907239679999998,0.24072215039999997,1.342718208
2006-04-06,0.9141672959999999,0.09416435328,1.0308145536
2006-04-07,0.6651476352,0.444818304,1.1338237439999999
2006-04-08,0.9307643903999999,0.48959458559999997,1.425257856
2006-04-09,0.7667861759999999,0.7689396095999999,1.5312188159999998
2006-04-10,0.3186781056,1.248234624,1.544977152
2006-04-11,0.127334592,1.2458396159999998,1.3726091519999999
2006-04-12,0.2563094016,1.32005376,1.5713533439999998
2006-04-13,-0.02615815296,1.73016,1.6965987839999999
2006-04-14,-0.6650439551999999,2.350933632,1.6798752
2006-04-15,0.2244547584,1.162211328,1.3907013119999998
2006-04-16,-1.5686576639999998,3.1269784319999996,1.556361216
2006-04-17,-1.497616128,3.066937344,1.5686576639999998
2006-04-18,0.8302684032,0.1586283264,0.9998183808
2006-04-19,0.173918016,0.8838989568,1.12036608
2006-04-20,-0.5494075776,1.7133534719999999,1.3496440319999998
2006-04-21,0.04531158144,1.466895744,1.559440512
2006-04-22,0.1869028992,1.461234816,1.729724544
2006-04-23,-0.1782248832,1.6864070399999997,1.654639488
2006-04-24,0.5429275776,0.5111932032,1.166586624
2006-04-25,-0.7108642944,1.91875392,1.3817329919999999
2006-04-26,-0.8254783871999999,2.392498944,1.7988272639999998
2006-04-27,-0.6292847232,2.4545099519999996,2.058856704
2006-04-28,-0.7471004544,2.256408576,1.699356672
2006-04-29,-0.6911039231999999,2.15675136,1.637542656
2006-04-30,-0.6801190272,2.3368642559999997,1.8288737279999998
2006-05-01,-0.9772430975999999,2.692123776,1.870314624
2006-05-02,-0.5188707072,2.24669376,1.874005632
2006-05-03,-0.4789051776,2.11165056,1.759200768
2006-05-04,-0.9886945535999999,2.580926976,1.69553088
2006-05-05,-1.0177000703999999,2.599112448,1.646676864
2006-05-06,-1.0225999872,2.6944669439999998,1.7388691199999997
2006-05-07,-1.25110656,2.9947553279999997,1.8069765119999999
2006-05-08,-0.41994443519999997,2.0335691519999997,1.6657850879999998
2006-05-09,-0.905940288,2.4180353279999998,1.5410580479999998
2006-05-10,-1.762466688,3.191021568,1.4279431679999999
2006-05-11,-1.293708672,2.965175424,1.6686881279999999
2006-05-12,-0.9726511104,3.169839744,2.193588864
2006-05-13,-1.9711537919999997,4.307250816,2.3412084479999997
2006-05-14,-1.350815616,3.49386048,2.1564403199999997
2006-05-15,-2.692859904,4.8928250879999995,2.234646144
2006-05-16,-2.478439296,4.855272192,2.400181632
2006-05-17,-2.594187648,4.990574592,2.4446914559999997
2006-05-18,-3.223473408,5.763581567999999,2.55716352
2006-05-19,-2.358388224,4.961938176,2.621071872
2006-05-20,-2.391596928,4.990336127999999,2.6226167039999995
2006-05-21,-2.7542073599999997,5.402909952,2.6588424959999997
2006-05-22,-1.5562160639999998,4.027097088,2.523229056
2006-05-23,-3.35824704,5.69555712,2.37639744
2006-05-24,-3.6520346879999996,6.375096576,2.7487745279999998
2006-05-25,-3.102561792,5.9866179840000004,2.906492544
2006-05-26,-2.126953728,5.04916416,2.9363627519999995
2006-05-27,-3.577105152,6.552254591999999,2.9801675519999997
2006-05-28,-3.7780473599999995,6.376516992,2.610081792
2006-05-29,-4.331003903999999,6.4458789119999995,2.1052016639999995
2006-05-30,-1.470970368,3.639126528,2.1148231679999996
2006-05-31,-3.623419008,6.0971823359999995,2.371970304
2006-06-01,-4.414217472,7.075123199999999,2.689708032
2006-06-02,-2.260700928,5.465325312,3.142468224
2006-06-03,-2.8998881279999997,6.261732864,3.316992768
2006-06-04,-2.1329464320000002,5.626495872,3.453746688
2006-06-05,-1.6315188479999998,5.352614784,3.6646214399999995
2006-06-06,-1.583432064,5.4575389439999995,3.85699968
2006-06-07,-1.361328768,5.4130705919999995,4.0315656959999995
2006-06-08,-2.0880426240000003,6.070443264,4.009471488
2006-06-09,-4.048538112,8.008979327999999,3.962732544
2006-06-10,-4.069948032,8.022405888,3.956335488
2006-06-11,-2.943952128,6.977705471999999,4.0322085119999995
2006-06-12,-2.1088408320000003,6.232142592,4.169532672
2006-06-13,-1.0972765439999999,5.4179539199999995,4.327986815999999
2006-06-14,-0.1592773632,4.50945792,4.321724544
2006-06-15,-3.957714432,7.830058751999999,3.857030784
2006-06-16,-3.2633487359999998,6.911371008,3.6687997439999998
2006-06-17,-3.19028544,7.295256576,4.1328506879999996
2006-06-18,-1.8682617599999998,6.492451968,4.606222464
2006-06-19,-1.119878784,6.230265984,5.050387584
2006-06-20,-1.886903424,7.072562304,5.169308544
2006-06-21,-3.3416271359999996,8.107693055999999,4.678124544
2006-06-22,-2.417216256,6.806239487999999,4.383652608
2006-06-23,-1.633198464,6.4256924159999995,4.749850368
2006-06-24,-3.84958656,8.157138048,4.281942527999999
2006-06-25,-2.213350272,6.173387136,3.954863232
2006-06-26,-4.9626432,8.992124927999999,4.013214336
2006-06-27,-3.0670513919999998,7.242576767999999,4.099911552
2006-06-28,-2.5799212799999998,6.6541409279999995,4.05870912
2006-06-29,-1.7172207359999998,5.932414079999999,4.099154688
2006-06-30,-0.5495423615999999,5.0116423679999995,4.280750208
2006-07-01,-1.9219368959999998,6.162873984,4.186899072
2006-07-02,-1.4533344,5.817982464,4.3118023679999995
2006-07-03,-0.7330497408,5.051756159999999,4.303248768
2006-07-04,-1.392774912,5.8675104,4.460894207999999
2006-07-05,-0.3496825728,5.04107712,4.6762375679999995
2006-07-06,-2.8309201920000002,8.036309376,5.1764417279999995
2006-07-07,-1.160521344,6.618475008,5.448259584
2006-07-08,4.429800576,0.86751648,5.306166144
2006-07-09,1.575510912,3.747679488,5.328187776
2006-07-10,-2.207793024,7.91887104,5.623354367999999
2006-07-11,-1.189728,6.735778559999999,5.5198195199999995
2006-07-12,-1.585049472,6.681667968,5.097510143999999
2006-07-13,-0.3929015808,5.363656703999999,4.808284416
2006-07-14,0.8848310399999999,4.40385984,5.057323776
2006-07-15,1.223341056,4.274249471999999,5.30214336
2006-07-16,0.7586752896,4.89198528,5.44148928
2006-07-17,0.9888905088,4.417089407999999,5.259250944
2006-07-18,0.8329360895999999,4.795324416,5.470965504
2006-07-19,-0.5789408255999999,5.889811968,5.40447552
2006-07-20,-0.5459208192,6.0940200959999995,5.4597680639999995
2006-07-21,0.129771072,5.9579712,5.474386944
2006-07-22,-2.154097152,8.297479295999999,5.6901450239999996
2006-07-23,0.26524972799999996,6.051117312,6.0682348799999994
2006-07-24,0.345622464,5.911740288,6.107415552
2006-07-25,-0.24496162559999998,6.474370176,6.034922495999999
2006-07-26,-1.64794176,8.013779712,6.338860416
2006-07-27,-0.9575044991999999,7.155464832,6.099017471999999
2006-07-28,-1.3712924159999997,7.210653696,5.799071231999999
2006-07-29,-0.5054596992,6.083911295999999,5.480514432
2006-07-30,-0.07171638911999999,5.285357568,5.255466623999999
2006-07-31,-0.7434281088,5.426113536,4.717533312
2006-08-01,-2.559257856,6.923221632,4.387986432
2006-08-02,-3.5552597759999998,7.874786304,4.183342848
2006-08-03,-3.369838464,7.46553024,4.08587328
2006-08-04,-2.668142592,6.873393023999999,4.159631232
2006-08-05,0.31079324159999994,3.7265287679999997,3.9360038399999997
2006-08-06,-1.130391936,5.183491967999999,3.8012405759999996
2006-08-07,-1.7453802239999998,5.697609984,3.851152128
2006-08-08,-1.794006144,5.935959936,4.02345792
2006-08-09,-1.1810188799999999,5.462733311999999,4.16492928
2006-08-10,-1.587465216,5.889532031999999,4.227427584
2006-08-11,-0.8604662399999999,5.428052351999999,4.459826303999999
2006-08-12,-1.0882771199999999,5.419882368,4.349417472
2006-08-13,-2.011163904,6.538900608,4.484792448
2006-08-14,-2.474623872,6.887244672,4.636808063999999
2006-08-15,-0.6968187647999999,5.585469696,4.8580508159999995
2006-08-16,-1.590876288,6.211354752,4.5948383999999995
2006-08-17,-0.9774877823999999,5.72723136,4.65372864
2006-08-18,-0.4681639296,4.677046272,4.312393343999999
2006-08-19,-0.1966197888,4.322740608,4.014085248
2006-08-20,-1.4915819519999998,5.710891392,4.141912319999999
2006-08-21,-2.8385199359999995,6.9628896,4.033888128
2006-08-22,-1.12031424,5.328125568,4.085821439999999
2006-08-23,-0.02025202176,4.02859008,4.036355712
2006-08-24,-1.3206551039999999,5.339032704,3.89562048
2006-08-25,-0.6350928767999999,4.288754303999999,3.673444608
2006-08-26,-1.382655744,4.689726336,3.3241985279999997
2006-08-27,-2.9145795839999997,6.186336767999999,3.150379008
2006-08-28,-2.5069409279999997,5.616988416,3.143795328
2006-08-29,-2.14684992,5.456502144,3.3192115199999996
2006-08-30,-1.431447552,4.831612416,3.40557696
2006-08-31,-1.6480972799999998,4.725464831999999,3.0793685760000002
2006-09-01,-0.162523584,2.5608337919999995,2.7245652479999998
2006-09-02,-2.026861056,4.344596352,2.3398398719999998
2006-09-03,-2.7882869759999998,5.302744704,2.515193856
2006-09-04,-2.1065495039999997,4.524698879999999,2.424110976
2006-09-05,-1.9711848959999998,4.441620095999999,2.467024128
2006-09-06,-1.242687744,3.6029318399999997,2.364868224
2006-09-07,0.01699346304,2.093848704,2.108187648
2006-09-08,0.7200835199999999,1.467922176,2.140079616
2006-09-09,-1.543681152,4.293036288,2.6667740159999997
2006-09-10,-2.188757376,5.203128959999999,3.0769320959999997
2006-09-11,-1.469373696,4.44066624,3.0497471999999997
2006-09-12,-3.0831425279999998,6.005155968,3.099503232
2006-09-13,-0.7580169215999999,4.1212177919999995,3.368138112
2006-09-14,-0.5053871232,3.6832527359999996,3.2329704959999996
2006-09-15,-2.701206144,5.521250304,2.8234759679999994
2006-09-16,-1.699916544,3.859166592,2.180825856
2006-09-17,-0.7753967999999999,2.58868224,1.8417818879999999
2006-09-18,-1.82487168,3.7989181439999995,1.9868405759999999
2006-09-19,-1.979790336,4.064961024,2.1066220799999997
2006-09-20,-1.6814615039999998,3.5518279679999996,1.869775488
2006-09-21,-2.288767104,3.8657606399999995,1.5796270079999999
2006-09-22,0.1967514624,1.2546627839999998,1.4471965439999999
2006-09-23,-0.19236165119999998,1.662394752,1.485672192
2006-09-24,-1.0821911039999998,2.7243993599999996,1.6585793279999999
2006-09-25,-1.18656576,2.9847087359999995,1.8154575359999998
2006-09-26,-1.65131136,3.593528064,1.9605473279999999
2006-09-27,-1.922050944,3.8389489919999997,1.937592576
2006-09-28,-1.482302592,3.62859264,2.159726976
2006-09-29,-1.756152576,3.92553216,2.2514526719999997
2006-09-30,-1.0574841599999998,3.418028928,2.36592576
2006-10-01,-1.257389568,3.644227584,2.3857597439999996
2006-10-02,-2.34581184,4.667341824,2.31869952
2006-10-03,-2.1362227199999997,4.21205184,2.077612416
2006-10-04,-2.249462016,4.223695104,2.0596446719999997
2006-10-05,-1.166182272,3.280507776,2.124569088
2006-10-06,-1.505091456,3.58079616,2.087068032
2006-10-07,-1.520208,3.463088256,1.9353738239999998
2006-10-08,0.8134141824,0.7234800767999999,1.5396894719999998
2006-10-09,1.05841728,0.2517319296,1.313532288
2006-10-10,-0.5847313536,1.9541813759999997,1.3728787199999999
2006-10-11,-0.8603117567999999,2.38329216,1.523463552
2006-10-12,-0.7687177344,2.302183296,1.560943872
2006-10-13,-0.9884384639999999,2.5782001919999997,1.586490624
2006-10-14,-0.4024297728,1.935477504,1.5297465599999998
2006-10-15,-1.098157824,2.5932545279999997,1.5036088319999998
2006-10-16,-0.9696081024,2.3842149119999996,1.4119868159999998
2006-10-17,1.151708544,-0.1318612608,1.036240128
2006-10-18,0.8819476991999999,-0.00851181696,0.8819622144
2006-10-19,0.9152517888,0.09795240575999999,1.000029888
2006-10-20,0.720607104,0.359391168,1.047613824
2006-10-21,0.8645719679999999,0.018343687679999998,0.83794176
2006-10-22,0.7616830464,0.1720548864,0.8550997631999999
2006-10-23,0.8968040063999999,0.39796427519999994,1.1711278079999998
2006-10-24,0.8496482687999999,0.465103296,1.1946735359999998
2006-10-25,0.365917824,0.8537716223999999,1.11471552
2006-10-26,0.9574516223999999,0.02232468864,0.9024846336
2006-10-27,0.461966976,0.6518040192,1.0365159168
2006-10-28,0.5997711743999999,0.6223557888,1.1326936319999998
2006-10-29,0.6233054976,0.590867136,1.149469056
2006-10-30,0.40464748799999994,0.7009566336,1.090806912
2006-10-31,0.6728261759999999,0.37387733759999997,1.0495111679999998
2006-11-01,0.6917197824,0.2395236096,0.9375657984
2006-11-02,0.7723216512,0.24031054079999997,1.0338388992
2006-11-03,1.037930112,0.08040311424,1.1380435199999999
2006-11-04,0.9832192127999999,0.1263195648,1.08765504
2006-11-05,0.8395477632,0.253974528,1.095545088
2006-11-06,0.821212992,0.3316660992,1.1508894719999998
2006-11-07,1.0437569279999999,0.2729127168,1.306440576
2006-11-08,1.102439808,0.265711104,1.355180544
2006-11-09,0.835484544,0.3638784384,1.1904226559999997
2006-11-10,0.7602087168,0.09149075711999999,0.8368043904
2006-11-11,0.9961387776,0.043285985279999994,1.0292769791999998
2006-11-12,0.7618935168,0.02659143168,0.784458432
2006-11-13,0.6760153727999999,0.10587801599999999,0.7790919552
2006-11-14,0.6949286784,0.053897633279999996,0.7483715712
2006-11-15,0.6939426815999999,0.02405614464,0.7192996991999999
2006-11-16,0.7166309759999999,0.150325632,0.8650634112
2006-11-17,0.7833687551999999,0.07397277696,0.8601417216
2006-11-18,0.7981244928,0.09712410624,0.9019506815999999
2006-11-19,0.8242580735999999,0.117635328,0.9509280767999999
2006-11-20,0.7921255679999999,0.3091613184,1.1096663039999999
2006-11-21,1.0396512,0.03026139264,1.091937024
2006-11-22,0.9027904896,0.1641679488,1.0794954239999999
2006-11-23,0.799937856,0.21712665599999997,1.0302909696
2006-11-24,0.8508063744,0.05126136191999999,0.9141714431999999
2006-11-25,0.8179698816,0.043530048,0.8698783104
2006-11-26,0.7857990144,-0.005311588607999999,0.7882541567999999
2006-11-27,0.5430872448,0.22382231039999997,0.7752454271999999
2006-11-28,0.45019514879999994,0.10257259392,0.565138944
2006-11-29,0.41224101119999995,-0.10519476479999999,0.3378754944
2006-11-30,0.646942464,-0.13727231999999998,0.51998112
2006-12-01,0.6227767296,-0.1404978048,0.49234417919999995
2006-12-02,0.44888670719999996,-0.18152812799999998,0.32912179199999997
2006-12-03,0.22284875519999997,0.2389181184,0.46952732159999994
2006-12-04,0.45549216,0.13807480319999998,0.5957981568
2006-12-05,0.7145905536,-0.13921632,0.5740834175999999
2006-12-06,0.5910340608,-0.0675521856,0.5104736639999999
2006-12-07,0.6519864959999999,-0.06662186496,0.5776427519999999
2006-12-08,0.5558461055999999,0.06798815999999999,0.6509797632000001
2006-12-09,0.5659735679999999,0.06486241536,0.6209250048
2006-12-10,0.5640150528,0.012481724159999999,0.5802223103999999
2006-12-11,0.6006908160000001,-0.0983918016,0.49758105599999997
2006-12-12,0.6546479615999999,-0.1570866048,0.497306304
2006-12-13,0.45714170879999994,0.09750803327999999,0.5557838976
2006-12-14,0.49989208319999995,0.11243577599999999,0.6121951488
2006-12-15,0.4606595712,0.194835456,0.6559097472
2006-12-16,0.5748195456,-0.01894658688,0.5463282815999999
2006-12-17,0.47617217279999996,-0.09703421568,0.38590007039999996
2006-12-18,0.5204818944,-0.09808127999999999,0.42427825919999995
2006-12-19,0.5046966144,0.0419795136,0.5422785408
2006-12-20,0.44776903679999996,-0.019062086399999997,0.4292808192
2006-12-21,0.4632660864,0.0273362688,0.4887972864
2006-12-22,0.4797408384,0.08524165248,0.5504505984
2006-12-23,0.46236821759999996,0.07317174527999999,0.5293848959999999
2006-12-24,0.5129951615999999,-0.04928967936,0.451972224
2006-12-25,0.5486517504,0.006903812735999999,0.5512572287999999
2006-12-26,0.5860366847999999,0.010865145599999999,0.5912331263999999
2006-12-27,0.5721342335999999,0.006831070848,0.5734157183999999
2006-12-28,0.4595833728,0.002026964736,0.4603526784
2006-12-29,0.43254362879999997,-0.07069400064,0.3649929984
2006-12-30,0.4780664064,-0.037208056319999995,0.4396799232
2006-12-31,0.45244915199999997,-0.02823921792,0.4239900288
2007-01-01,0.5082072192,0.16561532159999998,0.6776483327999999
2007-01-02,0.4591862784,0.24115242239999998,0.704593728
2007-01-03,0.630612864,0.07460895744,0.7570371456
2007-01-04,0.6366190464,0.053829515519999996,0.6974885376
2007-01-05,0.4933436544,0.05311049471999999,0.4668274944
2007-01-06,0.44776488959999994,0.06609869568,0.5069609855999999
2007-01-07,0.888506496,-0.42313674239999993,0.46192343039999995
2007-01-08,0.8185992192,-0.08052545663999999,0.7374094847999999
2007-01-09,0.6917135616,0.17558208,0.8675361792
2007-01-10,0.7847217792,0.11523513599999999,0.8990548991999999
2007-01-11,0.6398383103999999,0.125489088,0.7599858047999999
2007-01-12,0.9362418048,-0.286478208,0.6345184896
2007-01-13,0.39463614719999995,0.17031824639999998,0.5601871871999999
2007-01-14,0.7548297984,-0.226665216,0.31531887359999994
2007-01-15,0.5987136383999999,-0.08408873087999999,0.3705803136
2007-01-16,0.6161889024,-0.0976499712,0.5143481856
2007-01-17,0.5556895488,-0.11853734399999999,0.4323621888
2007-01-18,0.2772361728,0.1619191296,0.4329749376
2007-01-19,0.5802202367999999,0.009494952191999998,0.5805499392
2007-01-20,0.5256119807999999,0.009277006463999999,0.5221770624
2007-01-21,0.528762816,-0.14463671039999998,0.3822816384
2007-01-22,0.3335810688,0.1579118976,0.47634013439999995
2007-01-23,0.5599456127999999,0.05332863743999999,0.5957639424
2007-01-24,0.6836431104,-0.04520676096,0.620778816
2007-01-25,0.6574483584,0.0227981952,0.6475572864
2007-01-26,0.7162141823999999,-0.1226503296,0.5823788543999999
2007-01-27,0.3849420672,0.017923368959999998,0.3896885376
2007-01-28,0.3874407552,0.13566839039999998,0.5180609664
2007-01-29,0.38004526079999995,0.12462958079999999,0.5010678144
2007-01-30,0.524029824,-0.052371463679999994,0.46118004479999997
2007-01-31,0.1815934464,0.19325640959999998,0.3759001344
2007-02-01,0.1951288704,0.05462287487999999,0.3013593984
2007-02-02,-0.007212177792,0.2577930624,0.3005289216
2007-02-03,0.4958019072,0.04157588736,0.5404102272
2007-02-04,0.45689183999999994,0.2526920064,0.710135424
2007-02-05,0.6685504127999999,0.15240545279999998,0.8249651711999999
2007-02-06,0.6635343744,0.2070510336,0.8797859711999999
2007-02-07,0.6944870016,0.1065073536,0.8086708224
2007-02-08,0.650016576,0.07884470015999999,0.7364276351999999
2007-02-09,0.5765945471999999,0.098226432,0.6828147072
2007-02-10,0.4809165696,0.1695717504,0.660016512
2007-02-11,0.566548992,0.06741750528,0.6449621759999999
2007-02-12,0.425736,0.09299328768,0.5274294911999999
2007-02-13,0.24762723839999998,0.1045260288,0.41329751039999996
2007-02-14,0.114452352,0.23016234239999997,0.37156423679999995
2007-02-15,0.2198503296,0.1655468928,0.39999640319999996
2007-02-16,0.4043084544,0.044529419519999995,0.4550349312
2007-02-17,0.27259545599999996,0.17133845759999997,0.4496694912
2007-02-18,0.5109205247999999,0.06517387008,0.5865872256
2007-02-19,0.40585536,0.1745836416,0.5887012608
2007-02-20,0.4339972224,0.1309623552,0.56917728
2007-02-21,0.5648558976,0.09114280704,0.6619491071999999
2007-02-22,0.6159504384,0.09827236224,0.7211908224
2007-02-23,0.6219649152,0.045080375039999995,0.6718464
2007-02-24,0.3639676032,0.0833944896,0.4687134336
2007-02-25,0.3407692032,0.16742453759999998,0.5076763776
2007-02-26,0.2993998464,0.21010855679999998,0.5071673087999999
2007-02-27,0.5405222016,0.04996588032,0.5868433152
2007-02-28,0.3866673024,0.04815241344,0.4276395648
2007-03-01,0.49036907519999995,-0.1397336832,0.343989504
2007-03-02,0.4949610624,-0.16564020479999997,0.3237905664
2007-03-03,0.4748056704,-0.046156677119999996,0.4255721856
2007-03-04,0.61425216,0.0514905984,0.6619926528
2007-03-05,0.6453623808,0.05261469696,0.7053257087999999
2007-03-06,0.5874145919999999,0.10285688448,0.6912946943999999
2007-03-07,0.6521658624,0.01478445696,0.6647619456
2007-03-08,0.6073273728,0.01877271552,0.6209146367999999
2007-03-09,0.6403328639999999,-0.002709127296,0.61075296
2007-03-10,0.7101343872,-0.07945952256,0.6057348479999999
2007-03-11,0.7008519168,0.02931064704,0.7082992511999999
2007-03-12,0.8797849343999999,0.05391391104,0.923923584
2007-03-13,0.972160704,0.04719119616,1.0089909503999999
2007-03-14,1.0276533504,-0.0033319019519999996,1.0079168256
2007-03-15,0.7942582656,0.1740859776,0.9555646463999999
2007-03-16,0.8880990336,0.21325628159999999,1.113865344
2007-03-17,0.726262848,0.4861119744,1.2680893439999998
2007-03-18,0.8436752639999999,0.44045856,1.329841152
2007-03-19,0.6670200959999999,0.5349483648,1.246845312
2007-03-20,0.4404865536,0.8666766719999999,1.3639103999999997
2007-03-21,0.017108651519999997,1.229344128,1.286316288
2007-03-22,0.256623552,1.049946624,1.33596864
2007-03-23,0.3985656192,0.8841685248,1.298011392
2007-03-24,1.2064515839999999,-0.01289478528,1.1941551359999998
2007-03-25,-0.1941470208,1.529570304,1.3267825919999998
2007-03-26,0.028173588479999997,1.3402713599999998,1.3480266239999998
2007-03-27,0.20394167039999997,1.127685888,1.311634944
2007-03-28,-0.5133124224,1.7057640959999998,1.1754512639999999
2007-03-29,0.9552546432,-0.08607005568,0.854286912
2007-03-30,0.8076112128,0.08751753216,0.9252652031999999
2007-03-31,0.9591913728,0.11240363519999999,1.074311424
2007-04-01,0.4844748672,0.8219325312,1.305662976
2007-04-02,-0.17073918719999998,1.6087403519999999,1.441608192
2007-04-03,0.04677647616,1.2854764799999998,1.32959232
2007-04-04,0.41910151679999996,1.0552031999999998,1.475947008
2007-04-05,0.2604928896,1.124865792,1.3796697599999999
2007-04-06,0.7357713408,0.3282768,1.061434368
2007-04-07,0.7806419711999999,0.1815187968,0.963150912
2007-04-08,0.9415253375999999,0.3128222592,1.2615160319999998
2007-04-09,0.5574790655999999,0.7440667776,1.3468446719999998
2007-04-10,0.9457502976,-0.005126893056,0.9571623552
2007-04-11,0.7047865728,0.14720590079999998,0.869164992
2007-04-12,1.040884992,-0.1354537728,0.9246773375999999
2007-04-13,0.9621182592,-0.06488771328,0.9116188416
2007-04-14,0.7315785216,0.45931380479999995,1.2037351680000001
2007-04-15,0.7629147648,0.6644125439999999,1.4375232
2007-04-16,1.112766336,0.19732895999999997,1.323827712
2007-04-17,0.8955816191999999,0.40264231679999996,1.3177727999999997
2007-04-18,0.7796559743999999,0.7101924479999999,1.4855685119999997
2007-04-19,0.9493334783999999,0.3613206528,1.300219776
2007-04-20,0.33414716159999996,1.265331456,1.604126592
2007-04-21,0.6706457856,0.80652672,1.4754908159999998
2007-04-22,0.43276757759999995,0.9892046591999999,1.4182490879999998
2007-04-23,0.1746427392,1.208120832,1.3836614399999998
2007-04-24,0.25507146239999995,0.9923907456,1.240458624
2007-04-25,0.1581721344,1.101019392,1.252018944
2007-04-26,-0.5461053696,2.0944085759999997,1.384781184
2007-04-27,-1.73290752,3.128326272,1.411561728
2007-04-28,-1.2179807999999999,2.696830848,1.566407808
2007-04-29,-1.323827712,3.0124223999999997,1.6679519999999999
2007-04-30,-1.74348288,3.5058458879999996,1.701886464
2007-05-01,-1.921874688,3.5981314559999995,1.65665088
2007-05-02,-2.63362752,4.417203455999999,1.784560896
2007-05-03,-2.6881632,4.530432384,1.8819267839999998
2007-05-04,-0.5599767168,2.1897423359999997,1.624935168
2007-05-05,-0.35079920639999995,1.9403711999999997,1.568616192
2007-05-06,-0.286550784,1.7969921279999999,1.4479326719999999
2007-05-07,-0.563640768,2.0643517439999997,1.416445056
2007-05-08,-1.3856313599999999,3.0826137599999996,1.561286016
2007-05-09,-2.679619968,4.453377408,1.620393984
2007-05-10,-2.468185344,4.261953024,1.622788992
2007-05-11,-2.3886420479999995,4.328629632,1.750056192
2007-05-12,-2.289389184,4.269293567999999,1.784757888
2007-05-13,-3.21376896,5.18674752,1.822777344
2007-05-14,-2.800262016,4.600136448,1.671881472
2007-05-15,-1.9188679679999998,3.462580224,1.434744576
2007-05-16,-4.253845247999999,5.987799935999999,1.6042510079999999
2007-05-17,-3.499428096,5.139179135999999,1.5814828799999998
2007-05-18,-4.516891776,6.20851392,1.639844352
2007-05-19,-3.8815511039999997,5.516895744,1.6013376
2007-05-20,-3.0318727679999995,4.6233504,1.579067136
2007-05-21,-4.895551872,6.488854271999999,1.60175232
2007-05-22,-3.400206336,4.725910655999999,1.36437696
2007-05-23,-1.913393664,3.0992129279999996,1.2671769599999998
2007-05-24,-4.153845887999999,5.470955136,1.36116288
2007-05-25,-3.8050041599999997,5.324320512,1.561897728
2007-05-26,-4.0532555519999995,5.607709055999999,1.5965268479999999
2007-05-27,-4.579949952,6.239503871999999,1.696951296
2007-05-28,-4.5838483199999995,6.27616512,1.721253888
2007-05-29,-2.443436928,3.8897003519999998,1.454516352
2007-05-30,-3.9143969279999995,5.35450176,1.4160614399999998
2007-05-31,-4.394404224,6.365091456,1.949349888
2007-06-01,-3.175832448,5.291256959999999,2.249254656
2007-06-02,-4.285954943999999,6.531020928,2.405334528
2007-06-03,-2.746255104,4.919781888,2.3674291199999997
2007-06-04,-3.176765568,5.2867779839999995,2.441985408
2007-06-05,-2.245107456,4.765060224,2.6330261759999996
2007-06-06,-3.75383808,6.057348479999999,2.4018819839999996
2007-06-07,-2.745560448,4.647725567999999,1.9373437439999999
2007-06-08,-4.015847808,6.219006336,2.211525504
2007-06-09,-2.763911808,5.289193728,2.561092992
2007-06-10,-2.2130910719999997,5.039169408,2.734176384
2007-06-11,-1.2109823999999998,4.158729216,2.8455079679999997
2007-06-12,0.8746900991999998,1.645173504,2.590227072
2007-06-13,-3.9997255679999997,6.614504064,2.666141568
2007-06-14,-1.9411902719999998,4.873447296,2.9892188159999997
2007-06-15,-1.0984066559999999,4.261590144,3.2235252479999996
2007-06-16,-0.9343340928,4.335596927999999,3.423969792
2007-06-17,-0.7942696704,4.6274976,3.836305152
2007-06-18,-2.232354816,6.114051072,3.7902193919999996
2007-06-19,-1.721844864,6.132029184,4.284824832
2007-06-20,-0.872954496,5.457445632,4.470857855999999
2007-06-21,-1.242718848,5.808350592,4.436985599999999
2007-06-22,-1.334060928,5.825654783999999,4.432755456000001
2007-06-23,-0.7882956287999999,5.6354745600000005,4.814650368
2007-06-24,-0.8791721856,6.008504831999999,5.134430591999999
2007-06-25,-1.0169546112,6.014642688,5.021263872
2007-06-26,-0.2151163008,4.404108672,4.21117056
2007-06-27,-0.1662571008,4.0401504,3.8752473599999995
2007-06-28,-2.083625856,5.937774336,3.87514368
2007-06-29,-1.899085824,5.66201664,3.803334912
2007-06-30,-2.129493888,5.790776832,3.6760988159999997
2007-07-01,-0.9824519808,4.623920640000001,3.657685248
2007-07-02,-1.121745024,4.796983296,3.7173323519999997
2007-07-03,-1.1024294399999999,4.7655267839999995,3.6500232959999996
2007-07-04,-2.969799552,6.669050112,3.668675328
2007-07-05,-3.321886464,7.348931712,4.001073408
2007-07-06,-2.64010752,7.099560576,4.455326592
2007-07-07,-1.200002688,5.927116032,4.731986303999999
2007-07-08,-2.5320418559999998,7.46967744,4.9214200319999994
2007-07-09,-1.4989017599999999,6.894699264,5.380929792
2007-07-10,-1.936669824,7.288942464,5.243076864
2007-07-11,-1.6250906879999998,7.202825856,5.612602751999999
2007-07-12,-1.4380934399999998,6.7838757119999995,5.354760959999999
2007-07-13,-2.1675755519999997,7.434882431999999,5.305471488
2007-07-14,-1.9585774079999998,7.202369663999999,5.216638464
2007-07-15,-1.34208576,6.752512511999999,5.34631104
2007-07-16,-0.3656503296,5.860916352,5.3191054079999995
2007-07-17,0.6359202432,4.530981888,5.0257117440000005
2007-07-18,-0.5137530624,5.561872128,4.869414143999999
2007-07-19,-0.7561651967999999,5.498088192,4.754308608
2007-07-20,-1.3259013119999998,6.465723263999999,4.984239744
2007-07-21,-0.0844426944,5.548995071999999,5.151465215999999
2007-07-22,0.3304291968,5.330054015999999,5.401095551999999
2007-07-23,-0.690799104,6.231136896,5.3503545599999995
2007-07-24,-0.6038188416,6.3741841919999995,5.528932992
2007-07-25,0.6579263231999999,4.939978752,5.41225152
2007-07-26,-0.123316992,5.330707199999999,5.20903872
2007-07-27,1.820475648,3.3337578239999996,5.18939136
2007-07-28,0.7373731967999999,4.59634176,5.277197951999999
2007-07-29,-1.6750851839999998,7.234831872,5.470115328
2007-07-30,-2.22248448,7.930462464,5.686744319999999
2007-07-31,-2.3387719679999996,8.40601152,5.969303424
2007-08-01,-1.425993984,7.360149888,5.978406528
2007-08-02,0.03507992064,5.863891968,5.844192767999999
2007-08-03,-0.7483891967999999,6.931619712,6.099380351999999
2007-08-04,-1.50045696,7.4965720319999996,5.920636032
2007-08-05,-1.100573568,6.7789198079999995,5.7031776
2007-08-06,-1.55245248,6.980629248,5.384817792
2007-08-07,-0.7272540287999999,5.895970559999999,5.149578239999999
2007-08-08,-1.4690004479999998,6.751320192,5.182382592
2007-08-09,-1.215990144,6.645566592,5.307835391999999
2007-08-10,-1.452110976,6.996036096,5.424931583999999
2007-08-11,-1.217275776,6.702279551999999,5.40177984
2007-08-12,-1.160894592,6.828395904,5.577496704
2007-08-13,0.1680279552,5.6169469439999995,5.841144576
2007-08-14,0.8531640575999999,5.02583616,5.860149119999999
2007-08-15,-0.3028669056,6.030277631999999,5.85911232
2007-08-16,-1.335439872,7.2692121599999995,6.119131391999999
2007-08-17,-2.13757056,8.186458752,6.341048064
2007-08-18,-0.4922166528,6.5475993599999995,6.253448831999999
2007-08-19,-0.8291476224,6.797841408,6.177897216
2007-08-20,0.2513058048,5.613307775999999,5.970122495999999
2007-08-21,0.14104523519999998,5.458295808,5.7402950399999995
2007-08-22,-1.074155904,6.101744255999999,5.185140479999999
2007-08-23,-0.7187273855999999,5.033176703999999,4.3470432
2007-08-24,-1.6541625599999998,5.815348992,4.204607616
2007-08-25,-0.534822912,4.93350912,4.4814124799999995
2007-08-26,0.34632437759999996,4.267012608,4.484118528
2007-08-27,0.1129458816,4.266027648,4.168329984
2007-08-28,-1.385880192,5.469980543999999,4.00977216
2007-08-29,-0.8926796159999999,4.926438144,3.942494208
2007-08-30,-1.716743808,5.928536448,4.060502784
2007-08-31,-1.0307596032,5.1959750399999995,4.0985844479999995
2007-09-01,-1.648708992,5.92230528,4.021218432
2007-09-02,-0.8474554367999999,5.178898943999999,4.0296268799999995
2007-09-03,-0.6665836032,5.008096511999999,4.00624704
2007-09-04,-0.652048704,4.70738304,3.97737216
2007-09-05,-1.0658096639999999,5.17762368,3.9244331519999998
2007-09-06,-1.877167872,5.842336896,3.8286432
2007-09-07,-2.01953088,5.939080703999999,3.870872064
2007-09-08,-1.435522176,5.285741184,3.9432821759999994
2007-09-09,-0.8220237695999999,4.484481408,3.8719607039999997
2007-09-10,-1.717801344,5.2428384,3.6110188799999996
2007-09-11,-1.2691468799999999,5.177551104,4.009492224
2007-09-12,-1.204149888,5.10084864,4.101912575999999
2007-09-13,-0.8221367808,4.605061247999999,3.934469376
2007-09-14,-1.3172129279999998,5.010087167999999,3.846185856
2007-09-15,-1.135524096,4.777719552,3.8309034239999997
2007-09-16,-1.103010048,4.6597835519999995,3.6215735039999997
2007-09-17,-0.9672742656,4.131855359999999,3.206086272
2007-09-18,-1.917167616,4.952420352,3.074620032
2007-09-19,-1.549165824,4.723868159999999,3.1653400319999996
2007-09-20,-1.3255799039999998,4.558737024,3.204603648
2007-09-21,-1.198343808,4.270693248,3.028482432
2007-09-22,-1.1453011199999998,4.038968447999999,2.97063936
2007-09-23,-0.9463993343999999,3.629090304,2.629179648
2007-09-24,0.08044572672,2.046705408,2.074595328
2007-09-25,-2.066560128,4.133192832,2.0055859199999997
2007-09-26,-2.4628769279999996,4.596715007999999,2.092023936
2007-09-27,-1.858090752,4.041166464,2.1637497599999995
2007-09-28,-2.297870208,4.574330496,2.266455168
2007-09-29,-2.63523456,4.809570048,2.173848192
2007-09-30,-1.0224081792,2.966823936,1.9360062719999998
2007-10-01,-1.602664704,3.85124544,2.216346624
2007-10-02,-1.2600334079999997,3.2171592959999997,1.918836864
2007-10-03,-1.429011072,3.59909568,2.180214144
2007-10-04,-1.1979705600000001,3.385711872,2.203542144
2007-10-05,-1.607330304,3.7433975039999994,2.138358528
2007-10-06,-0.7822334591999999,2.767385088,1.9897125119999999
2007-10-07,-0.6766084224,2.07634752,1.394972928
2007-10-08,-0.6227300736,2.171121408,1.521597312
2007-10-09,-1.0288923263999998,2.367398016,1.5532300799999998
2007-10-10,-0.3785273856,1.861252992,1.5022298879999998
2007-10-11,-1.048495104,2.503934208,1.469705472
2007-10-12,-0.40325195519999996,1.83845376,1.446159744
2007-10-13,-0.1203113088,1.406512512,1.2814122239999999
2007-10-14,0.8446166783999999,0.2765135232,1.1119161599999998
2007-10-15,-0.21015728639999998,1.3872384,1.166845824
2007-10-16,-1.390110336,2.6877173759999997,1.287062784
2007-10-17,-0.5208976512,1.6780815359999999,1.144233216
2007-10-18,0.9024846336,0.13338639359999999,1.0251297791999998
2007-10-19,0.5566962816,0.8245577087999999,1.3803333119999999
2007-10-20,-0.6740641152,2.1274202879999997,1.4581140479999999
2007-10-21,0.9705422591999999,0.016404664319999998,0.9836754047999999
2007-10-22,0.7382555136,0.3985987968,1.136633472
2007-10-23,-0.5251174272,1.965129984,1.4508979199999998
2007-10-24,0.2468060928,1.275502464,1.531415808
2007-10-25,-0.1295284608,1.6041473279999998,1.4828624639999999
2007-10-26,-0.4179786623999999,1.660621824,1.250028288
2007-10-27,-0.6045767424,1.8287285759999998,1.220904576
2007-10-28,-0.33886045439999996,1.5459932159999998,1.2508266239999999
2007-10-29,-0.6625266047999999,1.94083776,1.25416512
2007-10-30,-0.5216679936,1.684271232,1.1741137919999998
2007-10-31,0.42915121919999993,0.5089423103999999,0.9386969472
2007-11-01,-0.03735963648,1.070941824,1.0371836159999999
2007-11-02,0.4930792704,0.4525860096,0.9265715712
2007-11-03,0.28125584639999995,0.7522035839999999,1.0166041728
2007-11-04,0.2468371968,0.8282145023999999,1.1027093759999997
2007-11-05,0.19454722559999998,0.8344000512,1.109552256
2007-11-06,0.39425356799999994,0.7461144576000001,1.151324928
2007-11-07,0.2315454336,0.9001487232000001,1.173180672
2007-11-08,0.3865771008,0.787879872,1.193336064
2007-11-09,0.146582784,1.0373495039999998,1.19843712
2007-11-10,0.25262565119999997,0.8858553983999999,1.1436111359999999
2007-11-11,0.16806216959999998,0.8931917951999999,1.0715742719999999
2007-11-12,0.5302205568,0.42380962559999996,0.9498176639999999
2007-11-13,0.07844729472,0.9298665216,1.004203008
2007-11-14,0.6755830272,0.13657870079999998,0.8065702656
2007-11-15,0.4841534592,0.448561152,0.9188525952
2007-11-16,0.40038001919999994,0.49194604799999997,0.8889450623999999
2007-11-17,0.4833686016,0.36835741439999997,0.8508976128
2007-11-18,0.3766217472,0.5476522751999999,0.9038293632
2007-11-19,0.5723851392,0.39556200959999993,0.9703452671999999
2007-11-20,0.5495703552,0.206898624,0.7549137791999999
2007-11-21,0.392356224,0.06776410751999999,0.4550090112
2007-11-22,0.3255417216,0.1840931712,0.5057510399999999
2007-11-23,0.2943806976,0.17878371839999999,0.46531169279999995
2007-11-24,0.4315700736,0.1550295936,0.5496107903999999
2007-11-25,0.4849922304,0.13203440639999997,0.6172972416
2007-11-26,0.5685272063999999,-0.01548574848,0.5528694528
2007-11-27,0.6023289599999999,-0.0061882341119999995,0.5978116224
2007-11-28,0.1987867008,0.18157167359999998,0.378369792
2007-11-29,0.288873216,0.2025565056,0.49185791999999995
2007-11-30,0.4001249664,0.1339991424,0.5359820544
2007-12-01,0.7849872,-0.26749958399999996,0.5191962623999999
2007-12-02,0.2254438656,0.15864802559999996,0.383522688
2007-12-03,0.5633463168,-0.05558367744,0.5119894656
2007-12-04,0.5146892928,0.0042825024,0.5257944576
2007-12-05,0.49551263999999995,-0.030827692799999997,0.4716102528
2007-12-06,0.34527306239999994,0.06913983744,0.4206390912
2007-12-07,0.383361984,0.051575201279999996,0.44440254719999994
2007-12-08,0.36880634879999996,0.028861505279999998,0.40758370559999996
2007-12-09,0.41074387199999995,-0.02614685184,0.3957952896
2007-12-10,0.24628458239999998,0.17309479679999998,0.4343601024
2007-12-11,0.476813952,-0.15942562559999998,0.32498081279999996
2007-12-12,0.3607089408,0.09971123327999999,0.4710275712
2007-12-13,0.4824344448,0.0043848449279999995,0.4947474815999999
2007-12-14,0.5990858495999999,-0.235467648,0.36477838079999997
2007-12-15,0.4199703552,-0.0189879552,0.3998232575999999
2007-12-16,0.4312756224,0.09539005823999999,0.5248945152
2007-12-17,0.5458295808,0.027621803519999998,0.5691088512
2007-12-18,0.3761448192,0.1684685952,0.5363739648
2007-12-19,0.5335860095999999,-0.012734496,0.5086291968
2007-12-20,0.41756083199999994,0.1268825472,0.524371968
2007-12-21,0.3620827008,0.08227598976,0.41975884799999996
2007-12-22,0.5134275072,-0.1757821824,0.3114505728
2007-12-23,0.3303047808,0.06150888576,0.35645183999999996
2007-12-24,0.4689436032,0.08735309567999999,0.500769216
2007-12-25,0.40622031359999994,-0.03342321792,0.32713009919999997
2007-12-26,0.2322753408,0.1253117952,0.3072359808
2007-12-27,0.22042886399999997,0.03378163968,0.2127731328
2007-12-28,0.16881073919999998,0.08462714112,0.20765134079999997
2007-12-29,0.30092808959999995,-0.004340832768,0.2387511936
2007-12-30,0.3114433152,0.00253642752,0.2617961472
2007-12-31,0.190159488,-0.01635645312,0.16224883199999998
2008-01-01,0.1981449216,0.03270201984,0.24087559679999998
2008-01-02,0.3232296576,0.1845327744,0.4959418752
2008-01-03,0.45130763519999995,0.0708321024,0.5072823935999999
2008-01-04,0.4016801664,0.031924730879999995,0.432247104
2008-01-05,0.4740695424,-0.00270988416,0.4757688576
2008-01-06,0.44316979199999995,-0.06165113471999999,0.386913024
2008-01-07,0.28032272639999994,-0.0030078190079999997,0.29246469119999996
2008-01-08,0.27127249919999996,0.03907346688,0.32368584959999996
2008-01-09,0.3561024384,0.05332542335999999,0.41629282559999997
2008-01-10,0.4040005248,-0.08524497024,0.3323120256
2008-01-11,0.35326886399999996,0.01841854464,0.3813910272
2008-01-12,0.22668491519999998,0.12150466559999999,0.36011796479999997
2008-01-13,0.3375209088,0.040590201599999993,0.3866911488
2008-01-14,0.32112495359999993,0.22219349759999998,0.532298304
2008-01-15,0.6355449215999999,-0.16250803199999997,0.4672629504
2008-01-16,0.31777505279999996,-0.220796928,0.1135296
2008-01-17,0.1870065792,-0.01483256448,0.1901511936
2008-01-18,0.39452728319999997,-0.1887950592,0.22558694399999998
2008-01-19,0.06291385344,0.2071018368,0.2889686016
2008-01-20,0.2468112768,0.22129459199999998,0.4797418752
2008-01-21,0.31891553279999996,0.05728226688,0.39177146879999997
2008-01-22,0.2478076416,0.02051713152,0.2894610816
2008-01-23,0.3220311168,-0.06619615488,0.2773408896
2008-01-24,0.28982603519999994,0.07407873792,0.3995267328
2008-01-25,0.24131831039999999,0.039809387519999996,0.29941228799999997
2008-01-26,0.284513472,0.052966379519999995,0.3497157504
2008-01-27,0.15101095679999998,0.3603947904,0.5033736576
2008-01-28,0.6676712064,-0.32354691839999994,0.3498930432
2008-01-29,0.08216940671999999,0.06194361599999999,0.1614670848
2008-01-30,0.40887244799999994,-0.212808384,0.21559426559999997
2008-01-31,0.1088494848,0.1258540416,0.2527500672
2008-02-01,0.24205547519999998,0.0934452288,0.3510542592
2008-02-02,0.41895740159999995,-0.16403420159999998,0.2732289408
2008-02-03,0.09790585344,0.30797729279999997,0.412397568
2008-02-04,0.27934917119999997,0.024461118719999998,0.31903372799999996
2008-02-05,0.3937673088,-0.1889422848,0.2226600576
2008-02-06,0.33474539519999996,-0.09599295743999998,0.2516852736
2008-02-07,0.1104959232,0.06736722047999999,0.20331129599999997
2008-02-08,0.1623504384,-0.007564275071999999,0.16531776
2008-02-09,0.09571136256,0.09855167616,0.1982807424
2008-02-10,0.3460392576,-0.1200220416,0.2255993856
2008-02-11,0.347913792,-0.170019648,0.1813093632
2008-02-12,0.11814750719999999,0.04103053055999999,0.1631000448
2008-02-13,0.1352754432,0.10165315968,0.24926227199999998
2008-02-14,0.19290078719999998,-0.03745325952,0.1707651072
2008-02-15,0.24739706879999998,0.051510815999999994,0.2938094208
2008-02-16,0.3585638016,-0.03655549439999999,0.3167952768
2008-02-17,0.3641106816,-0.175566528,0.1993258368
2008-02-18,0.139330368,0.1069956864,0.2529283968
2008-02-19,0.31934165759999994,0.1186959744,0.42403979519999996
2008-02-20,0.4245042816,0.01037390976,0.41855304959999995
2008-02-21,0.3553238016,-0.030879947519999996,0.3217107456
2008-02-22,0.2271203712,0.11982608639999999,0.3426043392
2008-02-23,0.3266500608,0.007227688319999999,0.33239808
2008-02-24,0.3893681664,0.030825619199999998,0.40947690239999995
2008-02-25,0.351444096,-0.049247377919999995,0.3067517952
2008-02-26,0.28553679359999995,0.02994060672,0.3213001728
2008-02-27,0.33581952,0.13969117439999998,0.46957501439999993
2008-02-28,0.5191433856,-0.014568491519999999,0.5002891776
2008-02-29,0.4750638336,0.1305144576,0.5950879487999999
2008-03-01,0.7322856191999999,0.033529800959999995,0.7379392896
2008-03-02,0.5140952064,-0.1705981824,0.361138176
2008-03-03,0.3993432192,-0.027674784,0.39831989760000003
2008-03-04,0.4173731712,-0.02022651648,0.41781795839999997
2008-03-05,0.2747354112,-0.0033984230399999996,0.3008088576
2008-03-06,0.3145837824,-0.02306029824,0.30370463999999997
2008-03-07,0.42339386879999996,0.06231126528,0.5001554304
2008-03-08,0.5903062272,-0.05160630528,0.5499850752000001
2008-03-09,0.49981432319999997,0.012213711359999999,0.5237685504
2008-03-10,0.6303858048,-0.01415086848,0.6159566592
2008-03-11,0.5492354688,0.2199913344,0.747444672
2008-03-12,0.6778588032,-0.06725897856,0.60655392
2008-03-13,0.35135596799999996,0.1643732352,0.5214036096
2008-03-14,0.3970280448,0.04026008448,0.44974310399999995
2008-03-15,0.45771091199999997,-0.057043906559999996,0.4156282368
2008-03-16,0.4352310144,-0.004790098944,0.44360317439999997
2008-03-17,0.46513232639999996,-0.07827414912,0.40235927039999997
2008-03-18,0.3366769536,0.0324824256,0.38441018879999994
2008-03-19,0.34478472959999995,0.14884611839999998,0.496233216
2008-03-20,0.5169992832,-0.008482319999999998,0.5082891264
2008-03-21,0.3833744256,0.027302572799999997,0.4208246784
2008-03-22,0.4002483456,-0.08623822463999999,0.330941376
2008-03-23,0.123529536,0.22009501439999998,0.3580765056
2008-03-24,0.417835584,0.10325418624,0.5223667968
2008-03-25,0.43215793919999995,0.1498321152,0.5786256384
2008-03-26,0.5520120192,0.05338566144,0.6011138304
2008-03-27,0.6118229376000001,-0.1915291008,0.4347105408
2008-03-28,0.5091849216,-0.08294379263999999,0.43944664319999993
2008-03-29,0.46230082559999996,0.09110444543999999,0.5531804927999999
2008-03-30,0.5208084863999999,-0.10750890239999998,0.4220532864
2008-03-31,0.33012437759999996,0.0219469824,0.36509978879999994
2008-04-01,0.38670047999999996,-0.02554944768,0.3710333952
2008-04-02,0.5701529087999999,-0.0047936240639999995,0.55893888
2008-04-03,0.538208064,-0.05054026752,0.4841607168
2008-04-04,0.5230894464,0.1189717632,0.6320104703999999
2008-04-05,0.6287808384,0.07769291903999999,0.6923439359999999
2008-04-06,0.5092574975999999,0.05943953664,0.5695111296
2008-04-07,0.5720637312,-0.01906799616,0.5535143424
2008-04-08,0.4881658752,0.1123953408,0.595636416
2008-04-09,0.6197824512,0.0911627136,0.6953340671999999
2008-04-10,0.5411826432,0.03750841728,0.5840470656
2008-04-11,0.5457632255999999,-0.050170129919999994,0.5191910783999999
2008-04-12,0.47270200319999994,0.07670412287999999,0.5757070464
2008-04-13,0.7087512959999999,0.19587743999999999,0.9107842176
2008-04-14,0.814644864,0.34802369279999995,1.1456847359999998
2008-04-15,1.127706624,0.1817779968,1.274351616
2008-04-16,0.8030181888,-0.15770039039999997,0.6866840447999999
2008-04-17,0.5982657408,-0.018770227199999996,0.6269560704
2008-04-18,0.7937502335999999,0.2046560256,0.9968707584
2008-04-19,0.9972170495999999,0.38498457599999997,1.3310231039999998
2008-04-20,0.6347922048,0.6427734912,1.239048576
2008-04-21,0.6829785215999999,0.257338944,0.9688823423999999
2008-04-22,0.7462990079999999,0.5164642944,1.230204672
2008-04-23,0.9347560704,0.6163827839999999,1.4876421119999998
2008-04-24,-0.1406087424,1.383588864,1.2431439359999998
2008-04-25,0.7205106816,0.09170247168,0.8449515648
2008-04-26,0.8398225152,-0.06362903807999999,0.8139232512
2008-04-27,0.8273871359999999,0.27243682559999993,1.1126211839999998
2008-04-28,0.5868205056,0.8659913472,1.4334589439999998
2008-04-29,0.7061675904,0.9423247103999999,1.6089269759999998
2008-04-30,0.4909434624,1.141340544,1.59677568
2008-05-01,1.0067473152,-0.1779076224,0.8766527615999999
2008-05-02,0.7194552191999999,0.0731389824,0.8428261248
2008-05-03,0.41573295359999995,0.7699048703999999,1.2143208959999998
2008-05-04,0.2149846272,1.2734496,1.4946819839999999
2008-05-05,0.5345906688,1.2638280960000001,1.778381568
2008-05-06,0.0212295168,1.886799744,1.8835234559999998
2008-05-07,0.18653068799999997,1.39133376,1.596993408
2008-05-08,-0.53238539519999994,1.9945854719999998,1.4989017599999999
2008-05-09,-1.776847104,3.445255296,1.686210048
2008-05-10,0.985856832,0.1483961472,1.214186112
2008-05-11,-0.8739902592,2.66861952,1.793643264
2008-05-12,-1.5165273599999998,3.356888832,1.83855744
2008-05-13,0.6683202432,0.5379291648,1.266160896
2008-05-14,-0.36296087039999997,1.89283392,1.560311424
2008-05-15,0.0072547902719999995,1.4251438079999998,1.444189824
2008-05-16,-0.8830041983999999,2.7418901759999996,1.8907499519999997
2008-05-17,-1.4917893119999999,3.7633766399999997,2.2436455680000003
2008-05-18,-2.0625166079999997,4.672878335999999,2.5579514879999996
2008-05-19,-2.1970725119999996,4.9540896,2.714777856
2008-05-20,-2.526650496,5.192159616,2.6486922239999995
2008-05-21,-1.434951936,4.166080128,2.582233344
2008-05-22,-1.8841662719999999,3.6732683519999996,1.8637309439999998
2008-05-23,-2.7650833919999998,4.4395257599999995,1.689807744
2008-05-24,-2.7478517759999996,4.403424384,1.663244928
2008-05-25,-3.7458132479999997,5.605272576,1.8894850559999998
2008-05-26,0.03932457984,1.516568832,1.587320064
2008-05-27,-1.8521084159999999,3.418754688,1.567143936
2008-05-28,-3.9813845759999995,5.828827392,1.8236275199999998
2008-05-29,-3.576037248,5.625552384,1.951952256
2008-05-30,-4.086723456,5.983507584,1.801315584
2008-05-31,-3.600505728,5.5538058239999994,1.8291018239999999
2008-06-01,-4.226504832,6.449787648,2.055383424
2008-06-02,-3.236329728,5.645251584,2.21937408
2008-06-03,-4.966925184,7.045895808,1.954699776
2008-06-04,-2.64492864,4.466669184,1.7454113279999999
2008-06-05,-1.0212303744,2.633254272,1.576734336
2008-06-06,-3.7273996799999995,5.803104384,2.00029824
2008-06-07,-3.9056255999999996,5.974725888,2.03041728
2008-06-08,-3.582050688,5.429400192,1.846965888
2008-06-09,-3.4386716159999997,5.589720576,2.127326976
2008-06-10,-2.123127936,4.9298906879999995,2.701714176
2008-06-11,-3.24274752,5.17383936,1.94457024
2008-06-12,-3.9108199679999998,5.8277802240000005,1.952055936
2008-06-13,-3.2030795519999997,5.39701056,2.326651776
2008-06-14,-1.8457009919999998,4.7205607679999995,2.84632704
2008-06-15,-2.5839647999999995,5.671907711999999,3.0146100479999998
2008-06-16,-2.2003073279999996,5.154565248,2.7138343679999997
2008-06-17,-1.788231168,4.69426752,2.727592704
2008-06-18,-0.33364742399999997,2.966606208,2.408569344
2008-06-19,-3.703045248,6.026161535999999,2.187533952
2008-06-20,-3.38147136,5.450540544,1.9426417919999999
2008-06-21,-3.221887104,5.462401536,2.1975287040000002
2008-06-22,-2.272074624,4.984250112,2.632559616
2008-06-23,-3.1351276799999996,6.029012735999999,2.808763776
2008-06-24,-3.026657664,6.410295935999999,3.2746394879999996
2008-06-25,-2.033403264,5.731606656,3.6810547199999997
2008-06-26,-1.5351068159999999,5.62935744,4.020658559999999
2008-06-27,-2.549667456,6.6165672959999995,4.161756671999999
2008-06-28,-1.850252544,5.422007808,3.564456192
2008-06-29,-4.212134784,8.114038272,3.9286736639999997
2008-06-30,-2.0674310399999998,6.63873408,4.514932224
2008-07-01,-1.591944192,6.230991744,4.597990272
2008-07-02,-1.6960700159999997,6.25237056,4.525777152
2008-07-03,-2.597329152,7.175195135999999,4.449126528
2008-07-04,-0.641043072,5.606931456,4.840642944
2008-07-05,-0.5544878976000001,5.494490496,4.739140224
2008-07-06,-1.400488704,5.77590912,4.253275008
2008-07-07,-0.8998314624,5.018246784,3.9948837119999996
2008-07-08,-2.0976122879999997,6.428429567999999,4.166235648
2008-07-09,-1.62782784,6.580185984,4.559701248
2008-07-10,-0.2670102144,5.540555519999999,4.94055936
2008-07-11,-1.168981632,6.418922112,4.967578368
2008-07-12,-2.887498368,7.141146623999999,4.150662912
2008-07-13,-1.305984384,6.466220928,4.967339904
2008-07-14,-1.5375121919999999,7.045771391999999,5.253455231999999
2008-07-15,-1.1623461119999998,6.679884671999999,5.193289728
2008-07-16,0.1332298368,5.259209471999999,5.023980288
2008-07-17,-1.070361216,5.705603712,4.3174010879999996
2008-07-18,-2.384515584,7.1670562559999995,4.477306752
2008-07-19,-0.16907927039999998,5.373174528,4.824956159999999
2008-07-20,-0.116790336,5.361303167999999,4.886967168
2008-07-21,-0.1342355328,5.073331968,4.663339776
2008-07-22,-1.0234947455999999,5.934487679999999,4.682997503999999
2008-07-23,0.47043763199999994,4.041436032,4.477140864
2008-07-24,-1.91517696,6.59057472,4.675719168
2008-07-25,-1.291012992,6.0625532159999995,4.717357056
2008-07-26,-1.8192729599999997,6.641440127999999,4.747154688
2008-07-27,-0.9835572095999999,5.655619584,4.817014272
2008-07-28,0.32922028799999997,4.139589888,4.48602624
2008-07-29,-1.879656192,6.424437888,4.549602815999999
2008-07-30,-0.4855324032,5.5323855360000005,4.968749952
2008-07-31,-0.20092769279999997,5.31987264,5.07399552
2008-08-01,1.1724756479999998,4.341890304,5.328747648
2008-08-02,0.3004718976,4.846511231999999,5.2022269439999995
2008-08-03,0.6780713472,4.20515712,4.865930496
2008-08-04,-0.6460062336,5.5885697279999995,4.90053888
2008-08-05,-1.538839296,6.490181376,4.838351616
2008-08-06,-0.2676789504,5.106934656,4.784178816
2008-08-07,1.8565873919999998,2.424888576,4.321237248
2008-08-08,-2.375277696,7.351243776,4.878423935999999
2008-08-09,0.0170195904,4.9680345599999995,4.831373952
2008-08-10,-0.1315865088,4.787776512,4.675356288
2008-08-11,-1.614463488,6.583182336,4.952078208
2008-08-12,-1.588242816,6.9805670399999995,5.27643072
2008-08-13,-1.2417960959999998,6.729982848,5.316886655999999
2008-08-14,-1.41129216,6.0998365439999995,4.7871544319999995
2008-08-15,2.3815399680000002,1.184792832,3.66062976
2008-08-16,1.275139584,2.306278656,3.6460316159999997
2008-08-17,0.1528886016,3.6609822719999996,3.926195712
2008-08-18,-2.312354304,6.5884803839999995,4.410142848
2008-08-19,-2.194356096,6.829380863999999,4.823048448
2008-08-20,-1.786116096,6.823782143999999,5.028034175999999
2008-08-21,-1.3936250879999998,6.679148543999999,5.254046208
2008-08-22,-0.5833731456,5.472302975999999,4.90105728
2008-08-23,-0.7805102976,5.270023296,4.6275287039999995
2008-08-24,-1.33871616,6.0645646079999995,4.749031296
2008-08-25,-0.6974097408,5.27554944,4.645548288
2008-08-26,-1.4235160319999998,6.016944383999999,4.62951936
2008-08-27,-0.9559130111999999,5.6397150719999996,4.688782848
2008-08-28,-2.785300992,6.754948991999999,4.258179071999999
2008-08-29,-1.317627648,5.869418111999999,4.586170752
2008-08-30,-1.3684826879999998,6.191593343999999,4.835147903999999
2008-08-31,-0.38214063359999995,4.957956864,4.6178346239999994
2008-09-01,-2.0513399039999998,6.32893824,4.3248764159999995
2008-09-02,-2.474157312,5.627169791999999,3.3544730879999998
2008-09-03,-2.1007330559999997,5.904969984,3.846538368
2008-09-04,-2.507687424,5.981122944,3.542807808
2008-09-05,0.3447442944,2.545634304,2.9462538240000002
2008-09-06,-2.9625315839999997,6.25237056,3.325981824
2008-09-07,-2.094118272,5.4658022399999995,3.403575936
2008-09-08,-3.3737264639999998,6.428097791999999,3.08743488
2008-09-09,-1.7165364479999998,5.442494976,3.6642792959999997
2008-09-10,-2.652683904,5.926535423999999,3.293996544
2008-09-11,0.179983296,2.4521045759999995,2.675234304
2008-09-12,-0.9507155327999999,3.4761208319999994,2.5744055039999996
2008-09-13,-2.8112106239999997,5.788081151999999,3.0634951679999998
2008-09-14,-2.7075928319999996,5.607833471999999,2.887415424
2008-09-15,-2.455671168,5.774333184,3.3416167679999997
2008-09-16,-1.6658680319999999,5.528694528,3.805875072
2008-09-17,-1.295803008,5.184456192,3.8519815679999994
2008-09-18,0.06572575872,3.542372352,3.6023512319999997
2008-09-19,-1.3660876800000001,4.927703039999999,3.588758784
2008-09-20,-1.740465792,5.448145535999999,3.779778816
2008-09-21,-1.913072256,5.688340992,3.914148096
2008-09-22,-2.633202432,6.432110207999999,3.7357562879999997
2008-09-23,-1.9627557119999999,5.049817344,3.1500057599999995
2008-09-24,-1.9549486079999998,5.128800768,3.0921315839999997
2008-09-25,-1.0110904703999999,4.1967072,3.118974336
2008-09-26,-1.40626368,4.358904192,2.817483264
2008-09-27,-1.5606846719999998,4.091389056,2.5230528
2008-09-28,-1.948644864,4.658674176,2.509906176
2008-09-29,-1.806603264,4.391646335999999,2.465541504
2008-09-30,-1.682798976,4.296540672,2.505385728
2008-10-01,-1.14561216,3.6820915199999997,2.411607168
2008-10-02,-1.764021888,4.151181312,2.298523392
2008-10-03,-1.7399370239999998,4.078999295999999,2.2379016959999998
2008-10-04,-0.6170753663999999,2.8469802239999997,2.1240403199999998
2008-10-05,-1.61077248,3.563730432,1.8729688319999998
2008-10-06,-1.79283456,3.48903936,1.6773454079999999
2008-10-07,-1.3630913279999999,3.44077632,1.983927168
2008-10-08,-1.7683142399999998,4.04942976,2.167233408
2008-10-09,-1.1792977919999998,3.484591488,2.1919196160000003
2008-10-10,-1.551861504,3.3647270399999996,1.761170688
2008-10-11,-0.35711953919999995,1.9583285759999998,1.484510976
2008-10-12,-0.0849232512,1.09517184,1.182542976
2008-10-13,-0.5621342976,1.520280576,1.0198929024
2008-10-14,0.09783700992,1.180666368,1.281671424
2008-10-15,-0.054317226239999995,1.347954048,1.2153888
2008-10-16,-1.1277273599999997,2.520263808,1.3603230720000001
2008-10-17,-0.6753870719999999,2.163988224,1.462810752
2008-10-18,-1.245393792,2.9609660159999995,1.665588096
2008-10-19,-1.015099776,2.553026688,1.4746924799999999
2008-10-20,-0.03487919616,1.401038208,1.302956928
2008-10-21,-0.36686753279999995,1.5185698559999998,1.1800235519999998
2008-10-22,0.6871993343999999,-0.02976839424,0.7427376
2008-10-23,0.5398171776,0.5395102848,1.100428416
2008-10-24,0.2249555328,0.9907671168,1.21896576
2008-10-25,0.1124855424,1.255243392,1.3749834239999998
2008-10-26,-0.2592383616,1.549165824,1.289437056
2008-10-27,0.1819521792,1.2540614399999999,1.4389747199999998
2008-10-28,0.1924912512,1.233004032,1.4311468799999998
2008-10-29,0.06685255295999999,1.2914484480000001,1.3702037759999999
2008-10-30,-0.03568022784,1.297285632,1.2825319679999998
2008-10-31,0.09821865599999999,1.23825024,1.3411630079999999
2008-11-01,0.14245632,1.1468044800000001,1.2880477439999998
2008-11-02,0.36914330879999996,0.9217794816,1.27827072
2008-11-03,0.07484835456,1.0002631679999998,1.086276096
2008-11-04,0.03831038208,1.0237041792,1.0551617279999999
2008-11-05,0.8231787648,-0.272040768,0.5803964927999999
2008-11-06,0.21291828479999997,0.3040633728,0.5425242624
2008-11-07,0.6409051775999999,0.1149583104,0.7568131967999999
2008-11-08,0.2917772928,0.5494148352,0.830362752
2008-11-09,0.4613687424,0.39639456,0.842415552
2008-11-10,0.5482463616,0.2079696384,0.7507033343999999
2008-11-11,0.5250904704,0.15427583999999997,0.6802061183999999
2008-11-12,0.6144584832,0.07228268928,0.6882755328
2008-11-13,0.6234236928,0.1783472256,0.7945267967999999
2008-11-14,0.5054773248,-0.046911985919999996,0.48419804159999996
2008-11-15,0.3490065792,0.4141113984,0.7658986752
2008-11-16,0.7674175872,0.10248083711999999,0.8617425408
2008-11-17,0.7728483455999999,0.12418583039999999,0.8839300607999999
2008-11-18,0.3081825792,0.605677824,0.9274507775999999
2008-11-19,0.5978479104,0.164369088,0.7605684864
2008-11-20,0.4296789504,-0.01752212736,0.43973176319999996
2008-11-21,0.4521806208,0.128086272,0.5993999999999999
2008-11-22,0.5205409919999999,0.05878427904,0.6004347264000001
2008-11-23,0.5056795008,-0.05459415551999999,0.480987072
2008-11-24,0.27470016,0.267898752,0.5654821247999999
2008-11-25,0.5147152128,0.03346386048,0.5694738048
2008-11-26,0.2706991488,0.2766140928,0.5691316607999999
2008-11-27,0.29783635199999997,0.03214349568,0.360505728
2008-11-28,0.32207051519999996,0.066804860159999993,0.41381487359999997
2008-11-29,0.1636993152,0.14006338559999998,0.3444581376
2008-11-30,0.3461584896,-0.031303584,0.33011608319999997
2008-12-01,0.3292068096,0.06971577984,0.40003165439999994
2008-12-02,0.49821454079999994,-0.007585913087999999,0.48161848319999995
2008-12-03,0.46013183999999996,-0.1379006208,0.31056721919999997
2008-12-04,0.40321255679999995,-0.2534779008,0.1708128
2008-12-05,0.08136588672,0.2347449984,0.3275800704
2008-12-06,0.3964578048,0.0461173824,0.4412216448
2008-12-07,0.4074385536,0.08415363456,0.48248110079999995
2008-12-08,0.3694543488,-0.05118308351999999,0.32343598079999997
2008-12-09,0.3634170624,-0.1475117568,0.2275890048
2008-12-10,0.41450849279999996,-0.027247829759999998,0.38531324159999997
2008-12-11,0.4409811072,-0.11504436479999999,0.32999270399999997
2008-12-12,0.35329271039999993,0.006946373376,0.36030044159999997
2008-12-13,0.3728166912,-0.008647907327999999,0.3636493056
2008-12-14,0.3598608384,-0.21916811519999999,0.1551602304
2008-12-15,0.25468473599999997,-0.106681536,0.1684395648
2008-12-16,0.33716735999999997,-0.105789888,0.2430902016
2008-12-17,0.19968042239999997,0.08548955136,0.2926202112
2008-12-18,0.36291006719999996,0.02295070848,0.3835548288
2008-12-19,0.31053507839999994,-0.02965527936,0.2876145408
2008-12-20,0.3343949568,-0.2342836224,0.1139090688
2008-12-21,0.21453258239999998,-0.001461234816,0.22097525759999997
2008-12-22,0.45783843839999994,-0.1323184896,0.32427786239999995
2008-12-23,0.3547141632,-0.1918484352,0.17387550719999997
2008-12-24,0.05917515264,0.08701147008,0.1578341376
2008-12-25,0.2459901312,0.003947709311999999,0.2563208064
2008-12-26,0.47734064639999996,-0.32585068799999994,0.16275893760000001
2008-12-27,0.06921707903999999,0.0119200896,0.0932928192
2008-12-28,0.1420426368,0.05092989696,0.2036648448
2008-12-29,0.3738794112,-0.06877903104,0.307286784
2008-12-30,0.23225564159999998,0.0631737792,0.29751909120000003
2008-12-31,0.2714726016,0.0565947648,0.3274753536
2009-01-01,0.2651004288,0.08981891712,0.3581356032
2009-01-02,0.4847620608,-0.07613388287999999,0.41201706239999997
2009-01-03,0.4385021184,-0.1691476992,0.27086192639999995
2009-01-04,0.2037239424,-0.031226342399999996,0.154441728
2009-01-05,0.2342068992,-0.0110434752,0.2251110528
2009-01-06,0.288277056,-0.08511122304,0.2047400064
2009-01-07,0.08277800832,0.2068384896,0.2904885504
2009-01-08,0.1414475136,0.2183324544,0.3595041792
2009-01-09,0.376845696,-0.1189344384,0.257095296
2009-01-10,0.1719657216,0.039126758399999996,0.2113506432
2009-01-11,0.1571726592,0.06108587136,0.218443392
2009-01-12,0.2776540032,-0.08647212672,0.19140468479999997
2009-01-13,0.07647944831999999,0.1755374976,0.2516064768
2009-01-14,0.067760064,0.2211411456,0.28784885759999995
2009-01-15,0.3649142016,-0.01516869504,0.3477561984
2009-01-16,0.217266624,0.252186048,0.46630702079999997
2009-01-17,0.5514728832,-0.03500122752,0.5124010752
2009-01-18,0.6409580544,-0.0839922048,0.5538544128
2009-01-19,0.6473074176,0.0212886144,0.6052102272000001
2009-01-20,0.5687604864,0.10135259136,0.6518817791999999
2009-01-21,0.3509184384,0.30720487679999997,0.6468522624
2009-01-22,0.5397466752,0.03598235136,0.575019648
2009-01-23,0.7197973632,-0.20633149439999998,0.5130998783999999
2009-01-24,0.3744496512,0.14553250559999997,0.5202475776
2009-01-25,0.5295901824,-0.055262165759999995,0.4672826496
2009-01-26,0.43959697919999996,-0.07719017471999999,0.36057415679999993
2009-01-27,0.415404288,-0.1834420608,0.2325614976
2009-01-28,0.47927635199999996,-0.2007078912,0.279490176
2009-01-29,0.4155774336,-0.14559264,0.27097390079999994
2009-01-30,0.5226208128000001,-0.004935095424,0.516917376
2009-01-31,0.3651308928,0.156769344,0.5192366976
2009-02-01,0.35110609919999997,0.012603755519999999,0.3610593792
2009-02-02,0.3503440512,0.027063072,0.3727586304
2009-02-03,0.47324424959999994,0.023692849920000002,0.48977809919999993
2009-02-04,0.2925154944,0.3238890624,0.607056768
2009-02-05,0.5288115456,0.11193603839999999,0.6315791615999999
2009-02-06,0.48870708479999997,0.07282379519999999,0.5546465279999999
2009-02-07,0.5968090368,-0.08186355072,0.51313824
2009-02-08,0.4620374784,0.0742722048,0.5830786943999999
2009-02-09,0.213793344,0.19600289279999997,0.4076220672
2009-02-10,0.3763107072,-0.007247408256,0.35956431359999996
2009-02-11,0.3479096448,-0.038409603839999994,0.29572646399999997
2009-02-12,0.5022953856,-0.1951267968,0.30152735999999997
2009-02-13,0.46153981439999997,-0.21505098239999998,0.2403945216
2009-02-14,0.500328576,-0.2121334272,0.2568547584
2009-02-15,0.3091457664,0.01055182464,0.32025300479999996
2009-02-16,0.34743064319999994,0.1204699392,0.46770566399999997
2009-02-17,0.5055623424,-0.11242955519999999,0.39324890879999996
2009-02-18,0.432853632,-0.112767552,0.32021256959999994
2009-02-19,0.349111296,-0.056676672,0.292128768
2009-02-20,0.168277824,0.1405444608,0.3071685888
2009-02-21,0.3028243968,0.03643667712,0.3363773184
2009-02-22,0.2408216832,0.1796961024,0.4012281216
2009-02-23,0.3851649792,-0.0011423255039999997,0.37983168
2009-02-24,0.10650528,0.25380552959999997,0.35695365119999994
2009-02-25,0.42284229119999994,-0.05019242112,0.3686974848
2009-02-26,0.40911609599999993,-0.09705526272,0.3094837632
2009-02-27,0.5483759616,-0.29356888319999996,0.25360128
2009-02-28,0.23755472639999997,0.10392883199999998,0.3402300672
2009-03-01,0.3094308864,0.2297123712,0.5353755264
2009-03-02,0.5644950912,0.07625363328,0.6368813568
2009-03-03,0.4436208,0.1658921472,0.5983725312
2009-03-04,0.523107072,0.10464837119999999,0.6239047679999999
2009-03-05,0.6007913855999999,-0.08786361599999999,0.5100423552
2009-03-06,0.6685939583999999,-0.0982632384,0.5362142976000001
2009-03-07,0.06401649024,0.3825833472,0.4415150592
2009-03-08,0.34092990719999994,0.3190523904,0.6477283584
2009-03-09,0.6173677439999999,0.03266096256,0.6391861632
2009-03-10,0.5951200896,-0.19921904640000002,0.3888487296
2009-03-11,0.6059183616,-0.0012949217279999998,0.5929956864
2009-03-12,0.421739136,0.1249147008,0.5383863936
2009-03-13,0.5743363967999999,-0.09269334144,0.46982695680000003
2009-03-14,0.471241152,0.1283942016,0.5774664959999999
2009-03-15,0.49901391359999997,0.024735456,0.5284248192000001
2009-03-16,0.485160192,0.06540486912,0.5504630399999999
2009-03-17,0.6778847231999999,-0.0706522176,0.6108587135999999
2009-03-18,0.6298570367999999,-0.05040309888,0.6171997824
2009-03-19,0.5663530368,0.1596132864,0.7294167936
2009-03-20,0.5960532096,0.2262950784,0.8327505024
2009-03-21,0.9096385536,0.055917216,0.9709818624
2009-03-22,0.9740663424,0.040019339519999995,1.0129712256
2009-03-23,0.40290670079999996,0.2535276672,0.6572990592
2009-03-24,0.6563690496,-0.02590672896,0.6314775552
2009-03-25,0.6251561856,-0.039472220159999995,0.5879723904
2009-03-26,0.48445413119999997,-0.09287529984,0.3949751808
2009-03-27,0.5451276671999999,-0.05178484224,0.49888949759999995
2009-03-28,0.6176735999999999,0.04191243264,0.6683606784
2009-03-29,0.679694976,0.1543598208,0.8470262016
2009-03-30,0.449587584,-0.07200596736,0.3875537664
2009-03-31,0.24820577279999997,0.1328514048,0.3938564736
2009-04-01,0.5681021184,-0.159527232,0.417068352
2009-04-02,0.282025152,0.2088851328,0.4943483136
2009-04-03,0.5651223552,0.07691044608,0.6367517568
2009-04-04,0.6224957567999999,-0.1687775616,0.434434752
2009-04-05,0.48916949759999995,-0.0956753856,0.37253986559999996
2009-04-06,0.41775575039999996,0.2195465472,0.6071697791999999
2009-04-07,0.674262144,0.17138304,0.8043204096
2009-04-08,0.7781795711999999,0.24721977599999997,0.9597916799999999
2009-04-09,0.4920694272,0.24704870399999998,0.7070799743999999
2009-04-10,0.7120814976,0.1593447552,0.8352419327999999
2009-04-11,0.8529763967999999,0.04606616448,0.8687471616
2009-04-12,0.7069503744,0.129952512,0.81676512
2009-04-13,0.6091189631999999,0.34230781439999997,0.9260345087999999
2009-04-14,0.8311994495999999,0.5612032511999999,1.258530048
2009-04-15,0.6330400127999999,1.249934976,1.6106480639999998
2009-04-16,0.7084858752,0.807579072,1.3096650239999998
2009-04-17,0.7494166656,0.73242144,1.2434135039999998
2009-04-18,0.5644048895999999,1.0156513535999998,1.375066368
2009-04-19,0.4426327296,1.0493763839999999,1.322894592
2009-04-20,-0.004512682368,1.761243264,1.569331584
2009-04-21,-0.8647502976,2.694674304,1.7083664639999998
2009-04-22,-0.5669678591999999,2.3275019519999995,1.6749607679999998
2009-04-23,-1.115690112,3.025361664,1.7614506239999999
2009-04-24,-0.9546470784,2.641206528,1.58884416
2009-04-25,0.6159556223999999,0.9377887103999999,1.153916928
2009-04-26,-0.5823830016,1.6661375999999999,1.0417973759999999
2009-04-27,0.030025002239999998,0.9379991808,0.9047210111999999
2009-04-28,-1.129324032,2.5645455360000002,1.3567772159999998
2009-04-29,-1.384428672,2.898571392,1.512131328
2009-04-30,-1.373272704,2.882210688,1.45390464
2009-05-01,-0.6404935679999999,2.2125208319999996,1.384314624
2009-05-02,-0.620747712,2.072801664,1.4225621759999998
2009-05-03,-1.0571005439999999,2.505572352,1.360499328
2009-05-04,-1.9794792959999998,3.43678464,1.442727936
2009-05-05,-0.7589655935999999,2.285148672,1.504946304
2009-05-06,-1.818091008,3.6888203519999996,1.845317376
2009-05-07,-1.911765888,4.79877696,2.535121152
2009-05-08,-2.70532224,5.946950016,2.651740416
2009-05-09,-1.414018944,5.136576767999999,3.0096956159999997
2009-05-10,-1.1500081919999998,4.857522048,3.0284927999999995
2009-05-11,-1.9926051839999999,6.632036351999999,3.7844962559999997
2009-05-12,-1.862206848,6.645898367999999,3.890467584
2009-05-13,-2.746441728,6.583130496,3.1134689279999996
2009-05-14,-2.7253532160000002,6.676494335999999,3.253799808
2009-05-15,-2.441467008,5.924596608,2.8024081919999997
2009-05-16,-3.414089088,6.46164864,2.613026304
2009-05-17,-3.32486208,6.804321408,2.942863488
2009-05-18,-3.3712899839999997,7.2077921279999995,3.0470515199999997
2009-05-19,-3.37172544,6.823512576,2.754715392
2009-05-20,-2.982707712,5.993284608,2.4606374399999997
2009-05-21,-2.9796698879999997,5.363127936,1.9123568639999997
2009-05-22,-3.25674432,5.64672384,1.884000384
2009-05-23,-1.150879104,3.10148352,1.662000768
2009-05-24,-2.641807872,4.467892608,1.7132290559999999
2009-05-25,-2.6291485439999995,4.310848512,1.6575528959999999
2009-05-26,-0.8696149631999999,2.386526976,1.526573952
2009-05-27,-4.0585017599999995,5.795203967999999,1.763814528
2009-05-28,-3.387982464,5.307845759999999,1.957468032
2009-05-29,-3.1998447359999997,5.3992811519999995,2.239104384
2009-05-30,-2.70983232,4.981824,2.3112138239999998
2009-05-31,-3.3120783359999995,5.707646208,2.434167936
2009-06-01,-1.7067179519999998,3.973048704,2.294034048
2009-06-02,-0.9732721536,2.889748224,1.935052416
2009-06-03,-3.6805881599999997,5.995835135999999,2.327315328
2009-06-04,-4.3439016960000005,7.012199807999999,2.6715744
2009-06-05,-3.421885824,6.245652096,2.822076288
2009-06-06,-3.562683264,6.220084608,2.65685184
2009-06-07,-3.7642890239999995,6.154206336,2.366838144
2009-06-08,-2.7963740159999997,5.239396223999999,2.43964224
2009-06-09,-3.8837594879999995,6.4928563200000005,2.607334272
2009-06-10,-3.171343104,5.711689728,2.5396312319999996
2009-06-11,-3.790374912,6.445847808,2.48920128
2009-06-12,-2.693440512,5.314678271999999,2.65773312
2009-06-13,-3.086667648,5.9874163199999995,2.928317184
2009-06-14,-3.638048256,6.608169215999999,2.937679488
2009-06-15,-3.6478149119999994,6.511663872,2.8789551359999996
2009-06-16,-2.7314081279999995,5.9724864,3.2404043519999997
2009-06-17,-3.56441472,6.988156416,3.4806827519999994
2009-06-18,-2.837649024,6.274029312,3.4245503999999998
2009-06-19,-3.441097728,6.908675327999999,3.457479168
2009-06-20,0.27860163839999996,3.263524992,3.581511552
2009-06-21,-2.6850216959999997,6.607910016,3.894542208
2009-06-22,-1.327145472,5.486009472,4.199630975999999
2009-06-23,-0.8723002751999999,5.156949888,4.27799232
2009-06-24,-0.7945226495999999,5.410001663999999,4.57026624
2009-06-25,0.04611157631999999,4.598280576,4.602842496
2009-06-26,-1.707754752,6.304957056,4.5947658239999996
2009-06-27,-1.9520663039999997,6.659438976,4.782737664
2009-06-28,-1.1202520319999998,6.242686848,5.101698816
2009-06-29,-0.31588185599999996,5.956250111999999,5.44154112
2009-06-30,-0.3412772352,6.5047173119999995,5.748547968
2009-07-01,-0.4739285376,6.775933823999999,5.998790016
2009-07-02,-0.772084224,6.709143168,5.746743936
2009-07-03,-1.107063936,7.236749951999999,5.86979136
2009-07-04,-1.103341824,6.7563590399999995,5.4476997119999995
2009-07-05,-1.9748966399999999,7.680085632,5.5091093760000005
2009-07-06,-1.551788928,7.471636992,5.73438528
2009-07-07,-0.7433887103999999,6.805721087999999,5.894944128
2009-07-08,0.1560705408,5.8579614719999995,5.898158208
2009-07-09,-0.9772596863999999,6.708655872,5.623945344
2009-07-10,-0.30651229439999994,5.882471423999999,5.521644288
2009-07-11,0.1949971968,5.053777919999999,5.218286976
2009-07-12,-0.5202444672,5.523261696,4.987484928
2009-07-13,-1.531312128,6.725234304,5.192615807999999
2009-07-14,-1.14416064,6.26185728,5.1176448
2009-07-15,-1.167312384,6.452296703999999,5.279779584
2009-07-16,-1.226606976,6.636204288,5.400950399999999
2009-07-17,-1.633188096,7.140877055999999,5.495952384
2009-07-18,-2.14296192,7.413358463999999,5.288654591999999
2009-07-19,-0.5644588032,6.098001408,5.5643604479999995
2009-07-20,-1.5639505919999999,6.789526272,5.2691109119999995
2009-07-21,-0.5513432831999999,5.089889663999999,4.573988352
2009-07-22,-1.70563968,6.633529344,4.985722368
2009-07-23,-1.5219601919999999,6.691185792,5.216700671999999
2009-07-24,-0.2201219712,5.570788607999999,5.301127296
2009-07-25,-0.7887694464,5.411411712,4.660343424
2009-07-26,0.058078010879999996,4.243446144,4.364679168
2009-07-27,-1.1579500799999998,5.268416255999999,4.221009791999999
2009-07-28,0.055139615999999995,3.5673695999999997,3.6861972479999996
2009-07-29,0.9099143423999999,2.4869306879999997,3.4701488639999996
2009-07-30,0.688958784,2.346465024,3.117222144
2009-07-31,-1.971692928,5.458586112,3.5336424959999997
2009-08-01,-2.7459751679999997,6.326698752,3.6880220159999997
2009-08-02,-0.6950012543999999,4.8669984,4.30640064
2009-08-03,-0.9512888831999999,5.408031744,4.522386815999999
2009-08-04,-1.209655296,5.938427519999999,4.809673728
2009-08-05,-0.9948883968,5.936208767999999,5.037251328
2009-08-06,-1.339089408,6.279368831999999,4.877615231999999
2009-08-07,-0.6273355392,5.7568838399999995,4.980517632
2009-08-08,-1.447030656,5.936219136,4.128682752
2009-08-09,-3.1216492799999997,7.308465407999999,3.7273996799999995
2009-08-10,-2.528464896,6.949473408,3.9577351679999997
2009-08-11,-1.8070387199999998,6.617396736,4.254633216
2009-08-12,-1.454122368,6.354713088,4.481329536
2009-08-13,0.9417109248,4.100554368,4.444803072
2009-08-14,-0.8469142271999999,5.179044095999999,3.992239872
2009-08-15,-1.2551604479999998,5.475164543999999,3.9149879039999997
2009-08-16,-2.728256256,6.6448719359999995,3.655673856
2009-08-17,-1.9048400639999998,5.75465472,3.603315456
2009-08-18,-2.890899072,7.046994816,3.9328415999999997
2009-08-19,-2.8421279999999998,7.0656986879999994,4.039663104
2009-08-20,-3.2255781119999996,7.357402368,3.973701888
2009-08-21,-1.2312207359999998,5.803591679999999,4.415648256
2009-08-22,-0.767833344,5.8550895359999995,4.9438978559999995
2009-08-23,0.06261971328,4.800601727999999,4.758248448
2009-08-24,-0.4700166912,4.844779775999999,4.313481984
2009-08-25,-0.52713504,4.577243904,4.022804735999999
2009-08-26,-2.521145088,6.654410496,4.129356672
2009-08-27,-1.15986816,5.226415488,4.065023232
2009-08-28,-1.67997888,5.423417856,3.7439781119999997
2009-08-29,-1.1891370239999999,4.601359872,3.4342963199999996
2009-08-30,-1.5511253759999999,4.616953344,3.0658383359999997
2009-08-31,-0.7959658752,3.9832404479999997,3.1855161599999997
2009-09-01,-0.8706082176,4.01998464,3.150918144
2009-09-02,-0.8504476416,3.83792256,3.0118521599999997
2009-09-03,-1.0914912,3.7766476799999995,2.8318429439999995
2009-09-04,-0.9413024256,3.72226752,2.785238784
2009-09-05,-1.126161792,3.814553088,2.70065664
2009-09-06,-1.23415488,3.8992181759999998,2.5809373439999996
2009-09-07,-1.285403904,4.007314944,2.7295833599999995
2009-09-08,-1.6013064959999999,4.404243456,2.8072604159999996
2009-09-09,-1.1626467839999999,4.00028544,2.838716928
2009-09-10,-1.4441483519999998,4.493895552,3.0668751359999997
2009-09-11,-2.7516879359999997,5.4514944,2.692766592
2009-09-12,0.4991144832,1.68853248,2.1896801279999996
2009-09-13,-1.5907103999999999,4.620976128,3.0069792
2009-09-14,-1.049480064,4.512858624,3.201648768
2009-09-15,-0.20946885119999997,3.321347328,3.099803904
2009-09-16,-1.6326385919999997,4.422325248,2.784720384
2009-09-17,-1.7698590719999998,4.469302656,2.684420352
2009-09-18,-1.978286976,4.636445183999999,2.6351308799999997
2009-09-19,-0.9680788224,3.680836992,2.686483584
2009-09-20,-1.314952704,3.7232628479999996,2.4060188159999996
2009-09-21,1.1183235839999999,0.46110124799999996,1.580404608
2009-09-22,0.14199494399999998,1.340665344,1.4832875519999997
2009-09-23,0.08410656384,1.5063045119999998,1.5904512
2009-09-24,-0.8472542975999999,2.5207614720000002,1.664820864
2009-09-25,-2.0429418239999997,3.986921088,1.9409725439999999
2009-09-26,-1.248524928,3.57587136,2.3181603839999996
2009-09-27,-1.5792330239999999,3.8532879359999996,2.26893312
2009-09-28,-1.9977062399999999,4.148330111999999,2.209690368
2009-09-29,-1.3052689919999998,3.875205888,2.565748224
2009-09-30,-1.460011392,3.4769088,2.034025344
2009-10-01,0.09131792255999999,1.129718016,1.336186368
2009-10-02,-0.128366208,1.6364747519999998,1.51429824
2009-10-03,-0.6675509376,2.3720739839999996,1.701927936
2009-10-04,-0.7471325952,2.3960240639999997,1.6079731199999998
2009-10-05,-0.9862311168,2.406786048,1.425123072
2009-10-06,0.19773123839999998,1.082688768,1.284522624
2009-10-07,-0.5967883007999999,2.163314304,1.56909312
2009-10-08,0.787848768,0.16578017280000001,0.9571665024
2009-10-09,0.43010403839999994,0.589664448,1.019894976
2009-10-10,0.2371327488,0.8524476287999999,1.142854272
2009-10-11,-0.29625730559999996,1.609704576,1.3025318399999999
2009-10-12,-0.9521898623999999,2.400679296,1.435117824
2009-10-13,-0.6181515648,2.0833562879999996,1.453137408
2009-10-14,0.14599180799999997,1.27728576,1.41321024
2009-10-15,-0.430857792,1.8192003839999997,1.380530304
2009-10-16,-0.7176657023999999,2.135165184,1.414215936
2009-10-17,-0.1326875904,1.8404029439999998,1.707236352
2009-10-18,-0.43586242559999994,2.284412544,1.84752576
2009-10-19,-0.3160384128,2.05058304,1.7339546879999999
2009-10-20,-0.11238186239999999,1.5174915839999998,1.40595264
2009-10-21,0.6409663487999999,0.3529443456,0.9962673408
2009-10-22,-0.4662012672,1.5528983039999997,1.088557056
2009-10-23,-0.1347466752,1.3003960319999999,1.16733312
2009-10-24,0.3675860352,0.7822282751999999,1.1518536959999999
2009-10-25,0.7598613887999999,0.02627116416,0.7890587135999999
2009-10-26,-0.3268646784,1.277150976,0.9612224639999999
2009-10-27,0.6317999999999999,0.3991037184,1.0375983359999998
2009-10-28,0.7446453120000001,-0.15411202559999998,0.5949148031999999
2009-10-29,0.7378791552,-0.2530237824,0.48855778559999996
2009-10-30,0.5868858239999999,0.19694741759999998,0.7861193855999999
2009-10-31,0.46871861759999994,0.6250473216,1.095555456
2009-11-01,0.49081489919999993,0.6207902207999999,1.11855168
2009-11-02,0.5874031872,0.47082643199999996,1.0583136
2009-11-03,0.5544744192,0.5952134016,1.14887808
2009-11-04,0.7450745471999999,0.5509980288,1.2941648639999999
2009-11-05,0.3457728,1.0041750144,1.347725952
2009-11-06,0.6496319232,0.623215296,1.274351616
2009-11-07,0.49150955519999995,0.7859555712,1.286834688
2009-11-08,0.429971328,0.6622632575999999,1.0937825279999998
2009-11-09,0.8237179008,0.2382846336,1.062066816
2009-11-10,0.46203540479999994,0.7407718271999999,1.2027191039999998
2009-11-11,0.7772858495999999,0.49055673599999994,1.2941648639999999
2009-11-12,0.6216538752,0.6630532991999999,1.284045696
2009-11-13,0.8387017344,0.04636870272,0.8963561087999999
2009-11-14,1.1340518400000001,-0.47763302399999996,0.6496868736
2009-11-15,0.7711635456,-0.2831438592,0.47888858879999996
2009-11-16,0.664236288,0.08685055872,0.71847025919999985
2009-11-17,0.5860522368,0.2991302784,0.8122425984
2009-11-18,0.7129855872,0.07595679744,0.700752384
2009-11-19,0.644044608,-0.04597907328,0.556222464
2009-11-20,0.6277398912,0.09464304384,0.6404355072
2009-11-21,0.39959101439999994,0.2685353472,0.610799616
2009-11-22,0.6000459264,-0.060574314239999996,0.5012295552
2009-11-23,0.515351808,-0.14860558079999997,0.335570688
2009-11-24,0.5392521216,0.008950818816,0.5202112896000001
2009-11-25,0.7360564608,-0.1413790848,0.5734924416
2009-11-26,0.6816970367999999,0.05532033024,0.700249536
2009-11-27,0.5726806272,0.1560249216,0.7007399424
2009-11-28,0.27773902079999996,0.2886285312,0.5508134784000001
2009-11-29,0.2974859136,0.16542040319999998,0.455730624
2009-11-30,0.5376938111999999,0.07884459648,0.612614016
2009-12-01,0.38428784639999997,0.12730867199999998,0.5117986943999999
2009-12-02,0.3971161728,-0.24316899839999997,0.1549321344
2009-12-03,0.36497744639999996,-0.25844313599999996,0.1073523456
2009-12-04,0.1510534656,0.10179292032,0.253539072
2009-12-05,0.16417416959999998,0.1881615744,0.35269343999999997
2009-12-06,0.286835904,-0.1554401664,0.1322459136
2009-12-07,0.2303230464,0.08318381184,0.3139990272
2009-12-08,0.30659212799999996,-0.154732032,0.15252468479999998
2009-12-09,0.3277335168,-0.23256046079999998,0.0958734144
2009-12-10,0.09527632128,0.06931204992000001,0.16521511679999998
2009-12-11,0.29766424319999996,-0.022392702719999998,0.2755855872
2009-12-12,0.34557166079999996,-0.0319588416,0.314575488
2009-12-13,0.2377475712,0.11979601919999999,0.359448192
2009-12-14,0.36733409279999996,-0.07837554815999999,0.2916114048
2009-12-15,0.37416245759999994,0.014652575999999999,0.39185233919999995
2009-12-16,0.3941405568,0.058863490559999995,0.45616504319999995
2009-12-17,0.39387513599999996,0.014200220159999999,0.41110986239999997
2009-12-18,0.3868290432,-0.05356482048,0.33642501119999996
2009-12-19,0.2688463872,0.17847889919999999,0.4491946368
2009-12-20,0.342206208,0.14541742079999997,0.47666879999999995
2009-12-21,0.4902052608,-0.022566159359999997,0.46818259199999995
2009-12-22,0.421360704,0.007845745535999999,0.4251367296
2009-12-23,0.4506803712,-0.1181008512,0.3275831808
2009-12-24,0.31272894719999994,-0.10171018368,0.21237811199999998
2009-12-25,0.2600118144,-0.03151861632,0.23009495039999997
2009-12-26,0.2058918912,0.21214794239999998,0.44677681919999995
2009-12-27,0.3369517056,0.04546824192,0.4938579072
2009-12-28,0.31398865919999996,0.20149689599999998,0.5420307456
2009-12-29,0.4088527488,0.1823181696,0.5834809728
2009-12-30,0.295348032,0.09792586367999999,0.3889928448
2009-12-31,0.2986129152,-0.03172680576,0.24786051839999998
2010-01-01,0.28361352959999997,0.02740397184,0.29352844799999994
2010-01-02,0.3345100416,-0.007049089152,0.2899120896
2010-01-03,0.28700697599999997,-0.01499492736,0.2586629376
2010-01-04,0.28248238079999993,0.005872238207999999,0.2743777152
2010-01-05,0.2818737792,0.02015394048,0.2868431616
2010-01-06,0.26435289599999995,-0.025918548479999998,0.22094830079999997
2010-01-07,0.1702912896,-0.008092804608,0.15605498880000002
2010-01-08,0.1468399104,0.057180142079999996,0.20038026239999998
2010-01-09,0.24533072639999998,0.007932857472,0.2511554688
2010-01-10,0.22426087679999998,0.04556435328,0.2567884032
2010-01-11,0.3394752768,-0.05600565504,0.281926656
2010-01-12,0.27558143999999996,0.03448852992,0.3125713536
2010-01-13,0.30191616,-0.001984569984,0.3025620864
2010-01-14,0.2687966208,0.027124035839999998,0.298375488
2010-01-15,0.3367619712,-0.012425944319999998,0.32533643519999994
2010-01-16,0.39523541759999997,-0.0022625568,0.3957807744
2010-01-17,0.434170368,-0.07983660672,0.3630137472
2010-01-18,0.32347745279999995,0.015144019199999999,0.33989103359999995
2010-01-19,0.3475322496,-0.048880143359999996,0.3194650368
2010-01-20,0.2188643328,0.07296946559999999,0.2918706048
2010-01-21,0.3091696128,0.0010065295872,0.31260660479999997
2010-01-22,0.3621988224,-0.057652404479999995,0.30603018239999996
2010-01-23,0.222310656,0.0015204983039999998,0.2252800512
2010-01-24,0.17396156159999998,0.013446570239999999,0.18932486399999998
2010-01-25,0.2311794432,-0.03521522303999999,0.1993310208
2010-01-26,0.45131178239999997,-0.20515265279999997,0.2546515584
2010-01-27,0.2690661888,-0.035803503359999996,0.240672384
2010-01-28,0.20988668159999999,0.01337928192,0.24304872959999999
2010-01-29,0.1640694528,0.08894582783999999,0.2627748864
2010-01-30,0.3784910976,-0.07926615935999999,0.30898298879999997
2010-01-31,0.2298284928,0.06353126783999999,0.29885448959999994
2010-02-01,0.2444235264,0.01714234752,0.26588424959999996
2010-02-02,0.230796864,0.09529633152,0.33344524799999997
2010-02-03,0.31210997760000003,0.0022944176639999995,0.338038272
2010-02-04,0.2569947264,0.04276976256,0.2972526336
2010-02-05,0.15552103679999998,0.16262207999999997,0.306955008
2010-02-06,0.19426210559999998,0.11624808959999999,0.322812864
2010-02-07,0.243601344,0.03373757568,0.2768059008
2010-02-08,0.2347325568,-0.027257471999999998,0.2088094464
2010-02-09,0.22435937279999998,0.04664521728,0.2709531648
2010-02-10,0.2998197504,-0.012544761599999999,0.28718115839999997
2010-02-11,0.27805939199999996,0.00795915072,0.2859432192
2010-02-12,0.3314348928,-0.03280414464,0.2988503424
2010-02-13,0.35080127999999994,-0.04913737344,0.3019845888
2010-02-14,0.2389533696,-0.033898798079999994,0.235006272
2010-02-15,0.2516821632,0.01335647232,0.26477280000000003
2010-02-16,0.2794290048,0.0194482944,0.29933556479999995
2010-02-17,0.22005354239999997,0.097619904,0.31853295359999995
2010-02-18,0.2840241024,0.012617130239999998,0.2969996544
2010-02-19,0.20836258559999998,0.06700299264,0.27521959679999997
2010-02-20,0.213560064,0.04157754624,0.25458935039999997
2010-02-21,0.18745136639999999,0.0168257088,0.20284888319999997
2010-02-22,0.1392132096,0.08449069824,0.22253771519999999
2010-02-23,0.2099219328,0.06941096063999999,0.279168768
2010-02-24,0.276182784,0.0207292608,0.29890321919999996
2010-02-25,0.26623261439999996,-0.0298473984,0.23644431359999998
2010-02-26,0.28973998079999996,-0.05106115584,0.2386329984
2010-02-27,0.417254976,-0.09673468416,0.32552928
2010-02-28,0.295285824,0.010837877759999998,0.3340839168
2010-03-01,0.2650237056,0.05680181376,0.3296007936
2010-03-02,0.5500099583999999,-0.16649349119999998,0.3851318016
2010-03-03,0.5043638015999999,-0.0879600384,0.4193690112
2010-03-04,0.6291063936,-0.2092490496,0.4225716864
2010-03-05,0.21847345919999997,0.16460651519999997,0.38273990399999996
2010-03-06,0.4120015104,0.01823793408,0.434553984
2010-03-07,0.5375123712,-0.0701841024,0.4715978112
2010-03-08,0.4763857536,-0.0450836928,0.4291564032
2010-03-09,0.42698534399999993,-0.00933099264,0.40724363519999995
2010-03-10,0.21657300479999997,0.16985894399999998,0.3759965568
2010-03-11,0.5255559935999999,-0.14918307839999997,0.3680608896
2010-03-12,0.4732152192,-0.01845908352,0.44763943679999996
2010-03-13,0.4242129408,0.10420151039999999,0.5121937152
2010-03-14,0.482308992,-0.01881252864,0.4542552576
2010-03-15,0.5456709503999999,-0.03728446848,0.4820518656
2010-03-16,0.5495641344,-0.06511176576,0.572277312
2010-03-17,0.6476308991999999,-0.01630751616,0.6309788543999999
2010-03-18,0.5780325888,-0.0035269862399999997,0.6071200127999999
2010-03-19,0.38425674239999996,2.299539456e-4,0.3847108608
2010-03-20,0.32941520639999994,0.08748933119999999,0.41537422079999997
2010-03-21,0.6394972031999999,-0.02755254528,0.615542976
2010-03-22,0.6575997312,-0.0340993152,0.6201318527999999
2010-03-23,0.5365357056,-0.03573673344,0.4996162944
2010-03-24,0.485434944,-0.036706659839999996,0.4451179392
2010-03-25,0.4681867392,0.05060683008,0.5185036799999999
2010-03-26,0.5303636352,-0.03506167296,0.4852130688
2010-03-27,0.47747750399999994,-0.004086049536,0.4720975488
2010-03-28,0.5181490943999999,0.07444877184,0.5928069887999999
2010-03-29,0.5713141248,0.10331525376,0.6886176768
2010-03-30,0.662556672,0.130880448,0.808631424
2010-03-31,0.645247296,0.1298363904,0.769606272
2010-04-01,0.6957601919999999,-0.02197891584,0.6626354688
2010-04-02,0.4882270464,0.0630680256,0.5513992703999999
2010-04-03,0.5765551487999999,0.06780672,0.6475375872
2010-04-04,0.5853420288,0.12893644799999998,0.7200223488
2010-04-05,0.7416448127999999,0.04055318784,0.7906750848
2010-04-06,0.49595639039999995,0.086710176,0.5847728256
2010-04-07,0.4427986176,0.2135144448,0.6254091648
2010-04-08,0.8403792768,-0.03575000448,0.7999295616
2010-04-09,0.9507829247999999,-0.04670452224,0.8834852736
2010-04-10,0.8122228992,0.053835114239999995,0.8563190399999999
2010-04-11,0.20811790079999998,0.7987051008,0.9998277119999999
2010-04-12,0.46949518079999997,0.5864254847999999,1.046618496
2010-04-13,0.5864368896,0.30063674879999996,0.8748611712
2010-04-14,0.6625027584,0.29264198399999997,0.9509446655999999
2010-04-15,0.5442380927999999,0.4891487616,1.0075726079999998
2010-04-16,0.7682905728,0.1539917568,0.9002441087999999
2010-04-17,0.30855167999999994,0.6309042048,0.9334694016
2010-04-18,0.04422895488,0.9199858176,0.9877552127999999
2010-04-19,0.25744884479999997,0.8363741183999999,1.094560128
2010-04-20,0.02485800576,1.1578152959999999,1.1873433599999998
2010-04-21,-0.3194826624,1.572918912,1.256103936
2010-04-22,0.8449577855999999,0.4190164992,1.227197952
2010-04-23,1.061641728,0.1510638336,1.211531904
2010-04-24,0.6110059392,0.6817623552,1.2928584959999998
2010-04-25,0.4410671616,0.8600359679999999,1.27852992
2010-04-26,0.6888602879999999,0.43433521919999996,1.1162810879999998
2010-04-27,0.09351148032,1.21777344,1.3261294080000001
2010-04-28,0.3418308864,0.9532795392,1.3170366719999997
2010-04-29,0.7633605887999999,0.1129531392,0.8901259775999999
2010-04-30,0.7130363904,0.07898923008,0.8089497215999999
2010-05-01,0.7707902976,0.012942581759999999,0.8071467264
2010-05-02,0.7692216192,-0.02183200128,0.7763962752
2010-05-03,0.7510599936,0.1098468864,0.8891773056
2010-05-04,-0.2510683776,1.242003456,1.0184973696
2010-05-05,-0.328650048,1.379887488,1.07034048
2010-05-06,-0.5439332735999999,1.5956870399999998,1.055649024
2010-05-07,0.639949248,0.2629874304,0.9000129023999999
2010-05-08,0.5071113215999999,0.4939491456,0.9994586111999999
2010-05-09,-0.08121762432,1.2897480959999998,1.21061952
2010-05-10,-0.34760586239999997,1.434060288,1.0868048639999999
2010-05-11,1.0110448511999999,-0.05277623039999999,0.957417408
2010-05-12,0.7162867584,0.1838775168,0.8994426623999999
2010-05-13,0.9422013311999999,-0.002638541952,0.9409405823999999
2010-05-14,0.29116143359999996,0.7814931839999999,1.07863488
2010-05-15,-0.035382873599999996,1.1363742719999999,1.109137536
2010-05-16,-1.911195648,3.3986718719999995,1.211210496
2010-05-17,-2.524027392,3.9685904639999996,1.328234112
2010-05-18,-2.101832064,3.645896832,1.3276949759999999
2010-05-19,-1.169531136,2.4706632959999997,1.2419930879999999
2010-05-20,-2.997813888,4.527767808,1.357554816
2010-05-21,-2.52839232,3.972986496,1.43093952
2010-05-22,-4.295794176,5.809532544,1.5240856319999998
2010-05-23,-3.574129536,5.233496832,1.355004288
2010-05-24,-1.873580544,3.2705856,1.32363072
2010-05-25,-3.577810176,5.0397292799999995,1.349675136
2010-05-26,-3.126636288,4.669301376,1.526211072
2010-05-27,-3.306915072,5.082611328,1.78454016
2010-05-28,-2.122184448,4.08742848,2.017675008
2010-05-29,-3.6211173119999995,5.848350335999999,1.979168256
2010-05-30,-4.349572992,6.49513728,1.912263552
2010-05-31,-3.793423104,6.11006976,2.24788608
2010-06-01,-4.517814528,6.971215104,2.442721536
2010-06-02,-0.7704502271999999,3.324996864,2.46618432
2010-06-03,-2.189400192,5.023835136,2.788390656
2010-06-04,-2.2435107839999997,5.44548096,3.1496532479999995
2010-06-05,-3.1825301759999998,6.45625728,3.2482944
2010-06-06,-2.703134592,5.773379328,3.0752317439999994
2010-06-07,-2.892754944,5.834312064,2.940738048
2010-06-08,-1.8861258239999998,4.273523711999999,2.394790272
2010-06-09,-4.193047296,6.506625024,2.4210420479999994
2010-06-10,-3.4180600319999996,5.832549504,2.340752256
2010-06-11,0.32161535999999996,1.7615439359999998,2.089473408
2010-06-12,0.5667148799999999,1.2776382720000001,1.8369503999999999
2010-06-13,0.09289914624,1.718796672,1.795156992
2010-06-14,-2.368237824,4.262357376,1.907110656
2010-06-15,-3.584404224,5.679103103999999,2.2382438399999995
2010-06-16,-2.090738304,4.7713536,2.646763776
2010-06-17,-3.129601536,5.85885312,2.718582912
2010-06-18,-2.9103494399999996,5.828609664,3.049757568
2010-06-19,-4.193741951999999,7.4287653119999995,3.2755415039999995
2010-06-20,-2.718811008,6.308803584,3.5927712
2010-06-21,-3.078798336,6.943988736,3.8763152639999996
2010-06-22,-1.664281728,5.8941665279999995,4.174851456
2010-06-23,-3.535104384,7.698043007999999,4.112539775999999
2010-06-24,-1.077007104,5.632488576,4.622178816
2010-06-25,-0.284995584,4.9071951359999995,4.670182656
2010-06-26,-3.7351756799999998,8.11389312,4.3959283199999994
2010-06-27,-2.8194013439999996,7.0080837119999995,4.206909312
2010-06-28,-2.12611392,6.432846335999999,4.372641792
2010-06-29,-2.247129216,6.46838784,4.349884032
2010-06-30,-1.925824896,6.110152704,4.313979647999999
2010-07-01,-2.067628032,6.141246335999999,4.182596352
2010-07-02,-2.763963648,6.746467968,4.0559201279999995
2010-07-03,-2.1591048959999997,6.136342271999999,4.146049152
2010-07-04,-1.83197376,5.379633792,3.6486650879999996
2010-07-05,-3.871483776,7.529283071999999,3.7797580799999997
2010-07-06,-1.7323061759999998,5.878687103999999,4.083810048
2010-07-07,0.5381800704,3.2936751359999996,3.8023706879999994
2010-07-08,-1.38604608,5.424019199999999,4.040554751999999
2010-07-09,-3.098103552,7.648401023999999,4.515305472
2010-07-10,-3.2536857599999998,8.077252608,4.8622913279999995
2010-07-11,-2.853543168,7.8975751679999995,4.998423168
2010-07-12,-2.182816512,7.588826495999999,5.354481024
2010-07-13,-0.46014842879999995,6.384552191999999,5.8493456639999994
2010-07-14,-0.990242496,6.653124864,5.602379903999999
2010-07-15,-0.7218989567999999,6.14957184,5.410136448
2010-07-16,0.1160635392,5.035830912,5.351246208
2010-07-17,0.9148712832,4.247178623999999,5.200733951999999
2010-07-18,-1.540809216,6.2710951679999996,4.8271645439999995
2010-07-19,-0.4603153536,5.150065536,4.714962047999999
2010-07-20,-1.679657472,5.948235648,4.352652288
2010-07-21,-3.774667392,7.883391744,4.198490496
2010-07-22,-2.205833472,6.381286272,4.2985728
2010-07-23,-2.2649518079999997,6.800588928,4.528047743999999
2010-07-24,-2.1482495999999998,6.53329152,4.354860672
2010-07-25,-2.409222528,7.273069056,4.810316543999999
2010-07-26,-0.586528128,5.800533119999999,5.228343936
2010-07-27,-2.076471936,7.5198481919999995,5.31790272
2010-07-28,0.8997723648,4.475720448,5.195788416
2010-07-29,0.7015330944,4.693738752,5.255352575999999
2010-07-30,-0.6884289791999999,6.13122048,5.188634496000001
2010-07-31,-1.6612750079999998,7.093764864,5.229463679999999
2010-08-01,0.3944007936,4.793271552,5.080091904
2010-08-02,1.209779712,3.597602688,4.7539872
2010-08-03,-0.2809862784,4.969320192,4.61179008
2010-08-04,0.7322130431999999,3.774356352,4.4338752
2010-08-05,-1.195046784,5.850828288,4.554144
2010-08-06,-1.380582144,6.105238271999999,4.697968896
2010-08-07,-1.21170816,6.06175488,4.834017792
2010-08-08,-1.878920064,6.64910208,4.770026496
2010-08-09,0.6212868479999999,4.022390016,4.690700928
2010-08-10,-1.604406528,6.511850495999999,4.9421041919999995
2010-08-11,-1.6151788799999998,6.71696064,5.201895168
2010-08-12,-1.645370496,6.948291456,5.311443455999999
2010-08-13,-1.183227264,6.3265535999999996,5.14636416
2010-08-14,-1.4967866879999998,6.53992704,5.027474304
2010-08-15,-1.55271168,6.441244416,4.906510848
2010-08-16,-1.816100352,6.789070079999999,4.910709888
2010-08-17,-1.320966144,6.338310912,4.961461248
2010-08-18,-1.18008576,6.397812864,5.163813503999999
2010-08-19,-1.6408707839999999,6.468584832,4.760093952
2010-08-20,-1.9860940799999998,6.797053439999999,4.757491584
2010-08-21,-2.207824128,7.0726659839999995,4.870367999999999
2010-08-22,-0.8338391424,5.717962368,4.830824448
2010-08-23,-1.31538816,5.73899904,4.378779647999999
2010-08-24,-1.2077268479999999,5.149847808,3.896460288
2010-08-25,-1.729092096,5.807687039999999,4.069471104
2010-08-26,-1.172444544,5.216576256,4.0512441599999995
2010-08-27,-1.105933824,4.9375008,3.828912768
2010-08-28,-1.416175488,4.973985792,3.548717568
2010-08-29,-2.02362624,5.492385791999999,3.46721472
2010-08-30,-2.4758783999999996,5.822077824,3.334981248
2010-08-31,-1.98915264,5.124259584,3.1558118399999997
2010-09-01,-1.7321299199999998,4.9989312,3.246137856
2010-09-02,-3.3293099519999996,6.283858175999999,2.919846528
2010-09-03,-1.9982868479999998,4.944302208,3.0119765759999995
2010-09-04,-0.9107945855999999,4.226546304,3.2411923199999997
2010-09-05,-0.6967990655999999,3.9982636799999995,3.187579392
2010-09-06,-2.3225045759999996,5.1397286399999995,2.734933248
2010-09-07,-0.8862348671999999,3.8267043839999997,2.880116352
2010-09-08,-1.324480896,4.230465408,2.838934656
2010-09-09,-1.5605291519999998,4.4383127039999994,2.822542848
2010-09-10,-2.284972416,4.891715712,2.541829248
2010-09-11,-1.194953472,3.8304057599999997,2.5826999039999996
2010-09-12,-1.411198848,4.095474048,2.63958912
2010-09-13,-0.8272285055999999,3.479096448,2.6047630079999995
2010-09-14,-0.6462726912,3.25301184,2.5461215999999998
2010-09-15,-1.125881856,3.554399232,2.3546972159999995
2010-09-16,-0.578881728,2.922179328,2.261146752
2010-09-17,-0.4149449856,2.729655936,2.223998208
2010-09-18,-0.17313108479999997,2.448475776,2.1959527679999997
2010-09-19,0.1925918208,2.054481408,2.1867563519999997
2010-09-20,-0.9309976703999999,3.0308255999999996,2.05903296
2010-09-21,-0.7584326784,2.7265248,1.946115072
2010-09-22,-0.3494409984,2.1933400319999996,1.84203072
2010-09-23,-2.222038656,3.9855214079999994,1.7707196159999998
2010-09-24,-1.55758464,3.4803717119999997,1.9386190079999999
2010-09-25,-0.7485395328,2.7024088319999997,2.019437568
2010-09-26,0.130678272,2.013289344,2.1544289279999997
2010-09-27,-0.5770662912,2.711760768,2.127088512
2010-09-28,0.13298826239999997,2.040650496,2.189908224
2010-09-29,-0.38000067839999996,2.330021376,1.9779033599999998
2010-09-30,-1.049158656,2.8357413119999997,1.80501696
2010-10-01,-0.7635523968,2.4256247039999996,1.7124721920000001
2010-10-02,-1.199753856,2.693222784,1.5346298879999998
2010-10-03,-1.152392832,2.58147648,1.5169524479999998
2010-10-04,-1.9767110399999999,3.245018112,1.367362944
2010-10-05,-1.4268856319999998,2.6418804479999998,1.294268544
2010-10-06,-0.952591104,2.1241854719999997,1.248276096
2010-10-07,-1.237244544,2.739547008,1.3920076799999999
2010-10-08,-1.002393792,2.30252544,1.257721344
2010-10-09,-2.032895232,3.263732352,1.2469489919999999
2010-10-10,-1.54472832,2.9157408,1.394692992
2010-10-11,-1.2727964159999998,2.7515738880000002,1.4857240319999998
2010-10-12,-0.24331415039999998,1.6035045119999998,1.3726298879999999
2010-10-13,-1.668916224,3.212659584,1.517605632
2010-10-14,-0.8279273087999999,2.545976448,1.720714752
2010-10-15,-1.0212231167999999,2.7735333119999996,1.7549602559999997
2010-10-16,-1.581420672,3.145195008,1.5829136639999999
2010-10-17,-1.8014918399999997,3.2916222719999997,1.5111878399999998
2010-10-18,-0.3047943168,1.484251776,1.2278822399999998
2010-10-19,-0.9542655359999999,2.212572672,1.2846366719999998
2010-10-20,-1.1882764799999999,2.55498624,1.397284992
2010-10-21,-0.8742131712,2.198420352,1.4052476159999998
2010-10-22,0.6084004608,0.6246326016,1.250878464
2010-10-23,-0.5677382016,1.7840321279999998,1.2322782719999998
2010-10-24,-0.5000144256,1.7509789439999999,1.259960832
2010-10-25,0.9489477888,0.11714803199999999,1.07433216
2010-10-26,0.7970275584,0.04941710208,0.8471495807999999
2010-10-27,0.9135566208,-0.09655334783999998,0.8171922815999999
2010-10-28,-0.49271016959999997,1.546138368,1.0421602559999998
2010-10-29,-0.1257980544,1.161724032,1.0379715840000001
2010-10-30,-0.3701085696,1.3486590719999998,0.9591208703999999
2010-10-31,-0.8420713343999999,1.7055878399999997,0.8683293311999999
2010-11-01,-0.33441672959999996,1.127602944,0.9107976959999999
2010-11-02,-0.043406876159999996,1.171044864,1.1306822399999998
2010-11-03,-0.3692397312,1.3834748159999999,1.071180288
2010-11-04,0.07128217728,1.116249984,1.193999616
2010-11-05,0.22877821439999999,1.0767479039999999,1.316342016
2010-11-06,0.23643601919999999,1.1346531839999998,1.384242048
2010-11-07,0.2761008768,0.991657728,1.278187776
2010-11-08,0.18023005439999998,1.060739712,1.2518530559999999
2010-11-09,0.5564495232,0.34444258559999996,0.907635456
2010-11-10,0.6369643008,0.09227768832,0.7210041983999999
2010-11-11,0.565952832,0.04541526144,0.613096128
2010-11-12,0.6429590783999999,-0.0628580736,0.5798718719999999
2010-11-13,0.5358576384,-0.012513139199999999,0.5029060608
2010-11-14,0.547000128,-0.0725946624,0.4951466496
2010-11-15,0.4828885632,0.03642682752,0.5200516223999999
2010-11-16,0.4071212928,0.112254336,0.5169391488
2010-11-17,0.5192107775999999,-0.01756256256,0.5002497791999999
2010-11-18,0.49240949759999997,0.15134480639999998,0.6434805887999999
2010-11-19,0.5516366976,0.12368194559999998,0.6756711551999999
2010-11-20,0.34122850559999995,0.32388491519999996,0.6656743296
2010-11-21,0.5721331968,-0.0029639208959999996,0.5573867904
2010-11-22,0.42940108799999993,-0.025360128,0.4013494272
2010-11-23,0.4055619456,0.08926837631999998,0.4938299136
2010-11-24,0.44311380479999996,-0.11056227839999999,0.32976771839999997
2010-11-25,0.46744750079999997,-0.1347207552,0.3302716032
2010-11-26,0.6226388352,-0.11166958079999999,0.5122248192
2010-11-27,0.42657373439999996,0.15125356799999998,0.5764504319999999
2010-11-28,0.36173537279999995,0.1272703104,0.49070292479999994
2010-11-29,0.6726488831999999,-0.3188242944,0.35366181119999995
2010-11-30,0.5417964287999999,-0.1917883008,0.3502735488
2010-12-01,0.39969780479999995,0.08649887615999999,0.49058265599999995
2010-12-02,0.36034813439999996,0.1628947584,0.5321033856
2010-12-03,0.513998784,9.639326592e-4,0.5254284671999999
2010-12-04,0.6444302976,-0.146380608,0.5052295296
2010-12-05,0.44025327359999994,0.001905306624,0.45068762879999996
2010-12-06,0.37410439679999996,0.07133463936,0.4548939264
2010-12-07,0.49020940799999996,-0.08293383936,0.4144473216
2010-12-08,0.3569889024,0.12200543999999999,0.4885121664
2010-12-09,0.2944066176,0.144602496,0.4463672832
2010-12-10,0.45980213759999994,-0.04076044416,0.4251356928
2010-12-11,0.4287178368,-0.08630551296,0.3453238656
2010-12-12,0.35478259199999995,0.08502651648,0.4447384704
2010-12-13,0.5566050432,-0.04099248,0.521811072
2010-12-14,0.5371940735999999,0.016076517119999998,0.5599321344
2010-12-15,0.5332905216,-0.06415438464,0.47348582399999994
2010-12-16,0.36954766079999996,0.004814422271999999,0.3762671616
2010-12-17,0.2379943296,0.1137431808,0.35352287999999993
2010-12-18,0.4236064128,0.04264814592,0.47197002239999997
2010-12-19,0.45642424319999997,0.06706250495999999,0.5318970623999999
2010-12-20,0.6680558592,-0.14643037439999998,0.5306777856
2010-12-21,0.5014877184,0.021673163519999997,0.5331598848
2010-12-22,0.5376710016,0.005373485567999999,0.553770432
2010-12-23,0.5285233152,-0.006732709631999999,0.5319883007999999
2010-12-24,0.4429790208,0.02379891456,0.478571328
2010-12-25,0.49593047039999993,0.01081558656,0.5168313216
2010-12-26,0.5420587392,-0.03233509632,0.5181615359999999
2010-12-27,0.3817953792,0.05135519231999999,0.4394559744
2010-12-28,0.39746764799999995,0.06720081408,0.48719854079999997
2010-12-29,0.4844738304,-0.004047449472,0.48963605759999995
2010-12-30,0.4144939776,-0.08706600576,0.33068632319999997
2010-12-31,0.25185323519999997,-0.10391431679999999,0.14568595199999998
2011-01-01,0.43236011519999995,-0.2786285952,0.07463860991999999
2011-01-02,0.2087773056,0.1497699072,0.29062437119999995
2011-01-03,0.2720573568,0.1459824768,0.3535944192
2011-01-04,0.301211136,0.09705121919999998,0.342029952
2011-01-05,0.3860286336,0.010807188479999999,0.33495586559999996
2011-01-06,0.5947209216,-0.07017715584,0.5208043391999999
2011-01-07,0.4567197312,0.12441807359999998,0.6037203456
2011-01-08,0.46935210239999997,0.1087934976,0.6068950272
2011-01-09,0.35734245119999997,-0.01507206528,0.2734995456
2011-01-10,0.30389437439999994,-0.149501376,0.07577888255999998
2011-01-11,0.4820611968,-0.2497039488,0.15948990719999998
2011-01-12,0.3142634112,0.07221788927999999,0.3591620352
2011-01-13,0.3975651072,0.0204114816,0.4488089472
2011-01-14,0.2633150592,0.13661395199999998,0.41090768639999997
2011-01-15,0.4635854208,-0.09512080127999999,0.3751785216
2011-01-16,0.3687918336,-0.013214327039999998,0.3667514112
2011-01-17,0.3463233408,0.02374313472,0.39435517439999995
2011-01-18,0.26536999679999995,0.05454677376,0.3137470848
2011-01-19,0.2353183488,0.03784879872,0.2496883968
2011-01-20,0.24238206719999997,0.0029596700159999997,0.2076679296
2011-01-21,0.29821996799999995,-0.006164118144,0.2604296448
2011-01-22,0.2770889472,0.05041512576,0.28601786879999996
2011-01-23,0.5165171712,-0.1790740224,0.30026039039999997
2011-01-24,0.3595228416,-0.02707634304,0.28094169599999996
2011-01-25,0.37402248959999995,0.04797294335999999,0.40167083519999996
2011-01-26,0.45773475839999994,-0.04615335935999999,0.37547193599999995
2011-01-27,0.5025411072,0.008933836031999999,0.5220319104
2011-01-28,0.5900916096,-0.02579008896,0.6176186496
2011-01-29,0.48499845119999996,0.004869714815999999,0.5012523647999999
2011-01-30,0.44613711359999997,0.01226202624,0.46103074559999996
2011-01-31,0.4575688704,-0.2289078144,0.1715313024
2011-02-01,0.45112826879999995,-0.42023370239999996,0.007306122239999999
2011-02-02,0.42813515519999995,-0.33958310399999997,0.03930135552
2011-02-03,0.3810354048,-0.0381055104,0.293756544
2011-02-04,0.47876209919999996,-0.032757695999999996,0.4386680064
2011-02-05,0.200226816,0.2051547264,0.37059068159999997
2011-02-06,0.4046765184,-0.11117813759999999,0.21729772799999997
2011-02-07,0.40935663359999996,-0.03874739327999999,0.3219481728
2011-02-08,0.40025975039999995,-0.28081105919999994,0.05217685632
2011-02-09,0.5066084735999999,-0.304368192,0.12535637759999999
2011-02-10,0.2958031872,-0.010118908799999998,0.20936517119999998
2011-02-11,0.31288135679999995,0.067031712,0.32793984
2011-02-12,0.5499404928,-0.06960857472,0.469608192
2011-02-13,0.4717014912,0.08312108543999999,0.5793389568
2011-02-14,0.5552986752,0.02418522624,0.6233262336
2011-02-15,0.39629295359999994,0.17377079039999999,0.5966286336
2011-02-16,0.4849300224,0.07078243968,0.5956737408
2011-02-17,0.43874058239999997,-0.04815054719999999,0.33954370559999997
2011-02-18,0.324015552,0.1197265536,0.42937413119999995
2011-02-19,0.46399080959999994,0.052079293439999993,0.559410624
2011-02-20,0.38770928639999996,-0.05000610816,0.2997419904
2011-02-21,0.28106818559999996,0.037126978559999996,0.264907584
2011-02-22,0.3432834432,0.02496645504,0.36406195199999997
2011-02-23,0.41708701439999996,-0.059430516479999994,0.34821757439999995
2011-02-24,0.3271529088,0.009021227904,0.3151156608
2011-02-25,0.23656976639999996,0.09908002944,0.3158517888
2011-02-26,0.29444186879999995,0.07059654144000001,0.3659655168
2011-02-27,0.2920696704,0.061796183039999994,0.3467919744
2011-02-28,0.4054364928,-0.01579233024,0.4099538304
2011-03-01,0.4257442944,0.01607133312,0.4980901247999999
2011-03-02,0.577233216,-0.1391499648,0.5079511296
2011-03-03,0.39815400959999997,0.0031712808959999997,0.43319266559999997
2011-03-04,0.34314243839999997,-0.02419507584,0.2877835392
2011-03-05,0.2831023872,0.05055986303999999,0.32548677119999997
2011-03-06,0.305876736,0.058396826879999995,0.3592626048
2011-03-07,0.381941568,-0.01304076672,0.3474700416
2011-03-08,0.34936634879999995,0.0147764736,0.333061632
2011-03-09,0.3453228288,0.0350303616,0.3476400768
2011-03-10,0.5914104191999999,-0.07359963264,0.5471463168
2011-03-11,0.490712256,0.031323594239999995,0.5721674111999999
2011-03-12,0.5126944896,-0.037106346240000004,0.48994813439999996
2011-03-13,0.2837804544,0.14133450239999998,0.4032975744
2011-03-14,0.426389184,0.0760394304,0.5247234432
2011-03-15,0.5302962431999999,-0.0320899968,0.5081211648
2011-03-16,0.7704523008,-0.1890542592,0.6488729856
2011-03-17,0.6773798015999999,-0.16687296000000001,0.5187981312000001
2011-03-18,0.5217882624,-0.006696504575999999,0.4787185536
2011-03-19,0.7145179776,-0.088757856,0.6833839104
2011-03-20,0.6626873087999999,-0.04157733888,0.655833024
2011-03-21,0.6363111168,0.0815194368,0.8118911232
2011-03-22,0.5279831424,-0.0457814592,0.43297286399999996
2011-03-23,0.603370944,-0.07631065728,0.5116276224
2011-03-24,0.5066074368,0.08002312703999999,0.61425216
2011-03-25,0.56293056,0.04182274944,0.6882008832
2011-03-26,0.45858182399999997,0.10056099455999999,0.54463104
2011-03-27,0.597108672,-8.542008575999999e-4,0.578130048
2011-03-28,0.5932631808,-0.03675839616,0.4985597952
2011-03-29,0.5837785343999999,-0.04249926144,0.4505113728
2011-03-30,0.5741010432,0.028388517119999998,0.5371909632
2011-03-31,0.5396917247999999,0.2548361088,0.8017242623999999
2011-04-01,0.7531926911999999,0.1608626304,0.9645474815999999
2011-04-02,1.141174656,-0.04523330304,1.245756672
2011-04-03,0.9997115903999999,-0.1942403328,0.7560801791999999
2011-04-04,0.637953408,-0.023854487039999997,0.4678083072
2011-04-05,0.6649817472,0.333600768,1.0042019711999999
2011-04-06,0.8523947519999999,0.04413097728,0.8378484479999999
2011-04-07,0.6706582272,0.22371863039999998,0.8843313023999999
2011-04-08,0.6723585792,0.2771013888,1.0321924608
2011-04-09,0.6294215808,0.2551627008,0.9534215808
2011-04-10,0.7082194176,-0.10904544,0.5030875008
2011-04-11,0.5775090048,0.2455411968,0.8333000063999999
2011-04-12,0.597124224,0.322605504,0.9666729216
2011-04-13,0.7481745792,0.056741160959999995,0.7640096256
2011-04-14,0.6383193984,0.08928185472,0.648425088
2011-04-15,0.6862091904,0.0436534272,0.6474536063999999
2011-04-16,0.611312832,0.31612032,0.9291832703999999
2011-04-17,0.558638208,0.46080576,1.0616935680000001
2011-04-18,0.1838744064,0.8758772351999999,1.113015168
2011-04-19,0.7255930751999999,0.15056927999999997,0.8173737216
2011-04-20,0.7115755391999999,0.2019976704,0.8934302592
2011-04-21,0.1571197824,0.80253504,0.9907100928
2011-04-22,0.6922050048,0.09455190911999999,0.7284152448
2011-04-23,0.7014708864,0.060001585919999996,0.6623565696
2011-04-24,0.6950074752,0.12455907839999998,0.7941784319999999
2011-04-25,0.6703606656,0.1413842688,0.8005671936
2011-04-26,0.7227315072,0.0371008512,0.7104288383999999
2011-04-27,0.7783008767999999,-0.053149582079999994,0.661742784
2011-04-28,0.6693186816,0.3462217344,1.0414759679999999
2011-04-29,0.6361856639999999,0.2400585984,0.8782452863999999
2011-04-30,0.7234365312,-0.059354208,0.5451484032
2011-05-01,0.724821696,-0.006653860992,0.5941454976
2011-05-02,0.7153785215999999,0.1070765568,0.7168766976000001
2011-05-03,0.879403392,0.22680311039999998,1.11186432
2011-05-04,0.42763023359999996,0.660581568,1.0541456639999998
2011-05-05,0.4792887936,0.7306723583999999,1.226710656
2011-05-06,0.35793446399999995,1.064990592,1.5281291519999998
2011-05-07,0.4108910976,1.142439552,1.675645056
2011-05-08,0.157370688,1.449218304,1.78811712
2011-05-09,-0.983700288,2.42398656,1.5106176
2011-05-10,-1.1588832,2.466402048,1.293376896
2011-05-11,0.5268043008,0.5492116224,0.9363662208
2011-05-12,-0.4916381184,1.707495552,1.145384064
2011-05-13,-1.73622528,3.146957568,1.456206336
2011-05-14,0.61731175679999994,0.5577859584,1.078458624
2011-05-15,-0.1320147072,1.3134908159999998,1.0810298879999998
2011-05-16,-1.679999616,3.2972209919999997,1.7967225599999999
2011-05-17,-2.2734432,3.8003489279999996,1.6145464319999998
2011-05-18,0.220335552,1.140749568,1.2521640959999998
2011-05-19,0.05537662848,1.2250414079999998,1.173678336
2011-05-20,-1.0080091007999998,2.3383365119999997,1.281204864
2011-05-21,-0.5359229568,1.9981727999999999,1.4455791359999999
2011-05-22,-2.560657536,4.226370048,1.774555776
2011-05-23,-2.248622208,3.892499712,1.7194809599999998
2011-05-24,-0.9258872832,2.4268066559999997,1.46598336
2011-05-25,-3.228107904,4.786480512,1.5458376959999998
2011-05-26,-2.8293027840000002,4.650732288,1.975269888
2011-05-27,-3.4839072,5.161387391999999,1.706251392
2011-05-28,-1.730740608,3.373819776,1.6310626559999999
2011-05-29,-3.87504,5.834322432,2.0362648319999996
2011-05-30,-3.20464512,4.795179264,1.532058624
2011-05-31,-3.013780608,4.730576255999999,1.723400064
2011-06-01,-1.789537536,3.732967296,2.1940554239999996
2011-06-02,-2.903848704,4.916878848,2.179540224
2011-06-03,-4.512195071999999,6.293147904,1.7072881919999998
2011-06-04,-3.9788651519999996,5.894840447999999,1.81471104
2011-06-05,-4.372641792,6.448875263999999,2.196056448
2011-06-06,-3.245018112,5.450965631999999,2.3655317759999996
2011-06-07,-3.9992382719999995,6.0684422399999995,2.067348096
2011-06-08,-4.942601856,6.986590848,1.9873175039999997
2011-06-09,-4.627756799999999,6.739396992,2.042610048
2011-06-10,-4.226629247999999,6.357253248,2.019043584
2011-06-11,-3.76897536,6.210038016,2.4236029439999998
2011-06-12,-3.873816576,6.443722368,2.623477248
2011-06-13,-4.1681226239999996,6.730532352,2.590579584
2011-06-14,-4.3441920000000005,6.793600895999999,2.388756096
2011-06-15,-3.6696084479999995,6.297689087999999,2.6680389119999997
2011-06-16,-3.500122752,6.170255999999999,2.781558144
2011-06-17,-5.342174208,7.712423423999999,2.229099264
2011-06-18,-4.795780608,7.373763072,2.513846016
2011-06-19,-2.4641936639999997,5.01878592,2.53487232
2011-06-20,-4.037174783999999,6.422571648,2.254023936
2011-06-21,-4.075484543999999,6.6536328959999995,2.62585152
2011-06-22,-2.613534336,5.5924992,3.17473344
2011-06-23,-1.66437504,4.804023168,3.455778816
2011-06-24,-1.6311456,5.092854912,3.775113216
2011-06-25,-1.842974208,5.313890304,3.6583695359999995
2011-06-26,-1.77427584,5.396699519999999,3.770509824
2011-06-27,-2.928140928,6.137379071999999,2.975336064
2011-06-28,-1.044928512,5.025379968,4.170963456
2011-06-29,-1.529103744,5.602846464,4.176095616
2011-06-30,-1.518611328,5.477642496,3.830955264
2011-07-01,-3.188865024,7.282047744,3.907201536
2011-07-02,-3.6893594879999996,8.167723775999999,4.339401984
2011-07-03,-1.369654272,6.48876096,5.041408896
2011-07-04,-0.24727679999999996,5.750528256,5.483303424
2011-07-05,-2.4211249919999998,7.606669824,4.987184256
2011-07-06,-3.318361344,8.827958016,5.309535744
2011-07-07,-2.0860001280000002,7.706264832,5.360069375999999
2011-07-08,-1.57909824,7.5666182399999995,5.745800448
2011-07-09,-3.3169409279999997,9.157504896,5.726339712
2011-07-10,-2.978353152,8.527275648,5.780979071999999
2011-07-11,-2.226984192,7.795149695999999,5.599020672
2011-07-12,-2.281229568,7.690142591999999,5.399955071999999
2011-07-13,-2.0388672,7.499101823999999,5.489275392
2011-07-14,-2.1827128319999995,7.647499008,5.6376
2011-07-15,-1.0555557119999999,6.504852096,5.6428047359999995
2011-07-16,-0.7193401343999999,6.068722176,5.658221952
2011-07-17,0.4839264,5.091133824,5.73101568
2011-07-18,-0.8127444095999999,6.41043072,5.83106688
2011-07-19,0.06965917056,5.5453973759999995,5.616273024
2011-07-20,-1.353780864,6.719065344,5.492644992
2011-07-21,-0.9397472255999999,6.209955072,5.3179545599999996
2011-07-22,-0.5856800255999999,5.8742496,5.404102272
2011-07-23,-0.834219648,5.8633528319999995,5.26170816
2011-07-24,-1.0230489215999998,5.684701823999999,5.0299626239999995
2011-07-25,-0.2744005248,5.2537351679999995,5.03387136
2011-07-26,-1.387010304,5.962460543999999,4.515305472
2011-07-27,-1.5469989119999998,5.973025536,4.365633024
2011-07-28,-0.9453666815999999,5.55709248,4.536694656
2011-07-29,-1.7145872639999997,6.498123263999999,4.910658048
2011-07-30,-0.8007662592,6.166222847999999,5.51821248
2011-07-31,-0.4102244352,5.758449408,5.685562368
2011-08-01,-2.4351321599999998,7.967745792,5.680202111999999
2011-08-02,-0.33697555199999996,5.58674496,5.269857408
2011-08-03,-2.569781376,7.730007551999999,5.466413951999999
2011-08-04,-1.5621984,7.037642879999999,5.590747008
2011-08-05,-1.608056064,6.952967424,5.750797824
2011-08-06,-0.8479924992,6.3284302079999994,5.875358976
2011-08-07,-0.3185682048,5.82277248,5.882067071999999
2011-08-08,-1.4525049599999997,6.692347008,5.449597056
2011-08-09,-0.8405700479999999,6.149602944,5.584743936
2011-08-10,-0.6578641152,5.7540844799999995,5.246342783999999
2011-08-11,-0.9543474432,6.179379839999999,5.440887935999999
2011-08-12,-1.97064576,6.98300352,5.141615616
2011-08-13,-2.1101471999999997,7.13702016,5.16336768
2011-08-14,-2.226538368,7.104246911999999,4.920217344
2011-08-15,-2.076337152,6.9497533439999994,4.9258679039999995
2011-08-16,-3.6224444159999996,8.309858688,4.646035584
2011-08-17,-1.5622502399999998,6.287486976,5.0035967999999995
2011-08-18,-1.4092185599999998,6.2879846399999995,5.035934592
2011-08-19,-0.6525868032,5.149101311999999,4.480427519999999
2011-08-20,-2.7414547199999997,7.112520576,4.3220044799999995
2011-08-21,-0.7202535552,4.944561407999999,4.187054591999999
2011-08-22,-1.386077184,5.703447167999999,4.273492608
2011-08-23,-1.581254784,5.83848,4.234892544
2011-08-24,-1.82850048,5.845882752,4.07187648
2011-08-25,-0.5121657216,4.713064704,4.079165184
2011-08-26,-0.9937116288,5.073871103999999,3.956822784
2011-08-27,-0.7697628288,4.739482367999999,4.118304384
2011-08-28,0.1525371264,3.8011783679999995,3.9442671359999997
2011-08-29,-1.5253194239999999,5.418835199999999,3.734024832
2011-08-30,-2.206859904,6.045394175999999,4.076873856
2011-08-31,-0.5702161536,4.787828352,4.306908672
2011-09-01,-1.122170112,5.192512128,4.307147136
2011-09-02,-1.7564428799999998,5.413993344,3.8269739519999995
2011-09-03,-2.84720832,5.9599722239999995,2.836539648
2011-09-04,-3.0172435199999996,6.163693056,2.850349824
2011-09-05,-1.1895517439999999,4.56119424,3.4692986879999994
2011-09-06,0.5572167552,2.5629488639999995,2.8255910399999995
2011-09-07,2.045015424,0.7327252223999999,2.330093952
2011-09-08,-1.914461568,4.878766079999999,2.43264384
2011-09-09,-2.832786432,5.71883328,2.4534524159999997
2011-09-10,-3.0462220799999997,5.832331776,2.58406848
2011-09-11,-2.8587997439999997,5.936571647999999,2.990670336
2011-09-12,-2.777753088,5.7139188480000005,3.114930816
2011-09-13,-3.0544957439999996,6.127394688,3.063090816
2011-09-14,0.08601977088,2.7731704319999997,2.568132864
2011-09-15,-0.841280256,3.685336704,2.695483008
2011-09-16,-2.968482816,6.209581824,3.2427786239999996
2011-09-17,-1.550710656,4.822457472,3.1350447359999998
2011-09-18,-2.219239296,5.555900159999999,3.3816683519999997
2011-09-19,-2.326703616,5.8913568,3.7453881599999996
2011-09-20,-2.1313704959999997,5.492593152,3.301160832
2011-09-21,-1.6965573119999997,4.546305792,2.598822144
2011-09-22,-2.0378096639999996,5.250676607999999,3.252254976
2011-09-23,-1.3818677759999998,4.647860352,3.4062716159999997
2011-09-24,-1.475687808,4.620519936,3.2712180479999997
2011-09-25,-1.6567130879999998,4.677543935999999,3.108927744
2011-09-26,-1.265995008,4.1661838079999995,2.9429879039999998
2011-09-27,-1.53824832,4.273762176,2.702035584
2011-09-28,-1.157763456,3.8814785279999997,2.7101122559999995
2011-09-29,-1.587050496,3.9939713279999998,1.9702103039999999
2011-09-30,-1.4252163839999998,4.00277376,2.5776403199999995
2011-10-01,-1.11113856,3.6498781439999997,2.5470650879999996
2011-10-02,-1.063414656,3.5615220479999996,2.515421952
2011-10-03,-1.8108748799999999,4.279578624,2.538117504
2011-10-04,-0.2863786752,2.393172864,1.9782143999999997
2011-10-05,-2.036451456,4.288246272,2.155123584
2011-10-06,-2.017934208,3.882598272,1.7525963519999999
2011-10-07,-0.558130176,2.013579648,1.4545474559999998
2011-10-08,0.9903700223999999,0.31677972479999994,1.261878912
2011-10-09,0.1654566912,1.1695103999999998,1.2922260479999998
2011-10-10,-0.7101800064,2.213277696,1.5768691199999998
2011-10-11,-0.6354878976,2.156067072,1.524178944
2011-10-12,-1.507776768,3.035864448,1.5027171839999998
2011-10-13,-0.97746912,2.698126848,1.7563495679999999
2011-10-14,-1.0735856639999999,2.8460782079999998,1.856919168
2011-10-15,-0.9149065344,2.786545152,2.022962688
2011-10-16,-1.700372736,3.530438784,1.9737146879999998
2011-10-17,-0.8747678592,2.237175936,1.2389967359999998
2011-10-18,-0.35740673279999996,1.591778304,1.070216064
2011-10-19,-0.9890729856,2.4274494719999997,1.4097162239999999
2011-10-20,-0.981258624,2.382431616,1.4480363520000001
2011-10-21,-0.8918605439999999,2.297590272,1.437948288
2011-10-22,-1.16059392,2.479776768,1.3260049919999999
2011-10-23,-0.9815634432,2.31501888,1.3938013439999999
2011-10-24,-0.5336855423999999,1.8917349119999998,1.5050810879999998
2011-10-25,-0.5821621631999999,1.635780096,1.045063296
2011-10-26,0.6865751807999999,-0.04170362112,0.4767475968
2011-10-27,0.3575498112,0.3979829376,0.6580341503999999
2011-10-28,0.4441018752,0.37145952,0.7856808191999999
2011-10-29,0.35071004159999997,0.5182994303999999,0.8631753983999999
2011-10-30,0.6833787264,0.2371690368,0.9476621568
2011-10-31,0.140009472,0.8224924031999999,1.039723776
2011-11-01,0.1281111552,0.7181053056,0.8812831104
2011-11-02,0.6060718079999999,-0.01893414528,0.4451780736
2011-11-03,0.1066950144,0.9045675648,1.0809573119999998
2011-11-04,0.2879411328,0.7971208703999999,1.1939685119999999
2011-11-05,0.5031206784,0.4561463808,0.9088568063999999
2011-11-06,0.6988135679999999,-0.03062116224,0.5585283071999999
2011-11-07,0.7353182592,-0.05424651648,0.5759392896
2011-11-08,0.7002744192,-0.0276706368,0.5562058752
2011-11-09,0.6570077183999999,0.01049200128,0.5998437503999999
2011-11-10,0.6007177727999999,0.163498176,0.8019606528
2011-11-11,0.5806339199999999,0.13539985919999997,0.7921390464
2011-11-12,0.5772757248,0.06400726272,0.6536557439999999
2011-11-13,0.6011221248,-0.0366695424,0.5463407231999999
2011-11-14,0.6091956864,-0.027319576319999997,0.5755774464
2011-11-15,0.5233030272,0.0031221780479999996,0.4947308928
2011-11-16,0.41420471039999995,0.007910742528,0.35192620799999996
2011-11-17,0.6907845888,-0.1166617728,0.5708351232
2011-11-18,0.6754534272,0.02537972352,0.744132096
2011-11-19,0.5924492927999999,0.01057100544,0.5498440703999999
2011-11-20,0.6331716863999999,0.08180061696,0.7050229632
2011-11-21,0.7300139904,-0.03250772352,0.6799842432
2011-11-22,0.8194877568,-0.15523488,0.6294506112
2011-11-23,0.7703341055999999,0.01245580416,0.8265494016
2011-11-24,0.6727235328,0.1482976512,0.8927542655999999
2011-11-25,0.6913859328,-0.0809206848,0.560426688
2011-11-26,0.46046672639999997,0.00586403712,0.3706705152
2011-11-27,0.6475199616,0.08266022783999999,0.7604233344
2011-11-28,0.7463176704,-0.03655507968,0.7183479168
2011-11-29,0.681011712,0.01841854464,0.6829702272
2011-11-30,0.6802610688,0.041529646079999996,0.7049327616
2011-12-01,0.5926203648,-0.107790912,0.314492544
2011-12-02,0.698766912,-0.050282622719999996,0.5715422208
2011-12-03,0.49611916799999994,-0.04741846272,0.278266752
2011-12-04,0.5831253504,-0.17316218879999998,0.2483612928
2011-12-05,0.5554635264,-0.2210861952,0.174270528
2011-12-06,0.36873273599999995,0.392314752,0.6713456256
2011-12-07,0.8396918784,0.306846144,1.213387776
2011-12-08,1.087416576,-0.23758271999999997,0.7694642303999999
2011-12-09,1.249872768,-0.4879823616,0.6930002303999999
2011-12-10,0.4642240896,0.31257653760000004,0.7555037184
2011-12-11,0.42675621119999996,0.2731273344,0.6987544703999999
2011-12-12,0.523889856,0.07058295936,0.567108864
2011-12-13,0.49420938239999995,0.031759983359999994,0.5296637952
2011-12-14,0.6039577728,-0.23228363519999998,0.3344073984
2011-12-15,0.4947225984,-0.1506045312,0.3054837888
2011-12-16,0.44135435519999994,-0.06846311808,0.36720138239999994
2011-12-17,0.47352936959999997,0.04394673791999999,0.5995264895999999
2011-12-18,0.5013280512,0.006987399552,0.5804815104
2011-12-19,0.32778431999999996,3.8667144959999997e-4,0.2814953472
2011-12-20,0.41488692479999995,-0.025388328959999998,0.36908732159999996
2011-12-21,0.416866176,-0.06564955391999999,0.30996898559999997
2011-12-22,0.40575790079999996,-0.1781574912,0.15142464
2011-12-23,0.4753842048,-0.14701824,0.2773460736
2011-12-24,0.455227776,-0.05388446592,0.38290268159999996
2011-12-25,0.4016843136,0.050599676159999996,0.4669622784
2011-12-26,0.3906237312,0.02765695104,0.4113887616
2011-12-27,0.3841623936,0.008947107071999999,0.37286749439999994
2011-12-28,0.6428460672,-0.2075559552,0.4288464
2011-12-29,0.351490752,0.13491152639999998,0.4853758464
2011-12-30,0.3031582464,0.24566250239999998,0.5515102080000001
2011-12-31,0.5066499456,-0.09173958911999999,0.346130496
2012-01-01,0.48727837439999994,-0.09040999679999999,0.4010933376
2012-01-02,0.3687710976,0.1345444992,0.4965504768
2012-01-03,0.5317394688,-0.040327683839999996,0.48561327359999995
2012-01-04,0.5576366591999999,-0.001198934784,0.5424599807999999
2012-01-05,0.48344843519999997,0.10384277759999999,0.569939328
2012-01-06,0.54919296,-0.10884844799999999,0.4491936
2012-01-07,0.23012398079999996,0.1235046528,0.36128332799999996
2012-01-08,0.301698432,0.02816353152,0.3209404032
2012-01-09,0.4692214656,0.030567352319999998,0.5025068927999999
2012-01-10,0.40426076159999996,0.13541022719999998,0.5328561024
2012-01-11,0.3035086848,-0.08353580544,0.234285696
2012-01-12,0.3934220544,-0.15494353919999998,0.2536852608
2012-01-13,0.2250001152,0.09664240896,0.33283975679999994
2012-01-14,0.5209474176,-0.07233888383999999,0.45276641279999996
2012-01-15,0.398711808,0.05734157184,0.47601457919999995
2012-01-16,0.33777388799999997,-0.019028597759999998,0.3242146176
2012-01-17,0.2812392576,-0.1315626624,0.16397925119999998
2012-01-18,0.2193495552,0.0989661888,0.3249683712
2012-01-19,0.3200321664,0.16246241279999998,0.4741939584
2012-01-20,0.2997689472,0.1244979072,0.42301854719999993
2012-01-21,0.5122372608,-0.021048802559999996,0.4801514112
2012-01-22,0.42562713599999996,-0.1388337408,0.294202368
2012-01-23,0.35097131519999997,0.002819899008,0.35443422719999995
2012-01-24,0.2751501312,0.02899006848,0.3081131136
2012-01-25,0.411443712,0.004638352895999999,0.40822755839999997
2012-01-26,0.21736719359999998,0.1363931136,0.35225798399999997
2012-01-27,0.3045589632,-0.07261933824,0.2400731136
2012-01-28,0.2274448896,-3.172825728e-4,0.23565323519999998
2012-01-29,0.33186516479999995,0.03917476224,0.36937969919999997
2012-01-30,0.5197851647999999,-0.07395826175999999,0.438763392
2012-01-31,0.3523699584,0.02916653184,0.3849472512
2012-02-01,0.3137906304,0.07196522111999999,0.3805895808
2012-02-02,0.3590987904,-0.03125734272,0.32418766079999994
2012-02-03,0.2654093952,-0.03292690176,0.22884560639999998
2012-02-04,0.2414012544,-0.04633386624,0.19565245439999998
2012-02-05,0.3526498944,-0.1110609792,0.23329451519999997
2012-02-06,0.2822573952,-0.05562815616,0.2195123328
2012-02-07,0.3191000832,-0.12244711679999999,0.1946529792
2012-02-08,0.41528298239999994,-0.1089562752,0.29336878079999995
2012-02-09,0.3883324032,-0.115328448,0.2661952896
2012-02-10,0.333543744,-0.04901658624,0.279614592
2012-02-11,0.4231305216,-0.07199466623999999,0.344461248
2012-02-12,0.3321627264,0.0915992064,0.41533274879999993
2012-02-13,0.4065552,-0.04158542592,0.3630064896
2012-02-14,0.3374908416,0.05694551424,0.3896906112
2012-02-15,0.34198640639999994,0.030746304,0.369417024
2012-02-16,0.4071575808,-0.001030885056,0.3994780032
2012-02-17,0.42889305599999994,-0.00956987136,0.4111710336
2012-02-18,0.3021069312,0.1423764864,0.43538757119999993
2012-02-19,0.3655321344,0.1067012352,0.4506803712
2012-02-20,0.3924941184,-0.1310732928,0.2668038912
2012-02-21,0.45272286719999993,-0.1280157696,0.3257241984
2012-02-22,0.5036390784,-0.0508327488,0.4421402496
2012-02-23,0.24661739519999998,0.011263173119999999,0.2661818112
2012-02-24,0.27247103999999994,0.007736529024,0.28826461439999995
2012-02-25,0.4416011136,0.04313212415999999,0.46448017919999995
2012-02-26,0.29994831359999996,-0.05376181248,0.25746336
2012-02-27,0.324969408,0.1509300864,0.4645102464
2012-02-28,0.4462252416,-0.04978755072,0.3949212672
2012-02-29,0.24523948799999998,0.1064575872,0.3539728512
2012-03-01,0.35381111039999996,-0.05416015104,0.3046574592
2012-03-02,0.3599188992,-0.182575296,0.1911620736
2012-03-03,0.2025057024,5.172729984e-4,0.21578296319999998
2012-03-04,0.32234008319999996,0.05505065855999999,0.3800722176
2012-03-05,0.5262910848,-0.05640005376,0.4650244992
2012-03-06,0.4817657088,0.03354753024,0.5054161535999999
2012-03-07,0.4003333632,-0.06118592256,0.34886972159999996
2012-03-08,0.43531810559999995,-0.09583515648,0.3513321216
2012-03-09,0.4917106944,0.011189767679999999,0.5047847424
2012-03-10,0.6632098559999999,-0.06522819839999999,0.5972372351999999
2012-03-11,0.39018827519999993,0.190086912,0.583360704
2012-03-12,0.5105244672,0.13074981119999998,0.6275035008
2012-03-13,0.669835008,0.04353232896,0.7127077248
2012-03-14,0.5797329407999999,0.19870686719999997,0.7750370303999999
2012-03-15,0.6951329279999999,0.14194725119999999,0.8313808896
2012-03-16,0.7501216895999999,0.1719356544,0.9076344191999999
2012-03-17,0.8079046271999999,0.1637117568,0.9556776576
2012-03-18,0.8421190272,-0.01045415808,0.8261087616
2012-03-19,0.7888119551999999,-0.3061660032,0.5071828608
2012-03-20,0.8234379648,-0.26107557119999997,0.5820657408
2012-03-21,0.682017408,0.15534789119999998,0.8373590783999999
2012-03-22,0.8245442304,0.155530368,0.9640653695999999
2012-03-23,0.8134649855999999,0.3620878848,1.1579500799999998
2012-03-24,0.7162172927999999,0.39551327999999997,1.140137856
2012-03-25,0.7351575552,0.5715100799999999,1.268130816
2012-03-26,0.3219274368,0.9560115071999999,1.2518323199999999
2012-03-27,0.4104753408,0.7807632768,1.20356928
2012-03-28,0.5117686271999999,0.9048485376,1.4090319359999999
2012-03-29,0.3871794816,0.9728273663999999,1.386782208
2012-03-30,0.33333431039999994,1.189168128,1.5415246079999998
2012-03-31,0.4909693824,1.276259328,1.7471946239999998
2012-04-01,0.5709367296,1.2254250239999998,1.759076352
2012-04-02,1.0668360959999998,-0.031658169599999994,1.0713772799999999
2012-04-03,1.0207876608,-0.06571539072,1.00053792
2012-04-04,0.4504896,0.9286596864,1.383288192
2012-04-05,0.5476398335999999,1.0299871872,1.551446784
2012-04-06,0.22385237759999999,1.2508473599999999,1.466273664
2012-04-07,0.29661085439999996,0.9369706752,1.206410112
2012-04-08,0.4405166208,1.0982511359999998,1.5151276799999998
2012-04-09,0.58244832,0.9446917248,1.5543083519999998
2012-04-10,0.6419637504,1.086638976,1.6818658559999997
2012-04-11,0.5416284671999999,1.16339328,1.613706624
2012-04-12,0.006844673664,1.28500992,1.2920290559999998
2012-04-13,0.016896729599999997,1.137659904,1.1703605759999998
2012-04-14,0.34411599359999995,0.8010461952,1.1587691519999999
2012-04-15,0.8989273728,0.11733569279999999,1.040470272
2012-04-16,0.8126635392,0.2688412032,1.102408704
2012-04-17,0.2167627392,1.18568448,1.397212416
2012-04-18,0.05485874688,1.482333696,1.515884544
2012-04-19,-0.10225222272,1.419420672,1.341028224
2012-04-20,-0.30135836159999996,1.796121216,1.514370816
2012-04-21,-0.9921823487999999,2.795098752,1.791465984
2012-04-22,-1.6850592,3.55088448,1.8164943359999999
2012-04-23,-2.170872576,4.199755392,1.9947098879999998
2012-04-24,-2.3013745919999997,4.409033472,2.0637815039999996
2012-04-25,-1.240510464,3.2216486399999997,1.943409024
2012-04-26,-1.705370112,3.5117763839999996,1.795851648
2012-04-27,-2.10646656,3.433549824,1.3920802559999998
2012-04-28,-0.8398131839999999,2.067918336,1.276259328
2012-04-29,-2.0831281919999998,3.5684789759999997,1.560840192
2012-04-30,-2.303582976,4.114374912,1.8674530559999998
2012-05-01,-1.9573747199999998,3.950684928,1.9912988159999998
2012-05-02,-2.4105288959999998,4.469167871999999,2.023460352
2012-05-03,-2.6026479359999994,4.8212651520000005,2.2029615359999997
2012-05-04,-2.324070144,4.676424192,2.316377088
2012-05-05,-2.5650639359999996,4.846946687999999,2.1281356799999998
2012-05-06,-0.9424118016,2.318056704,1.3926712319999999
2012-05-07,-0.089963136,1.2888149759999998,1.2101011199999998
2012-05-08,-2.3845777919999995,3.6842895359999996,1.284926976
2012-05-09,-3.1290935039999996,4.671333504,1.5908970239999998
2012-05-10,-2.9392554239999997,4.707320832,1.7117464319999998
2012-05-11,-0.628124544,1.773767808,1.15691328
2012-05-12,-1.9609205759999997,3.3215028479999997,1.356103296
2012-05-13,-2.4349559039999997,3.767596416,1.4184253439999999
2012-05-14,-3.4482205439999998,5.226218496,1.7648928
2012-05-15,-2.784875904,4.8273096959999995,1.9916928
2012-05-16,-2.7752232959999996,4.838963327999999,2.00807424
2012-05-17,-3.9351432959999997,6.115647743999999,2.119716864
2012-05-18,-3.725004672,6.195222143999999,2.4192587519999997
2012-05-19,-1.5841059839999998,3.382425216,1.841118336
2012-05-20,-3.814656768,5.96351808,2.206134144
2012-05-21,-3.3198128639999998,6.096933504,2.6929013759999996
2012-05-22,-1.65763584,4.7516544,2.985247872
2012-05-23,-1.1336682239999998,3.3394291199999997,2.23077888
2012-05-24,-2.730402432,4.634578944,1.963657728
2012-05-25,-0.5572105344,2.781122688,2.243925504
2012-05-26,-3.08572416,5.796406656,2.6161678079999997
2012-05-27,-4.114260864,5.999868287999999,1.9234609919999999
2012-05-28,-3.601563264,5.792321664,2.210270976
2012-05-29,-3.629857536,6.10530048,2.6500711679999998
2012-05-30,-3.7199243519999996,6.63951168,2.8880375039999997
2012-05-31,-3.9123751679999996,6.748085376,2.872257408
2012-06-01,-2.2829091839999998,5.58985536,3.36939264
2012-06-02,-1.276902144,4.764707711999999,3.535062912
2012-06-03,-1.5510216959999998,5.331204864,3.852769536
2012-06-04,-1.561928832,5.4432,4.01822208
2012-06-05,-2.8927756799999997,6.573768191999999,3.747710592
2012-06-06,-2.459818368,6.027623424,3.679489152
2012-06-07,-3.211000704,6.630315264,3.4286146559999997
2012-06-08,-1.8759962879999998,5.575091327999999,3.7145122559999995
2012-06-09,-0.8231404031999999,4.796879616,3.903054336
2012-06-10,-3.1937276159999994,6.373282176,3.204002304
2012-06-11,-3.666601728,6.806674944,3.204323712
2012-06-12,-3.271891968,6.952231296,3.70459008
2012-06-13,-1.5723071999999998,5.74615296,4.19250816
2012-06-14,-3.0776993279999996,7.133256576,4.094810496
2012-06-15,-2.5328090879999996,6.48508032,4.074696576
2012-06-16,-4.777087104,8.597259647999998,3.949969536
2012-06-17,-1.2993696,5.980034304,4.8103580159999995
2012-06-18,-0.7717348223999999,5.748423551999999,5.030128511999999
2012-06-19,-0.7505664767999999,5.631804288,4.948594559999999
2012-06-20,-4.750337664,8.414015616,3.8552578559999997
2012-06-21,-3.316194432,7.452964224,4.248526464
2012-06-22,-0.2657774592,5.312127744,5.0684693759999995
2012-06-23,-0.1262894976,5.1737045759999996,5.045296896
2012-06-24,-0.47734479359999993,5.442111359999999,4.956152832
2012-06-25,0.3991503744,4.535409024,4.942871424
2012-06-26,-0.7318812671999999,5.625386496,4.886158463999999
2012-06-27,-1.933030656,6.451104384,4.54745664
2012-06-28,-1.369446912,5.855286528,4.44626496
2012-06-29,-1.314672768,6.207508224,4.789673856
2012-06-30,-1.042523136,5.950257408,4.871425536
2012-07-01,-0.512391744,5.537953151999999,5.110874496
2012-07-02,-0.559420992,5.634458496,5.021999999999999
2012-07-03,-1.4094984959999999,6.4017008639999995,4.918309632
2012-07-04,-1.214165376,6.310711295999999,5.018070527999999
2012-07-05,0.10442960639999999,4.502967551999999,4.537793664
2012-07-06,1.142574336,3.110006016,3.9910786559999996
2012-07-07,1.2077475839999998,2.901059712,3.644901504
2012-07-08,0.8935940736,3.1960396799999997,3.4538711039999996
2012-07-09,0.8270449919999999,3.443275008,3.364457472
2012-07-10,-1.2637244159999999,5.705645183999999,3.346085376
2012-07-11,-0.9325839744,5.948266751999999,3.378319488
2012-07-12,-1.5691968,6.908903424,3.610521216
2012-07-13,-1.20305088,6.700724351999999,4.279588992
2012-07-14,-0.203632704,5.971014144,4.733748864
2012-07-15,-0.5055986304,5.88757248,5.156410752
2012-07-16,0.9175348224,4.250786688,5.1104183039999995
2012-07-17,-1.7622696959999997,7.229284991999999,5.431888512
2012-07-18,-0.8856573696,6.925658112,5.649585408
2012-07-19,-0.1542322944,6.3164966399999996,5.900356223999999
2012-07-20,-0.2610579456,6.4816588799999995,5.991169536
2012-07-21,-0.11927865599999998,6.206471424,5.804524799999999
2012-07-22,0.1520042112,5.783716224,5.442152832
2012-07-23,0.4840103808,5.06938176,5.331090816
2012-07-24,-0.6864746111999999,6.2719660799999994,5.237032319999999
2012-07-25,-2.6019118079999997,7.492818816,4.857179904
2012-07-26,-2.67437376,7.630661376,4.981067135999999
2012-07-27,-0.4985722368,5.48228736,4.897055232
2012-07-28,-1.543193856,6.6394079999999995,4.9978944
2012-07-29,0.02268331776,5.067982079999999,4.999221504
2012-07-30,-1.58671872,6.623140608,4.925619072
2012-07-31,-1.7660643839999999,7.341518592,5.292542591999999
2012-08-01,-1.5168487679999998,6.910935552,5.206674816
2012-08-02,-1.641866112,7.124931072,5.39099712
2012-08-03,-2.239187328,8.098164864,5.664971519999999
2012-08-04,-1.830335616,6.9096602879999995,4.992959232
2012-08-05,-0.49838664959999995,6.55651584,5.893440768
2012-08-06,-0.2705239296,6.177337344,5.793037055999999
2012-08-07,-1.045633536,6.942900095999999,5.787821952
2012-08-08,-1.23394752,7.232633856,5.926483584
2012-08-09,0.1383547392,5.906639232,6.021060479999999
2012-08-10,-0.8402372351999999,6.598112256,5.747573375999999
2012-08-11,0.5104156032,4.759938431999999,5.2809615359999995
2012-08-12,-2.2234279679999998,7.233193728,5.041087488
2012-08-13,-0.4485279744,5.571151488,5.168448
2012-08-14,-2.059375104,7.6469184,5.6293781759999995
2012-08-15,-2.602761984,8.21938752,5.623074432
2012-08-16,-1.752990336,7.11161856,5.39607744
2012-08-17,-2.9759996159999997,9.047780351999998,6.172360704
2012-08-18,-1.9988467199999997,7.515493631999999,5.716977407999999
2012-08-19,-2.074522752,7.977273984,6.146917632
2012-08-20,-1.0333505664,6.893475839999999,6.216092927999999
2012-08-21,-2.252116224,7.826056704,5.890154112
2012-08-22,-1.9449227519999999,7.36262784,5.587719551999999
2012-08-23,1.0854259199999998,3.609598464,4.774121855999999
2012-08-24,-1.153533312,5.779610495999999,4.6625829119999995
2012-08-25,-2.81143872,6.961199616,4.301869824
2012-08-26,-1.625671296,5.875327872,4.277411711999999
2012-08-27,-0.05089972608,4.1767488,4.11127488
2012-08-28,-0.7498687104,4.858507008,4.109035392
2012-08-29,-0.8502350976,4.921513344,4.077019008
2012-08-30,0.6203578752,3.1942978559999995,3.868207488
2012-08-31,-0.7187647104,4.729238784,3.8840394239999996
2012-09-01,-1.291759488,5.25533184,3.9174658559999997
2012-09-02,-1.5760396799999998,5.432510592,3.77726976
2012-09-03,-2.1402869759999996,5.809594752,3.614160384
2012-09-04,-1.1295935999999998,4.827247488,3.610459008
2012-09-05,-1.493956224,4.898123136,3.357687168
2012-09-06,-1.281318912,4.697595647999999,3.359055744
2012-09-07,0.5083181567999999,2.529522432,2.5653023999999998
2012-09-08,-2.14259904,5.060496384,2.6689824
2012-09-09,-1.3165079039999998,4.274913023999999,2.945922048
2012-09-10,-1.70004096,4.717719936,2.984864256
2012-09-11,-0.37892240639999997,3.18069504,2.8441808639999997
2012-09-12,1.2131700479999998,1.1630615039999999,2.294355456
2012-09-13,-2.5468784639999997,4.64968512,2.3579527679999996
2012-09-14,-2.151214848,4.615864704,2.6022435839999996
2012-09-15,-1.615002624,4.344596352,2.885227776
2012-09-16,-1.7881689599999997,4.500468863999999,2.81045376
2012-09-17,-1.110402432,3.4232958719999997,2.2661752319999997
2012-09-18,-2.182681728,4.78524672,2.690682624
2012-09-19,-2.510839296,5.2640098559999995,2.789240832
2012-09-20,-2.216564352,5.042694528,2.8094688
2012-09-21,-2.228414976,5.150117376,2.896425216
2012-09-22,-1.849537152,4.906386432,3.0004577279999998
2012-09-23,-1.7540893439999998,5.10919488,3.3079311359999997
2012-09-24,0.29217957119999993,2.7368305919999996,3.0206234879999996
2012-09-25,0.0468047808,2.566878336,2.543342976
2012-09-26,0.3088751616,1.9494017279999998,2.2600995839999998
2012-09-27,-0.9110060927999999,3.2274339839999997,2.2390214399999997
2012-09-28,-1.1876855039999998,3.5045498879999997,2.253868416
2012-09-29,-1.681181568,4.066298496,2.339632512
2012-09-30,-1.1656120319999999,3.390336,2.211660288
2012-10-01,-1.442468736,3.7460828159999995,2.1131642879999997
2012-10-02,-1.192123008,3.808083456,2.567448576
2012-10-03,-1.054622592,3.3540065279999998,2.2882072319999995
2012-10-04,0.003971794176,1.50548544,1.559430144
2012-10-05,0.16915806719999998,1.19454912,1.4416704
2012-10-06,1.070050176,-0.09323911296,1.0960012799999999
2012-10-07,0.2304723456,1.142273664,1.4012663039999997
2012-10-08,-0.6505391232,2.377869696,1.717137792
2012-10-09,-1.3371402239999999,2.9682858239999996,1.623877632
2012-10-10,-0.5551120512,2.320451712,1.7369717759999999
2012-10-11,-0.5955710976,2.312924544,1.677117312
2012-10-12,-0.6939955584,2.3343137279999997,1.64742336
2012-10-13,-0.6193770623999999,1.94622912,1.327902336
2012-10-14,-0.9634339583999999,2.424017664,1.442302848
2012-10-15,-0.746869248,2.454302592,1.6352720639999998
2012-10-16,-0.4916318976,2.0255857919999998,1.502644608
2012-10-17,0.6010319232,0.4151596032,1.0353889152
2012-10-18,0.5820460416,0.5679165312,1.158437376
2012-10-19,-0.30172124159999997,1.7226743039999999,1.4054031359999999
2012-10-20,-0.20137351679999999,1.7480759039999998,1.500850944
2012-10-21,-0.49466972159999995,1.948261248,1.436496768
2012-10-22,-0.42945914879999997,1.830874752,1.3915100159999998
2012-10-23,-0.6177223296,1.941408,1.322770176
2012-10-24,0.390671424,0.45764351999999997,0.8845158528
2012-10-25,0.917754624,-0.39548217599999996,0.6032900736
2012-10-26,0.6626022911999999,-0.1284118272,0.5914467072
2012-10-27,0.6364065024,0.03231830016,0.7103521152
2012-10-28,0.6148897919999999,0.2901619584,0.9313719551999999
2012-10-29,0.40482581759999997,0.6586282367999999,1.07132544
2012-10-30,0.14209758720000001,0.9405673344,1.089334656
2012-10-31,0.14468336639999999,0.9941232383999999,1.137203712
2012-11-01,-0.015981131519999997,1.15344,1.127084544
2012-11-02,0.4009036032,0.6095907072,0.9798050303999999
2012-11-03,0.37926144,0.5697122687999999,0.950196096
2012-11-04,0.35370743039999997,0.5917732992,0.9464148864
2012-11-05,0.21752271359999997,0.7715108735999999,0.9853125119999999
2012-11-06,0.3896315136,0.617606208,1.03042368
2012-11-07,0.1642228992,0.9671104511999999,1.099910016
2012-11-08,0.2910173184,0.7547561856,1.0169712
2012-11-09,0.37099399679999995,0.6377750783999999,0.993083328
2012-11-10,0.7213732991999999,-0.1122989184,0.6274858752
2012-11-11,0.7793138304,-0.47895287039999995,0.3325888512
2012-11-12,0.5026033151999999,0.04208702976,0.5645023487999999
2012-11-13,0.5157862272,0.0906463872,0.6198415488
2012-11-14,0.539815104,0.14956669439999998,0.6916430591999999
2012-11-15,0.53112672,0.10023398784,0.638990208
2012-11-16,0.56982528,0.20317651199999998,0.7650008063999999
2012-11-17,0.6881656319999999,0.07689499776,0.758875392
2012-11-18,0.5909075712,0.1374827904,0.7354354176
2012-11-19,0.570696192,0.1678257792,0.7375929983999999
2012-11-20,0.6668459136,0.1954969344,0.846853056
2012-11-21,0.6995154816,0.1660424832,0.8524310399999999
2012-11-22,0.41911188479999995,0.27449072639999994,0.6901117056
2012-11-23,0.460022976,0.2378242944,0.6901593984
2012-11-24,0.5090636159999999,0.20296915199999999,0.6979343616
2012-11-25,0.400635072,0.2232406656,0.6149945088
2012-11-26,0.27924445439999995,0.2091671424,0.48885016319999997
2012-11-27,0.43166131199999996,0.10523934719999999,0.5300194175999999
2012-11-28,0.48500674559999996,0.09429581951999999,0.5688537983999999
2012-11-29,0.57285688319999994,0.011367578879999998,0.5744089727999999
2012-11-30,0.5588528255999999,0.05657776128,0.6038737919999999
2012-12-01,0.3841852032,0.1907826048,0.5664888576
2012-12-02,0.6596360064,-0.06759251712,0.5761476864
2012-12-03,0.266131008,0.1722404736,0.44177633279999995
2012-12-04,0.38679586559999996,0.042035293439999996,0.42682464
2012-12-05,0.6032838528,-0.11489299199999999,0.46920384
2012-12-06,0.4173555456,-0.10226653055999999,0.3518805888
2012-12-07,0.304860672,-0.043097806079999995,0.258432768
2012-12-08,0.006214817663999999,0.166929984,0.17286255359999997
2012-12-09,-0.37301990399999996,0.43029895679999997,0.06162801408
2012-12-10,-0.03743034624,0.12282140159999999,0.08885334528
2012-12-11,0.2646784512,-0.1393759872,0.1291510656
2012-12-12,0.02027908224,0.2063553408,0.2257466112
2012-12-13,0.2930815872,-0.034322641919999994,0.26786142719999995
2012-12-14,0.22982745599999999,0.05102860032,0.28355132159999996
2012-12-15,0.20894112,0.044253838079999996,0.26502992639999995
2012-12-16,0.36193547519999997,-0.1554847488,0.23359726079999998
2012-12-17,0.17969921279999998,0.08568146303999999,0.28209669119999997
2012-12-18,0.26890444799999996,-0.012379703039999999,0.2769427584
2012-12-19,0.2141966592,-0.0754733376,0.1552587264
2012-12-20,0.2375972352,0.011197854719999999,0.2613212928
2012-12-21,0.34447887359999996,0.0519727104,0.3982110336
2012-12-22,0.32748053759999995,0.11132847359999999,0.43426471679999995
2012-12-23,0.40014984959999994,-0.039954332159999995,0.3610355328
2012-12-24,0.318784896,0.01257607296,0.3188014848
2012-12-25,0.28455183359999997,-0.065105856,0.2218575744
2012-12-26,0.3695601024,-0.062458490879999995,0.2999431296
2012-12-27,0.2615991552,-0.07916714495999999,0.17332807679999998
2012-12-28,0.3366085248,-0.23056254719999997,0.1151293824
2012-12-29,0.2515090176,-0.15054128639999997,0.09264668544
2012-12-30,0.2243821824,-0.2014046208,0.0165494016
2012-12-31,0.30498819839999997,-0.2905041024,0.01059734016
2013-01-01,0.29677466880000003,-0.14282231039999999,0.1493697024
2013-01-02,0.2999089152,-0.14885856,0.1471291776
2013-01-03,0.27565919999999994,-0.0364735872,0.229967424
2013-01-04,0.3821986944,-0.03678162048,0.32658785279999997
2013-01-05,0.3228273792,-0.01340260992,0.2977554816
2013-01-06,0.309101184,0.09327270527999999,0.3896481024
2013-01-07,0.40448678399999993,-0.01911641472,0.3783220992
2013-01-08,0.41882054399999996,-0.09809247743999999,0.320366016
2013-01-09,0.46421890559999995,0.005178650112,0.46238999039999995
2013-01-10,0.35088422399999997,0.126847296,0.47652883199999996
2013-01-11,0.3517064064,-0.1070972928,0.24796523519999997
2013-01-12,0.3444830208,-0.21968755199999998,0.1227633408
2013-01-13,0.30335627519999997,-0.21211269119999998,0.08786527488
2013-01-14,0.32546188800000003,-0.2266227072,0.10068789887999999
2013-01-15,0.3289424256,-0.10681943039999998,0.22912450559999997
2013-01-16,0.44436729599999997,-0.0917220672,0.34242497279999995
2013-01-17,0.2382887808,0.08675558784,0.34210252799999996
2013-01-18,0.4555771776,-0.145784448,0.32051842559999993
2013-01-19,0.1657107072,0.1312163712,0.3007590912
2013-01-20,0.3680318592,-0.11496453119999998,0.2558542464
2013-01-21,0.26711804159999997,-0.006924030336,0.25887029759999997
2013-01-22,0.2568288384,0.08066469888,0.32975527679999994
2013-01-23,0.3491714304,0.06499450368,0.3802277376
2013-01-24,0.5135311872,-0.14105663999999998,0.3593683584
2013-01-25,0.3836128896,-0.015598552319999999,0.3554140032
2013-01-26,0.3535456896,0.02478076416,0.366462144
2013-01-27,0.3822660864,-0.0010312043903999998,0.36372706559999995
2013-01-28,0.27969027839999994,0.04568876927999999,0.318536064
2013-01-29,0.2689583616,-0.12096656639999999,0.1463723136
2013-01-30,0.34343377919999996,-0.1609911936,0.18306155519999998
2013-01-31,0.2881878912,-0.021125214719999997,0.267204096
2013-02-01,0.2302224768,0.051093504,0.28277890559999996
2013-02-02,0.3562538112,-0.02826047232,0.3264033024
2013-02-03,0.24225765119999998,0.1263206016,0.37161503999999995
2013-02-04,0.3379097088,-0.009736557696,0.3343845888
2013-02-05,0.38443092479999996,0.016023744,0.40815601919999994
2013-02-06,0.2780884224,0.1206648576,0.40688697599999996
2013-02-07,0.2332986624,0.133467264,0.3770074368
2013-02-08,0.2731532544,0.1635873408,0.44483903999999996
2013-02-09,0.2757483648,0.02939566464,0.34985260799999995
2013-02-10,0.06184594943999999,0.160750656,0.25965722880000003
2013-02-11,0.09578103552,0.13470624,0.24793724159999997
2013-02-12,0.3527722368,-0.035770533119999996,0.32353136639999996
2013-02-13,0.42888579839999996,-0.049879825919999995,0.3826579968
2013-02-14,0.16466976,0.138252096,0.3057025536
2013-02-15,0.2383986816,0.009354932352,0.25119590399999997
2013-02-16,0.42004604160000003,-0.1051906176,0.31654955519999994
2013-02-17,0.6261463295999999,-0.2515297536,0.36987528959999993
2013-02-18,0.2688069888,-0.03596690304,0.23225356799999997
2013-02-19,0.2562026112,0.1163745792,0.36649739519999996
2013-02-20,0.32129187839999995,0.0387027072,0.35357160959999995
2013-02-21,0.3101296896,-0.03647617919999999,0.27051563519999994
2013-02-22,0.36720138239999994,-0.09686283264,0.26800968959999993
2013-02-23,0.3154598784,0.03720328704,0.3475809792
2013-02-24,0.22819760639999997,0.04205250432,0.2679651072
2013-02-25,0.3418153344,0.033854215679999994,0.36958913279999994
2013-02-26,0.2556054144,0.061622415359999995,0.31015353599999995
2013-02-27,0.26604288,-0.0263471616,0.240838272
2013-02-28,0.20278667520000002,0.050904288,0.25684231679999997
2013-03-01,0.2102962176,0.09337970304,0.3073603968
2013-03-02,0.35971153919999993,0.030125571839999997,0.39326238719999995
2013-03-03,0.4886469504,-0.08895754368,0.40419336959999996
2013-03-04,0.31183418879999997,-0.04646595456,0.2707406208
2013-03-05,0.3872883456,-0.04467270528,0.350174016
2013-03-06,0.4820311296,0.008056755071999998,0.4936909824
2013-03-07,0.49476095999999997,0.0246670272,0.532692288
2013-03-08,0.5755266432,-0.07907953536,0.5213403647999999
2013-03-09,0.5354014464,-0.163104192,0.3766455936
2013-03-10,0.3842857728,0.0014230598399999999,0.389416896
2013-03-11,0.5965218432,-0.1678133376,0.432454464
2013-03-12,0.3882225024,0.08015075712,0.47221159679999997
2013-03-13,0.36019054079999996,0.2236180608,0.5859620352
2013-03-14,0.5118256512,0.1472950656,0.6733497599999999
2013-03-15,0.6114631679999999,0.03643646976,0.68742432
2013-03-16,0.5321096063999999,0.021530292479999998,0.5571275903999999
2013-03-17,0.6029634816,-0.15053713919999998,0.4548690432
2013-03-18,0.38422874879999996,-0.02124309888,0.366736896
2013-03-19,0.4081228416,0.05068490112,0.4607601408
2013-03-20,0.5651036928,0.04036044672,0.6087446784
2013-03-21,0.5067588096,0.018358202879999997,0.5357228543999999
2013-03-22,0.3773195136,0.0060872808959999995,0.39915970559999997
2013-03-23,0.3958481664,-0.20163168,0.2129784192
2013-03-24,0.3100685184,-0.1253874816,0.2074823424
2013-03-25,0.2548744704,0.014266160640000001,0.29298620159999994
2013-03-26,0.391117248,0.05881444991999999,0.47449255679999996
2013-03-27,0.4336851456,0.08778896639999999,0.5402692224
2013-03-28,0.49921297919999996,0.053796130559999995,0.5727832704
2013-03-29,0.4833281664,0.08193384576,0.5709719808
2013-03-30,0.37108419839999995,0.18478264319999999,0.5606433792
2013-03-31,0.39802752,0.22215306239999996,0.6224408064
2013-04-01,0.6471311616,-0.144747648,0.5751212544
2013-04-02,0.5831191295999999,-0.0608580864,0.5248924415999999
2013-04-03,0.7168186367999999,-0.1095358464,0.6307217279999999
2013-04-04,0.5805758592,0.1981718784,0.7760634624
2013-04-05,0.9195399935999999,-0.08978138495999999,0.8265068927999999
2013-04-06,0.6190577279999999,0.09024680448,0.7399807488
2013-04-07,0.6037068672,0.1259597952,0.7297651584
2013-04-08,0.6588210816,0.07457121792,0.7731313919999999
2013-04-09,0.7341197184,-0.46509292799999996,0.2753523072
2013-04-10,0.7784978688,-0.3254639616,0.45757405439999993
2013-04-11,0.8614232064,-0.21377882880000001,0.6512949504
2013-04-12,0.5465646719999999,0.14265331199999998,0.6878380032
2013-04-13,0.675516672,0.08637580799999998,0.7579225728
2013-04-14,0.5686163712,-0.10522379519999998,0.4659368832
2013-04-15,0.5246363519999999,-0.09578829311999999,0.43247208959999994
2013-04-16,0.5501768832,-0.09686843135999999,0.4267375488
2013-04-17,0.4436892288,-0.13200330239999997,0.3148377984
2013-04-18,0.629119872,-0.344767104,0.2849261184
2013-04-19,0.5374273536,-0.07658883072,0.45486489599999996
2013-04-20,0.5767728768,-0.027453945599999998,0.5511960576
2013-04-21,0.47538835199999996,0.09714515328,0.5807873664
2013-04-22,0.6837384959999999,-0.2461715712,0.4353792768
2013-04-23,0.6470596223999999,-0.22080936959999997,0.3486436992
2013-04-24,0.4659959808,0.12209771519999998,0.6039629568
2013-04-25,0.5550425856,0.36621331199999996,0.9371801088
2013-04-26,0.4530743424,0.5931263231999999,1.0624400639999998
2013-04-27,0.8645958143999999,0.3541885056,1.225124352
2013-04-28,0.6673612031999999,0.6500642687999999,1.3394211839999999
2013-04-29,0.6255491328,0.7395297408,1.3628736
2013-04-30,-0.19580382719999997,1.44467712,1.231749504
2013-05-01,0.901901952,-0.267852096,0.6170193791999999
2013-05-02,0.7976610431999999,-0.1698838272,0.6598838015999999
2013-05-03,0.1254849408,0.8733826943999999,0.9889537535999999
2013-05-04,0.1769257728,0.7712889984,0.9306078335999999
2013-05-05,0.09621224063999999,0.9405590399999999,1.0352810879999998
2013-05-06,-0.4442304384,1.726489728,1.2684625920000001
2013-05-07,-0.9993590783999999,2.336905728,1.3164042239999998
2013-05-08,0.693753984,0.6015430656,1.2171720959999999
2013-05-09,-0.1626158592,1.4318208,1.2411325439999998
2013-05-10,-0.684723456,2.0266848,1.4403536639999999
2013-05-11,-1.6301502719999998,3.3609219839999995,1.693861632
2013-05-12,-0.9920174975999999,3.131301888,2.102298624
2013-05-13,-2.006135424,4.37254848,2.326496256
2013-05-14,-1.382635008,3.703325184,2.2867349759999995
2013-05-15,-0.8728176383999999,2.9917693439999997,2.100339072
2013-05-16,-3.1093839359999995,5.203688831999999,2.086207488
2013-05-17,-2.296947456,4.46720832,2.151505152
2013-05-18,-2.788494336,4.557057408,1.757510784
2013-05-19,-3.8696590079999997,5.337104255999999,1.46204352
2013-05-20,-3.981788928,5.442204672,1.456216704
2013-05-21,-3.649815936,5.203636992,1.5524213759999999
2013-05-22,-4.078449792,5.909956992,1.812357504
2013-05-23,-3.2071023359999997,5.038837632,1.8170231039999998
2013-05-24,-3.6616250879999996,5.86066752,2.16411264
2013-05-25,-3.8665382399999997,6.040199808,2.224392192
2013-05-26,-2.806420608,5.152553856,2.1636046079999995
2013-05-27,-3.829130496,6.314308991999999,2.076254208
2013-05-28,-4.244949504,6.373271807999999,2.018608128
2013-05-29,-3.593693952,5.15621376,1.5671232
2013-05-30,-3.067797888,4.524761088,1.462489344
2013-05-31,-3.19059648,4.699627776,1.508326272
2013-06-01,-4.785962111999999,6.468014591999999,1.673322624
2013-06-02,-2.595141504,4.777221888,2.1973524479999997
2013-06-03,-3.5268618239999996,6.111002879999999,2.48821632
2013-06-04,-3.023059968,5.1558923519999995,2.262017664
2013-06-05,-3.3085739519999997,5.475288959999999,2.0842064639999998
2013-06-06,-3.53823552,6.262240896,2.604555648
2013-06-07,-3.350356992,6.263547264,2.905393536
2013-06-08,-3.069695232,6.17875776,2.988772992
2013-06-09,-1.968292224,5.5752053759999995,3.4842700799999995
2013-06-10,-0.8282953728,4.871228544,3.8952576
2013-06-11,-0.71510688,4.607394048,3.807513216
2013-06-12,-2.1918677759999996,5.841175679999999,3.5858972159999998
2013-06-13,-1.778744448,5.439695616,3.597167232
2013-06-14,-2.193537024,5.741165952,3.3668317439999997
2013-06-15,-4.078957824,7.116273791999999,3.002427648
2013-06-16,-3.112981632,6.071614847999999,2.930639616
2013-06-17,-4.807506816,7.644710016,2.8444400639999996
2013-06-18,-3.6875243519999996,6.618817152,2.850567552
2013-06-19,-2.511689472,5.6530794239999995,3.165422976
2013-06-20,-3.0074768639999996,6.105829247999999,3.091499136
2013-06-21,-1.9954771199999999,5.2285824,3.234898944
2013-06-22,-2.2583784959999997,5.3016560639999994,3.066823296
2013-06-23,-3.4625698559999996,6.485298048,2.9779488
2013-06-24,-3.6267264,7.297693055999999,3.6202464
2013-06-25,-2.18588544,6.408543743999999,4.160325888
2013-06-26,-1.6256090879999998,7.009835903999999,5.219676288
2013-06-27,-0.6411529727999999,6.43479552,5.5563874559999995
2013-06-28,-0.8607347712,6.5740377599999995,5.437590911999999
2013-06-29,-1.219546368,6.4644894719999995,5.044550399999999
2013-06-30,0.23868172799999998,4.766325119999999,4.7684712959999995
2013-07-01,-0.3685139712,5.178411647999999,4.664055167999999
2013-07-02,-1.6831825919999999,6.697282176,4.749508224
2013-07-03,-1.517222016,6.586427519999999,4.985680896
2013-07-04,-0.687730176,5.98010688,5.254492032
2013-07-05,-1.590938496,6.932210688,5.22821952
2013-07-06,-2.36748096,7.456955904,5.04180288
2013-07-07,-2.1104271359999998,7.156729727999999,4.976287488
2013-07-08,-3.38261184,8.327069568,4.896215424
2013-07-09,-1.3053726719999998,6.212878847999999,4.849590527999999
2013-07-10,-2.2743555840000003,6.8820088319999995,4.586108544
2013-07-11,-1.208400768,5.834374272,4.619607552
2013-07-12,1.358684928,2.928400128,4.2872302079999995
2013-07-13,0.1179235584,4.867890048,4.887485568
2013-07-14,0.8906454144,4.658114304,5.312366207999999
2013-07-15,1.224170496,4.832856575999999,5.698646784
2013-07-16,-1.904269824,8.640753407999998,6.2986844159999995
2013-07-17,-1.268141184,9.342438911999999,7.400336255999999
2013-07-18,1.177711488,6.9637501440000005,7.691842943999999
2013-07-19,-0.7211939328,8.296743167999999,6.946902144
2013-07-20,-0.7484213376,8.423823743999998,6.979094783999999
2013-07-21,-0.168028992,7.7517388799999996,6.945502464
2013-07-22,-0.42946744319999997,7.694517887999999,6.642217727999999
2013-07-23,-1.197752832,7.916279039999999,6.0450312959999994
2013-07-24,-0.2708660736,6.13381248,5.205658752
2013-07-25,0.19250058239999998,4.94252928,4.631872895999999
2013-07-26,-2.237715072,7.327158912,4.800892032
2013-07-27,-0.9845597951999999,6.088162176,4.89742848
2013-07-28,-0.3124873728,4.915645056,4.581930239999999
2013-07-29,-2.104828416,6.738173568,4.660706304
2013-07-30,-1.9644871679999998,6.807203712,4.853561471999999
2013-07-31,-2.288310912,7.309253376,5.026053888
2013-08-01,-2.073693312,7.172198784,5.104985472
2013-08-02,-1.8290292479999999,7.098897024,5.285647872
2013-08-03,-1.0190323584,6.038934911999999,5.056815744
2013-08-04,-1.4765794559999998,6.6893402879999995,5.262796799999999
2013-08-05,-0.9231055488,6.068411136,5.216638464
2013-08-06,-2.1847968,7.459257599999999,5.348985984
2013-08-07,0.4022587008,4.48799616,4.975748352
2013-08-08,-2.1150616319999997,6.884621567999999,4.836868991999999
2013-08-09,-0.5219987328,5.075384832,4.59748224
2013-08-10,-2.04596928,6.977757312,5.048873856
2013-08-11,-1.646034048,6.356392703999999,4.7928672
2013-08-12,-1.61289792,6.190328448,4.653345023999999
2013-08-13,-1.673747712,6.082252415999999,4.489375104
2013-08-14,-1.8170542079999998,6.513716735999999,4.687123968
2013-08-15,-1.1026264319999999,6.183848448,4.8795333119999995
2013-08-16,-1.6390045439999998,6.7917761279999995,4.943151359999999
2013-08-17,-1.386429696,6.563275776,5.132284416
2013-08-18,-0.5944316543999999,5.692239359999999,5.059521792
2013-08-19,-1.1583648,6.448419072,5.279147136
2013-08-20,-0.402242112,5.943798144,5.514676991999999
2013-08-21,-1.9285205759999997,7.470755712,5.497041024
2013-08-22,1.5369212159999999,3.7400382719999996,5.285088
2013-08-23,1.0101998591999999,4.4648858879999995,5.514210432
2013-08-24,-0.9650513664,6.465412224,5.47166016
2013-08-25,-0.4628596608,5.910941951999999,5.2784421120000005
2013-08-26,-0.24227838719999997,5.565138048,5.024260224
2013-08-27,-1.11487104,6.384230784,4.814401535999999
2013-08-28,0.341687808,4.787755776,4.509177983999999
2013-08-29,0.49633585919999995,4.5097171199999995,4.1917824
2013-08-30,0.8137501055999999,4.167065088,4.291294464
2013-08-31,0.38075339519999996,4.88856384,4.545642239999999
2013-09-01,-0.5537113344,5.433702912,4.385425536
2013-09-02,-0.4725744768,5.689585151999999,4.772587391999999
2013-09-03,-0.2540896128,5.461136639999999,4.902228864
2013-09-04,0.9845608319999999,4.118511744,4.826812032
2013-09-05,1.067375232,4.0971536639999995,4.908283775999999
2013-09-06,0.3211301376,4.389966719999999,4.764344832
2013-09-07,-0.2091111552,4.9780915199999995,4.744541952
2013-09-08,0.39980148479999994,4.145478912,4.589726976
2013-09-09,-0.09340862975999999,5.139531648,5.111724672
2013-09-10,2.2649414400000003,3.484228608,5.808454272
2013-09-11,2.499403392,4.372434432,6.8803499519999995
2013-09-12,1.921895424,4.876941312,6.783398783999999
2013-09-13,0.40584188159999995,6.284210688,6.648625151999999
2013-09-14,0.5713970688000001,5.504972544,5.976737279999999
2013-09-15,1.861180416,3.112774272,4.93454592
2013-09-16,-1.4689071360000001,6.469984511999999,4.976764415999999
2013-09-17,-1.321308288,6.142749695999999,4.838859648
2013-09-18,-0.7273763712,4.879014912,4.055142528
2013-09-19,-1.0254822912,4.088911103999999,3.0447290879999995
2013-09-20,-2.180162304,5.2947509759999996,3.131011584
2013-09-21,-1.4187363839999998,4.796153855999999,3.439625472
2013-09-22,-0.4973249664,3.524674176,3.0435989759999997
2013-09-23,-1.292340096,3.6880945919999997,2.432892672
2013-09-24,-2.7459855359999996,5.674219775999999,2.9417022719999997
2013-09-25,-1.53923328,4.656953088,3.1362266880000003
2013-09-26,-2.357776512,5.038588799999999,2.70511488
2013-09-27,0.5902968959999999,1.533676032,2.129960448
2013-09-28,-1.9992614399999997,4.216800383999999,2.2335264
2013-09-29,-2.7076654079999996,5.452282368,2.743870464
2013-09-30,-1.982340864,5.198961024,3.0067096319999997
2013-10-01,-2.174356224,5.1113514239999995,2.8992038399999998
2013-10-02,-1.669590144,4.475958912,2.794196736
2013-10-03,-1.419389568,3.955537152,2.5413834239999997
2013-10-04,1.547973504,-0.02613814272,1.54384704
2013-10-05,0.3140322048,1.33788672,1.667526912
2013-10-06,-1.673623296,3.747638016,2.076492672
2013-10-07,-2.155652352,4.220335872,2.1376223999999997
2013-10-08,-2.3352986879999995,4.291584768,1.9673383679999998
2013-10-09,-2.408994432,3.9148945919999996,1.5828825599999998
2013-10-10,-0.812369088,2.219177088,1.411634304
2013-10-11,-1.16738496,2.427947136,1.2717181439999998
2013-10-12,-0.6768883584,1.9855342079999998,1.321329024
2013-10-13,-1.7520468479999998,3.034775808,1.541991168
2013-10-14,-0.9958837247999999,2.290923648,1.309405824
2013-10-15,1.122346368,-0.12864407039999998,1.0185440256
2013-10-16,0.7525726848,0.40022553599999994,1.164419712
2013-10-17,0.452267712,0.7582730111999999,1.23866496
2013-10-18,0.9745888895999999,0.03341284992,1.0223190144
2013-10-19,0.8710219008,0.48085228799999996,1.359638784
2013-10-20,0.026948920319999996,1.17951552,1.2196604159999997
2013-10-21,0.7221923712,0.43945286399999994,1.235378304
2013-10-22,0.12518634239999998,1.408534272,1.532193408
2013-10-23,-0.6219120384,2.2298975999999997,1.604510208
2013-10-24,-0.312641856,1.921947264,1.607641344
2013-10-25,-0.3644445312,1.984030848,1.615583232
2013-10-26,-0.07133049216,1.588491648,1.52326656
2013-10-27,-0.4410516096,1.991765376,1.5443758079999999
2013-10-28,0.4439245824,0.763893504,1.3606133759999999
2013-10-29,-0.18743581439999998,1.5610164479999997,1.385652096
2013-10-30,0.5912445312,0.38501464319999995,1.0109826432
2013-10-31,0.7654777343999999,0.09948075264,0.8718067584
2013-11-01,0.7867839744,0.09855499392,0.8897454719999999
2013-11-02,0.5457570048,0.6821283455999999,1.2218065919999999
2013-11-03,0.1846789632,0.9032031359999999,1.088463744
2013-11-04,0.8169351551999999,-0.11163744,0.7113723264
2013-11-05,0.6889162752,-0.10876654079999999,0.5885312255999999
2013-11-06,0.5758376832,0.10254916224,0.6843502079999999
2013-11-07,0.7275619583999999,0.1985617152,0.9759916799999999
2013-11-08,0.5242724352,0.5094876671999999,1.057214592
2013-11-09,0.48382583039999993,0.5528331648,1.04048064
2013-11-10,0.49095901439999995,0.5544484992000001,1.066939776
2013-11-11,0.27611331840000003,0.7178471423999999,0.9965649024
2013-11-12,0.3969886464,0.5277975551999999,0.9241496064
2013-11-13,0.44995046399999994,0.5203792512000001,0.9700394111999999
2013-11-14,0.3930861312,0.387493632,0.7908824448
2013-11-15,0.361708416,0.37291000319999995,0.7347459456000001
2013-11-16,0.665926272,-0.08663397119999999,0.5822471807999999
2013-11-17,0.3836284416,0.1384449408,0.525331008
2013-11-18,0.4863763584,0.2051899776,0.6896109311999999
2013-11-19,0.6327766656,0.04602915072,0.6821635967999999
2013-11-20,0.6599874815999999,-0.1298374272,0.6164781696
2013-11-21,0.5785198847999999,-0.2638490112,0.3637374336
2013-11-22,0.42670333439999997,0.029432367359999996,0.45980628479999996
2013-11-23,0.4781897856,-0.010467221760000001,0.474538176
2013-11-24,0.5574987648,0.07338522239999999,0.6373012608
2013-11-25,0.5434687871999999,-0.03418163712,0.5136400512
2013-11-26,0.5186623103999999,0.0240117696,0.5489358336
2013-11-27,0.7015082112,-8.998791551999999e-4,0.6969566591999999
2013-11-28,0.6058468223999999,0.08508312576,0.68763893760000006
2013-11-29,0.6261193728,0.0117168768,0.6361587071999999
2013-11-30,0.636895872,-0.042946847999999996,0.5934860928
2013-12-01,0.593656128,-0.06108016895999999,0.5336990208
2013-12-02,0.4252321151999999,0.1626656256,0.5880439296
2013-12-03,0.48956866559999995,0.012600852479999999,0.5039563391999999
2013-12-04,0.6823522943999999,-0.5424941952,0.1430441856
2013-12-05,0.5818189824,-0.3683615616,0.2182868352
2013-12-06,0.4948573824,-0.2773761408,0.2222629632
2013-12-07,0.41267128319999996,-0.04098511872,0.3782236032
2013-12-08,0.48615033599999996,-0.21522620159999997,0.2766296448
2013-12-09,0.6764394239999999,-0.5159894399999999,0.166442688
2013-12-10,0.6287144832,-0.24468791039999999,0.3895433856
2013-12-11,0.3220383744,0.1585827072,0.48435459839999995
2013-12-12,0.5378026752,0.11769649919999998,0.6550377984
2013-12-13,0.44654457599999997,0.056696267519999996,0.5057582976
2013-12-14,0.5469669504,-0.1377015552,0.413278848
2013-12-15,0.4485746304,0.0270148608,0.47932922879999995
2013-12-16,0.48196684799999995,0.07635306239999999,0.5617123199999999
2013-12-17,0.479369664,0.12226464,0.6054549119999999
2013-12-18,0.5462246016,0.09193419648,0.642204288
2013-12-19,0.5476553856,0.02123345664,0.5740243199999999
2013-12-20,0.5585366016,-0.1351821312,0.4304192256
2013-12-21,0.36312675839999997,-0.02193734016,0.3487370112
2013-12-22,0.39792280319999995,-0.10749749759999999,0.29799187199999994
2013-12-23,0.32537376,0.04749881472,0.37913806079999995
2013-12-24,0.41487966719999997,-0.03347640576,0.386482752
2013-12-25,0.3043713024,0.08710447103999999,0.39518461439999997
2013-12-26,0.40530792959999995,0.0571494528,0.4641162624
2013-12-27,0.4459504896,0.1097805312,0.5555806848
2013-12-28,0.38977666559999996,0.07596187776,0.4678528896
2013-12-29,0.4443538176,-0.14083683839999997,0.3083723136
2013-12-30,0.4415503104,-0.09190889856,0.3523917312
2013-12-31,0.39006282239999995,0.04695345792,0.4365923328
2014-01-01,0.34358929920000003,-0.07448495615999999,0.2698137216
2014-01-02,0.3496493952,-0.001729672704,0.3498650496
2014-01-03,0.07501372416,0.31868743679999995,0.3964059648
2014-01-04,0.3800836224,-0.2057757696,0.17410049279999998
2014-01-05,0.34570540799999994,-0.23816643839999999,0.1067188608
2014-01-06,0.3834884736,-0.13499654399999997,0.2489678208
2014-01-07,0.4152684672,-0.029773163519999996,0.387493632
2014-01-08,0.38255639039999995,-0.010396615679999999,0.37358392319999995
2014-01-09,0.29840866559999996,0.06867172224,0.367877376
2014-01-10,0.3439335168,-0.07020100223999999,0.2731491072
2014-01-11,0.5056338816,-0.043673748479999996,0.46321631999999996
2014-01-12,0.41804812799999996,-0.06585141888,0.351910656
2014-01-13,0.48311562239999994,-0.16498183679999998,0.3171799296
2014-01-14,0.3268086912,0.02477319552,0.35073699839999994
2014-01-15,0.4354912512,-0.012548183039999999,0.42263596800000003
2014-01-16,0.3009861504,0.08276235264,0.38293274879999994
2014-01-17,0.5167069056,-0.07212043007999999,0.44448238079999997
2014-01-18,0.45904112639999994,0.05204238336,0.511878528
2014-01-19,0.49084081919999994,0.027544147199999997,0.5193932544
2014-01-20,0.5278442112,-0.10170873216,0.4260439296
2014-01-21,0.3991856256,0.07199186687999999,0.47153663999999995
2014-01-22,0.3939746688,0.0286421184,0.3763666944
2014-01-23,0.4056915455999999,-0.0945530496,0.27636318719999997
2014-01-24,0.6244086527999999,-0.14878287359999998,0.4757968512
2014-01-25,0.5003005824,0.05850392832,0.5598408959999999
2014-01-26,0.5315860224,-0.09910003968,0.43138656
2014-01-27,0.3873453696,-0.09398467583999999,0.2908576512
2014-01-28,0.3969419904,-0.17346700799999998,0.2213080704
2014-01-29,0.33393669119999997,0.09263102976,0.4248412416
2014-01-30,0.37766373119999996,0.024415810559999997,0.3891566592
2014-01-31,0.3526498944,-0.025629384959999998,0.3202478208
2014-02-01,0.3862971647999999,-0.1599699456,0.2244734208
2014-02-02,0.3468707712,-0.07880395392,0.2653668864
2014-02-03,0.3079980288,-0.04715646336,0.2587500288
2014-02-04,0.39409701119999996,-0.2703383424,0.143887104
2014-02-05,0.657455616,-0.5289421823999999,0.145711872
2014-02-06,0.3311580672,-0.08003494656,0.2500844544
2014-02-07,0.3592895616,-0.05308001279999999,0.3060208512
2014-02-08,0.2917461888,0.07030426752,0.3630334464
2014-02-09,0.38627539199999994,0.01749693312,0.4061218176
2014-02-10,0.2844948096,0.08723562623999999,0.37318579199999996
2014-02-11,0.4511884032,-0.1095617664,0.3417676416
2014-02-12,0.35732171519999995,0.046699856639999995,0.40405547519999996
2014-02-13,0.41963235839999996,0.09456590591999998,0.5145348096
2014-02-14,0.5364755711999999,-0.03668436864,0.498146112
2014-02-15,0.6066824832,0.05419021824,0.6479699328
2014-02-16,0.5636075904,0.08831296512,0.6470648064
2014-02-17,0.4219371648,0.13045743359999998,0.5471908992
2014-02-18,0.5744950272,0.051050580479999996,0.6204128256
2014-02-19,0.6170836607999999,-0.05674281984,0.5547004416
2014-02-20,0.563101632,-0.3193717248,0.23879784959999997
2014-02-21,0.4323424896,-0.07302472704,0.35357472
2014-02-22,0.46368495359999995,-0.07594798464000001,0.3828145536
2014-02-23,0.47024064,0.01853165952,0.48530016
2014-02-24,0.5040641664,0.07112147327999999,0.582920064
2014-02-25,0.5706329471999999,-0.10053580032,0.4696475904
2014-02-26,0.5067919872,0.0141398784,0.5205368448
2014-02-27,0.5755753728,-0.001331655552,0.570996864
2014-02-28,0.5050169856,0.056991859199999995,0.560924352
2014-03-01,0.5802948864,0.02190727296,0.5963974272
2014-03-02,0.5366321279999999,-0.010229265792,0.5287814784
2014-03-03,0.5797713024000001,-0.02204112384,0.5565262463999999
2014-03-04,0.6160655232,-0.04593946752,0.5709294719999999
2014-03-05,0.5146789248,-0.013300588799999999,0.50144832
2014-03-06,0.6207093504,0.04728119039999999,0.6437377152
2014-03-07,0.5641767936,-0.06286004351999999,0.4716672768
2014-03-08,0.5962512384,-0.1285030656,0.45946621439999996
2014-03-09,0.4360998528,0.23562627839999997,0.6711942528
2014-03-10,0.652857408,0.06770127744,0.7211348352
2014-03-11,0.618342336,-0.191823552,0.4247593344
2014-03-12,0.5544381312,-0.01819003392,0.5336098559999999
2014-03-13,0.5590301183999999,0.08368344575999999,0.6438901248
2014-03-14,0.6024627072,0.09029719296,0.6939686016
2014-03-15,0.7443228672,-0.1987265664,0.5407005312
2014-03-16,0.8133820415999999,-0.13736666879999998,0.6750407808
2014-03-17,0.5700015359999999,0.1873518336,0.7553689344
2014-03-18,0.5531618304,-0.1313283456,0.4140937727999999
2014-03-19,0.5395756032,-0.009284937984,0.5166768384
2014-03-20,0.4425052032,0.253373184,0.6731423999999999
2014-03-21,0.7483166207999999,-0.1584302976,0.5641819776
2014-03-22,0.5680160639999999,-0.1259328384,0.42207091199999996
2014-03-23,0.7115890176,-0.10631554559999999,0.5828537088
2014-03-24,0.6344054784,0.0051147002879999995,0.6168006144
2014-03-25,0.5380359552,0.27400031999999996,0.7873853183999999
2014-03-26,0.9149770368,-0.09307115136,0.7998113664
2014-03-27,0.6128421119999999,-0.008789171328,0.5924223359999999
2014-03-28,0.5363024256,0.010061511552,0.5420991744
2014-03-29,0.7194780288,0.02577412224,0.7460418816
2014-03-30,0.6993195264000001,0.1148712192,0.8161212672
2014-03-31,0.6353344512,-0.104727168,0.5294242943999999
2014-04-01,0.6375760128,-0.026940314879999996,0.6101982719999999
2014-04-02,0.6442063488,-0.03453352704,0.6089416703999999
2014-04-03,0.47526911999999993,0.021433248,0.494745408
2014-04-04,0.5512084991999999,0.033810151680000004,0.5835877631999999
2014-04-05,0.6948737279999999,-0.063703584,0.6298767359999999
2014-04-06,0.519027264,0.10522897919999999,0.622629504
2014-04-07,0.606714624,0.02424463488,0.6291603071999999
2014-04-08,0.753691392,0.1420924032,0.8961000191999999
2014-04-09,0.9679886207999999,0.1320509952,1.101527424
2014-04-10,0.8444248703999999,0.24865470719999996,1.0937928959999998
2014-04-11,1.0657578239999999,0.1336051584,1.20097728
2014-04-12,0.8244550655999999,0.40723015679999996,1.233180288
2014-04-13,0.764582976,-0.1614059136,0.5991397632
2014-04-14,0.8603335296,-0.2837970432,0.5721611904
2014-04-15,0.8619353855999999,0.20103863039999997,1.0612477439999999
2014-04-16,0.8208781055999999,0.1498808448,0.967718016
2014-04-17,1.0290074112,0.16461273599999998,1.1931287039999998
2014-04-18,0.7942323456,0.8203721472,1.620393984
2014-04-19,0.7529967359999999,0.6553446911999999,1.412100864
2014-04-20,-0.02736706176,1.5264910079999998,1.5052262399999998
2014-04-21,-0.2768971392,1.748677248,1.4767142399999997
2014-04-22,-0.386773056,2.324598912,1.756629504
2014-04-23,-1.203963264,2.622886272,1.42466688
2014-04-24,0.0014057971199999998,1.261070208,1.264864896
2014-04-25,-0.2286258048,1.8513722879999999,1.596008448
2014-04-26,-0.10591223039999999,1.6554792959999998,1.574391168
2014-04-27,0.9196789248,0.07499288448,0.9880589952
2014-04-28,0.7039706112,0.1819822464,0.8733101184
2014-04-29,0.6995248127999999,0.1950251904,0.8758440576
2014-04-30,0.7678468223999999,0.1715841792,0.9093109248
2014-05-01,0.7678209024,0.3509578368,1.0787800319999998
2014-05-02,0.285135552,1.219857408,1.472950656
2014-05-03,0.6190172928,1.0338751872,1.620041472
2014-05-04,0.6089302656,1.164398976,1.7394912
2014-05-05,-0.39312449279999995,2.098244736,1.6872468479999998
2014-05-06,-0.4864852224,2.1172907519999997,1.5776156159999999
2014-05-07,0.00619171776,1.27433088,1.263786624
2014-05-08,-0.0011178259199999998,1.105705728,1.0870744319999999
2014-05-09,-0.39824110079999997,1.5871749119999998,1.1728488959999999
2014-05-10,-1.408793472,2.69246592,1.2707435519999999
2014-05-11,0.922083264,0.02627271936,0.9381764736
2014-05-12,0.4435108992,0.31522452479999996,0.7487417087999999
2014-05-13,0.48481908479999997,0.3618183168,0.8390594304
2014-05-14,0.5428010879999999,0.6169986432,1.1576390399999998
2014-05-15,-0.2780479872,1.747391616,1.4759884799999998
2014-05-16,-1.550285568,3.2267600639999996,1.6877963519999999
2014-05-17,-2.2795706879999997,4.351625855999999,1.9119732479999998
2014-05-18,-1.884269952,4.383040896,2.476770048
2014-05-19,-2.56151808,4.979138688,2.4160965119999998
2014-05-20,-2.925673344,5.201895168,2.0678353919999997
2014-05-21,-1.960848,3.977123328,1.9806612479999999
2014-05-22,-2.994133248,5.159572992,2.048208768
2014-05-23,-2.6315539199999995,4.898755584,1.982454912
2014-05-24,-2.0070270719999996,3.984173568,1.893165696
2014-05-25,-1.4501514239999997,3.3281176319999997,1.8132802559999999
2014-05-26,-3.7992084479999995,5.861984256,1.9621439999999999
2014-05-27,-3.477199104,5.759797248,2.264775552
2014-05-28,-2.75120064,5.18856192,2.4347070719999997
2014-05-29,-3.247247232,5.66595648,2.395236096
2014-05-30,-1.962849024,4.204555775999999,2.069680896
2014-05-31,-5.14309824,7.385188607999999,2.215475712
2014-06-01,-4.306639104,6.522488064,2.218783104
2014-06-02,-4.158801792,6.387081984,2.218451328
2014-06-03,-3.193540992,5.696116992,2.48189184
2014-06-04,-4.555875456,6.931920384,2.339611776
2014-06-05,-4.453056,6.677883647999999,2.165740416
2014-06-06,-3.2574078719999995,5.561841024,2.279114496
2014-06-07,-3.4921497599999998,5.561509248,2.04571008
2014-06-08,-2.4798700799999995,4.631520384,2.1396441599999996
2014-06-09,-4.685848704,7.0059997439999995,2.335734144
2014-06-10,-4.325291136000001,7.308081791999999,2.9620028159999996
2014-06-11,-3.031997184,6.00421248,2.9033199359999995
2014-06-12,-3.921737472,6.630242688,2.780054784
2014-06-13,-2.390591232,5.672270591999999,3.372202368
2014-06-14,-3.066346368,5.881953024,2.9237863679999996
2014-06-15,-4.835313792,7.493824511999999,2.796062976
2014-06-16,-3.094184448,6.182085888,3.2560289279999997
2014-06-17,-2.421373824,5.468093568,3.2545151999999997
2014-06-18,-3.321741312,5.926991616,2.8311068159999997
2014-06-19,-3.7554451199999996,6.382001664,2.9076848639999997
2014-06-20,-1.534080384,4.797988992,3.4533215999999998
2014-06-21,-0.462625344,3.9158899199999997,3.626436096
2014-06-22,1.0203791616,2.3385335039999995,3.464643456
2014-06-23,-0.7216843392,4.243497984,3.587649408
2014-06-24,-0.4232383488,4.250548224,3.836305152
2014-06-25,-1.348856064,5.731440768,4.263912575999999
2014-06-26,-0.5078184191999999,5.285336832,4.679202815999999
2014-06-27,-3.344229504,7.723880063999999,4.260677759999999
2014-06-28,-2.874880512,7.187968511999999,4.1869509119999995
2014-06-29,-1.115741952,6.20638848,4.897221119999999
2014-06-30,-1.774317312,6.524146944,4.5194111999999995
2014-07-01,-2.5739285759999997,6.335076096,3.536763264
2014-07-02,-3.1194201599999998,7.124257151999999,3.69769536
2014-07-03,-1.6420942079999998,6.21333504,4.209242112
2014-07-04,-2.784450816,7.2052727039999995,4.025521152
2014-07-05,-1.8675152640000001,6.430824575999999,4.227375744
2014-07-06,-1.3711368959999999,6.0771306240000005,4.4623042559999995
2014-07-07,-0.868076352,5.677713792,4.660903296
2014-07-08,-0.2528122752,4.36601664,3.979850112
2014-07-09,-2.062018944,6.73759296,4.782063744
2014-07-10,-2.0137766399999997,6.744498048,4.76860608
2014-07-11,-0.9016510463999999,5.4293794559999995,4.356975744
2014-07-12,-0.506938176,4.942518912,4.018543488
2014-07-13,-1.7635034879999998,6.359243904,3.8072851199999995
2014-07-14,-3.1280463359999997,7.472103551999999,3.64932864
2014-07-15,-2.1689026559999998,6.740641151999999,3.622568832
2014-07-16,-1.0244309759999999,5.434221312,3.505130496
2014-07-17,-1.741004928,6.416547839999999,3.601003392
2014-07-18,-2.0076698879999997,7.382990592,4.323020543999999
2014-07-19,-1.610492544,7.315080192,4.727465855999999
2014-07-20,-0.16889368319999998,5.914653695999999,4.9215548160000004
2014-07-21,-1.22632704,6.8052130559999995,5.037738623999999
2014-07-22,-0.73555776,6.423121152,5.226602111999999
2014-07-23,-0.44643985919999996,6.018914303999999,5.3365651199999995
2014-07-24,-2.203137792,7.776850176,5.4919503359999995
2014-07-25,-1.5650081279999999,6.739314048,5.346393984
2014-07-26,0.49968990719999995,4.498177536,5.169930624
2014-07-27,-1.7530836479999998,6.2973158399999996,4.849849728
2014-07-28,-1.116809856,5.664276864,4.779015552
2014-07-29,0.3240601344,3.828342528,4.427457408
2014-07-30,2.882366208,1.0453536,3.9127380479999996
2014-07-31,-0.680721408,4.6717689600000005,4.00972032
2014-08-01,-1.6630375679999998,5.791481856,4.174892927999999
2014-08-02,-2.30392512,6.521689728,4.439619072
2014-08-03,-2.7783129599999996,7.384214016,4.702945536
2014-08-04,-0.8616647807999999,5.18285952,4.563599616
2014-08-05,-2.480378112,6.822434304,4.407861887999999
2014-08-06,-2.670465024,7.198875648,4.589364096
2014-08-07,-1.882092672,6.243495552,4.494320640000001
2014-08-08,-2.93398848,7.460854272,4.600789632000001
2014-08-09,-0.8306810496,5.372251776,4.6302554879999995
2014-08-10,-0.7588619136,5.054565888,4.262637312
2014-08-11,-3.1593265919999998,7.7961346559999996,4.709581055999999
2014-08-12,-1.93300992,6.934294656,5.196794112
2014-08-13,-0.306882432,5.487533568,5.257789056
2014-08-14,-0.3851432064,5.4135786239999995,5.131320192
2014-08-15,-1.653146496,6.769827071999999,5.194088064
2014-08-16,-2.2963150079999997,7.457951232,5.299323264
2014-08-17,-1.5481290239999999,6.660133631999999,5.3768655359999995
2014-08-18,-2.029204224,7.131400704,5.2353216
2014-08-19,-2.173817088,7.069607423999999,5.004187776
2014-08-20,-2.4266200319999998,7.216853759999999,4.862187648
2014-08-21,-2.728328832,7.4906104319999995,4.765506048
2014-08-22,-0.1742114304,4.788751104,4.365207936
2014-08-23,-3.239885952,7.319942783999999,4.171419648
2014-08-24,-2.87483904,7.037476991999999,4.242855167999999
2014-08-25,-3.0832151039999998,7.2354435839999995,4.180709376
2014-08-26,-1.2678405119999998,5.493764736,4.213897343999999
2014-08-27,-2.420596224,6.418590335999999,4.0358062079999995
2014-08-28,-2.306817792,6.12396288,3.8372279039999997
2014-08-29,-1.520135424,5.539300992,4.061985408
2014-08-30,-2.432985984,6.584333183999999,4.166505216
2014-08-31,-1.76805504,5.528404224,3.766632192
2014-09-01,-1.817811072,5.40437184,3.592180224
2014-09-02,-1.902963456,5.73184512,3.8422874879999998
2014-09-03,-0.6576567552,4.60655424,3.9534739199999995
2014-09-04,-0.7815906431999999,4.161964032,3.438329472
2014-09-05,-0.88540128,3.8118055679999996,3.161172096
2014-09-06,-1.9595416319999999,5.338161792,3.822443136
2014-09-07,-2.068281216,5.8612688639999995,4.472610048
2014-09-08,-1.4860972799999999,5.239137024,4.804904447999999
2014-09-09,-0.8855402111999999,4.614506496,4.814608896
2014-09-10,-1.5622295039999998,5.111703936,4.532588928
2014-09-11,-1.7933736959999997,5.0463648,4.168879488
2014-09-12,-1.534132224,4.1591439359999995,3.250969344
2014-09-13,-1.2561454079999999,4.9974900479999995,4.718279808
2014-09-14,-1.122823296,5.407627392,4.966593408
2014-09-15,-1.3126510079999998,5.626101887999999,4.752514944
2014-09-16,-1.180065024,5.815753344,4.790638079999999
2014-09-17,-0.8247443328,5.598989568,4.694609664
2014-09-18,-0.19561824,5.114959488,4.577140224
2014-09-19,-0.2557547136,4.980476159999999,4.434466176
2014-09-20,-1.9384323839999997,6.00830784,3.8845267199999998
2014-09-21,-0.6813061632,4.174768511999999,3.358132992
2014-09-22,-2.307616128,5.631762815999999,3.1717370879999995
2014-09-23,0.7207398144,2.080225152,2.768214528
2014-09-24,-1.7856288,4.705610112,2.7457056
2014-09-25,-0.6639988607999999,3.6535380479999997,2.9285867519999997
2014-09-26,-0.44657982719999995,3.462435072,2.9864920319999997
2014-09-27,-0.7398044927999999,3.731609088,2.909530368
2014-09-28,-0.9957261312,3.7720131839999995,2.5031358719999997
2014-09-29,-1.38314304e-5,2.2175389439999997,2.121562368
2014-09-30,-1.4064192,3.495146112,1.949194368
2014-10-01,-1.45017216,3.4408592639999998,1.9107290879999999
2014-10-02,-1.217286144,2.945092608,1.682280576
2014-10-03,-1.804892544,3.5850781439999997,1.7619690239999999
2014-10-04,-1.8238037759999999,3.7942836479999995,1.9644353279999998
2014-10-05,-1.971765504,3.8832825599999996,1.90372032
2014-10-06,-2.43326592,4.47902784,2.040038784
2014-10-07,-1.5902956799999999,3.795600384,2.2021839359999995
2014-10-08,-1.3139055359999998,3.50428032,2.1883426559999997
2014-10-09,1.0088240256,0.8769897216,1.8193766399999998
2014-10-10,0.03654066816,1.682083584,1.698662016
2014-10-11,-1.612877184,3.64476672,1.9631704319999999
2014-10-12,-1.6598753279999998,3.3065314559999996,1.6433902079999998
2014-10-13,-0.4303155456,1.9073180159999998,1.4734897919999999
2014-10-14,-1.475231616,3.4512065279999997,1.967027328
2014-10-15,-1.162263168,3.3399371519999996,2.161043712
2014-10-16,-1.585256832,3.474347904,1.87106112
2014-10-17,-2.009587968,3.757166208,1.72388736
2014-10-18,-1.545692544,3.39935616,1.830719232
2014-10-19,-1.50470784,3.320258688,1.790128512
2014-10-20,-0.9452360447999999,2.797835904,1.8306466559999999
2014-10-21,-1.633810176,3.421927296,1.7738403839999999
2014-10-22,-0.3459324672,1.890801792,1.53560448
2014-10-23,-1.217078784,2.929550976,1.7117567999999999
2014-10-24,-0.7985464703999999,2.715037056,1.925140608
2014-10-25,-1.147779072,3.020281344,1.887224832
2014-10-26,-0.9992854656,2.622875904,1.643410944
2014-10-27,0.9468949248,-0.002450808576,0.9519835391999999
2014-10-28,-0.0555372288,1.052942976,1.044389376
2014-10-29,-0.49790868479999995,1.6600930559999998,1.168079616
2014-10-30,-0.3005672832,1.3695920639999999,1.0690030080000001
2014-10-31,-0.09691985664,1.313646336,1.2153888
2014-11-01,0.377198208,0.8799622272,1.290795264
2014-11-02,0.141720192,0.984991104,1.12041792
2014-11-03,0.691970688,0.1127302272,0.7963961472
2014-11-04,0.2735265024,0.6641834111999999,0.9323745407999999
2014-11-05,0.178842816,0.9219816576,1.095005952
2014-11-06,0.31294356479999996,0.9474662016,1.260468864
2014-11-07,0.3484104192,0.7568733312,1.108059264
2014-11-08,0.4893550848,0.5779890432,1.070164224
2014-11-09,0.280215936,0.8689866623999999,1.15333632
2014-11-10,0.6013305216,0.16995847679999998,0.7715139839999999
2014-11-11,0.5766536447999999,-0.2562306048,0.317877696
2014-11-12,0.734282496,-0.6592679424,0.07308330624
2014-11-13,0.6045197184,-0.0341138304,0.5670321408
2014-11-14,0.6254413055999999,0.11010193919999998,0.7311254399999999
2014-11-15,0.6298363008,-0.06688573056,0.5566423679999999
2014-11-16,0.6405754752,-0.2950245504,0.3389330304
2014-11-17,0.449820864,-0.0781042176,0.36543571199999997
2014-11-18,0.7012676736,-0.1717552512,0.5234709888
2014-11-19,0.5353993727999999,0.1271925504,0.6577085952
2014-11-20,0.580053312,0.1707474816,0.7475815295999999
2014-11-21,0.45352535039999997,0.243689472,0.6948021888
2014-11-22,0.6790822271999999,0.060647304959999995,0.7388692992
2014-11-23,0.5137572096,-0.03457686528,0.47507420159999997
2014-11-24,0.4077910656,-0.001623359232,0.3827896704
2014-11-25,0.7558510463999999,-0.2849655168,0.4691478528
2014-11-26,0.6766820352,0.015943910399999997,0.6926891904
2014-11-27,0.7497546624,0.053135999999999996,0.8040145536
2014-11-28,0.7395328512,0.1316518272,0.873249984
2014-11-29,0.5571887616,0.20294219519999998,0.7620003072
2014-11-30,0.5862969215999999,0.04754484863999999,0.6353842176
2014-12-01,0.63820224,-0.09711342719999999,0.5423334912
2014-12-02,0.5026427136,0.11554202879999999,0.6210307583999999
2014-12-03,0.650483136,-0.02316957696,0.6312753792
2014-12-04,0.6016560767999999,0.0131917248,0.6266761343999999
2014-12-05,0.5784390143999999,-0.0073540224,0.5749138944
2014-12-06,0.49818654719999994,0.07258294656,0.5808972671999999
2014-12-07,0.48217835519999996,0.031735825919999995,0.5177447423999999
2014-12-08,0.5088811392,0.03343431168,0.5520856319999999
2014-12-09,0.5199531264,0.031256927999999996,0.5596242048
2014-12-10,0.5173652736,0.0563547456,0.5796458496
2014-12-11,0.4484305152,0.16234110719999997,0.6124315392
2014-12-12,0.43561152,0.27842330879999994,0.7159840128
2014-12-13,0.4340697984,0.20552382719999998,0.6397491456
2014-12-14,0.5518305792,-0.09439670015999999,0.45524436479999997
2014-12-15,0.4236447744,-0.057711709439999995,0.36311431679999995
2014-12-16,0.4826780928,0.034445191679999994,0.5152781952
2014-12-17,0.5034607487999999,-0.040289011199999995,0.4610162304
2014-12-18,0.34906567679999995,0.08081607168,0.4275949824
2014-12-19,0.497026368,-0.06642383616,0.42873960959999996
2014-12-20,0.4565092607999999,0.03482683776,0.4904862336
2014-12-21,0.3213219456,0.18017821439999998,0.5013498239999999
2014-12-22,0.365155776,0.026655194879999997,0.39080828160000003
2014-12-23,0.4286162304,-0.10692725759999999,0.32003009279999994
2014-12-24,0.666340992,-0.06516059903999999,0.6021806975999999
2014-12-25,0.3794397696,0.1693001088,0.5491763712000001
2014-12-26,0.4006537344,-0.17419484159999998,0.2246040576
2014-12-27,0.4292186112,-0.1261184256,0.30220335359999995
2014-12-28,0.3338454528,0.04713831935999999,0.3811618944
2014-12-29,0.3732179328,-0.1855799424,0.18644981759999998
2014-12-30,0.4095422208,-0.2914382592,0.1168452864
2014-12-31,0.33043023359999996,0.07103033856,0.40195906559999994
2015-01-01,0.350272512,0.2615524992,0.6341120639999999
2015-01-02,0.39898552319999997,0.2748110976,0.6915746303999999
2015-01-03,0.3772583424,0.2535369984,0.6515883648
2015-01-04,0.3036756096,0.3289517568,0.6533384831999999
2015-01-05,0.464984064,0.31005607679999997,0.7846803071999999
2015-01-06,0.5762492927999999,0.28237040639999994,0.8606808575999999
2015-01-07,0.5481903744,0.3239139456,0.872819712
2015-01-08,0.5896271231999999,0.178858368,0.7732112255999999
2015-01-09,0.40068587519999993,0.1495822464,0.5615329536
2015-01-10,0.46361445119999994,0.10154325888,0.5664307968
2015-01-11,0.49688432639999996,-0.0019214496,0.4994825472
2015-01-12,0.41368838399999996,0.029054246399999997,0.4487228928
2015-01-13,0.43749538559999995,-0.02952256896,0.41483197439999997
2015-01-14,0.42754625279999997,-0.0031881599999999998,0.42885469439999996
2015-01-15,0.358105536,0.1283361408,0.48413375999999997
2015-01-16,0.6258145535999999,-0.1417430016,0.481106304
2015-01-17,0.3487079808,0.055593319679999996,0.40815187199999997
2015-01-18,0.5769398016,-0.10665043199999999,0.46674973439999995
2015-01-19,0.42775776,0.02525375232,0.45030504959999995
2015-01-20,0.4540831488,-0.08782131455999999,0.372242304
2015-01-21,0.46128683519999997,-0.15919960319999998,0.2978436096
2015-01-22,0.4136489856,-0.06129012095999999,0.36057830399999996
2015-01-23,0.4500292608,-0.01560601728,0.437047488
2015-01-24,0.3716440704,0.07966294271999999,0.45328377599999997
2015-01-25,0.41900198399999994,0.07013060352,0.4883649407999999
2015-01-26,0.4991300352,0.09145923839999999,0.5871750912
2015-01-27,0.5192729856,0.07684263936,0.5874695423999999
2015-01-28,0.7390165248,-0.2336439168,0.5064695424
2015-01-29,0.4625569152,0.008586850176000001,0.4770327168
2015-01-30,0.4965815808,0.02817618048,0.5266104192
2015-01-31,0.462397248,0.05083648128,0.5161563647999999
2015-02-01,0.4478156928,-0.002038545792,0.44425739519999996
2015-02-02,0.5604899327999999,-0.03732034175999999,0.526450752
2015-02-03,0.4353792768,0.1528015104,0.5865581952
2015-02-04,0.5179458816,0.0308567232,0.5543800704
2015-02-05,0.5177146751999999,0.07929301248,0.617445504
2015-02-06,0.5436243072,0.1439420544,0.6811879679999999
2015-02-07,0.5663084544,0.1168235136,0.6746810112
2015-02-08,0.5779392767999999,0.07208320895999999,0.6500041343999999
2015-02-09,0.6565152384,0.0274420224,0.679036608
2015-02-10,0.5631462144,0.07003096704,0.6220354175999999
2015-02-11,0.5258939904,0.07083386495999999,0.5978738304
2015-02-12,0.5616273023999999,0.11868975359999999,0.6712554239999999
2015-02-13,0.7262141183999999,0.008149901184,0.7198232831999999
2015-02-14,0.7285552127999999,0.0345010752,0.743992128
2015-02-15,0.6061765248,-0.03269040768,0.5726142719999999
2015-02-16,0.49767851519999995,-0.09034913664000001,0.4198863744
2015-02-17,0.4902736896,-0.08318225664,0.41837368319999996
2015-02-18,0.5584681727999999,-0.030538010879999997,0.527917824
2015-02-19,0.530810496,0.07539599232,0.5973460991999999
2015-02-20,0.46674766079999996,0.051909465599999996,0.5182372223999999
2015-02-21,0.5114596608,-0.11916046079999999,0.402573888
2015-02-22,0.5094638208,-0.29172545279999995,0.23713067519999997
2015-02-23,0.4673863296,-0.038266732799999995,0.43594536959999997
2015-02-24,0.5855784192,-0.06628656383999999,0.5187089664
2015-02-25,0.5391785088,-0.06868996992,0.4744904831999999
2015-02-26,0.4649622912,-0.1617677568,0.3192763392
2015-02-27,0.5213445119999999,-0.15997305599999997,0.3744496512
2015-02-28,0.4791591936,-0.040928716799999994,0.44032896
2015-03-01,0.5695577855999999,-0.046254654719999996,0.5251205376
2015-03-02,0.5109723648,0.10116907776,0.6054994944
2015-03-03,0.45049374719999996,0.037928321279999996,0.4621349376
2015-03-04,0.3556773504,0.3087984384,0.352475712
2015-03-05,0.411749568,0.028485250559999998,0.4372465536
2015-03-06,0.5688423936,-0.01453842432,0.5382744192
2015-03-07,0.5215560192,0.07422129791999998,0.5749439615999999
2015-03-08,0.5888121984,-0.025309117439999997,0.5399882496
2015-03-09,0.49073506559999996,0.1078614144,0.5841434879999999
2015-03-10,0.568306368,0.09729828864,0.6549227136
2015-03-11,0.6878888063999999,0.08377883135999999,0.755707968
2015-03-12,0.6747255936000001,0.1204409088,0.7855843967999999
2015-03-13,0.5284341504,0.2287004544,0.7663942655999999
2015-03-14,0.6948291455999999,0.1967151744,0.8929657728
2015-03-15,0.8854199424,0.2056555008,1.083549312
2015-03-16,0.8859549311999999,0.2108985984,1.1097803519999998
2015-03-17,0.6150328704,0.3687856128,0.9964311552
2015-03-18,0.7548868223999999,0.30628627199999997,1.044140544
2015-03-19,0.774240768,0.08687430144,0.8737030656
2015-03-20,0.5939847936,0.37295873279999997,0.9950283647999999
2015-03-21,0.6141007872,0.4624418304,1.0630103039999999
2015-03-22,0.5136016896,0.5364268416,1.040563584
2015-03-23,0.494050752,0.5278317696,1.0141189631999998
2015-03-24,0.7034750208,0.21972280319999998,0.9263351808
2015-03-25,0.8099761536,0.07972846848,0.8834666111999999
2015-03-26,0.8318526336,0.15761744639999997,0.9877583231999999
2015-03-27,0.45043775999999996,0.7597680768,1.1949949439999998
2015-03-28,0.3429184896,1.0366579584,1.3552427519999999
2015-03-29,-0.043545185279999996,1.3618056959999998,1.30367232
2015-03-30,-0.28441704959999997,1.6323586559999999,1.330432128
2015-03-31,-0.2971437696,1.6816999679999998,1.3648020479999998
2015-04-01,-0.4597834752,1.725867648,1.26111168
2015-04-02,0.7463021184,0.2271172608,0.9962123903999999
2015-04-03,0.890020224,0.010032709248,0.915582528
2015-04-04,0.221164992,0.8921332223999999,1.111231872
2015-04-05,-0.5789802239999999,1.769330304,1.1585928959999998
2015-04-06,-0.02803704192,1.204844544,1.1481937919999998
2015-04-07,-0.1044617472,1.1798887679999999,1.0853533439999998
2015-04-08,0.1587610368,0.831653568,1.043974656
2015-04-09,0.6966476927999999,0.226037952,0.9442251648
2015-04-10,0.5166975744,0.5535889919999999,1.0492934399999998
2015-04-11,0.29462952959999994,0.8617777919999999,1.142128512
2015-04-12,0.1487320704,0.9446948352,1.100428416
2015-04-13,0.5557040639999999,0.5884710912,1.14239808
2015-04-14,0.6155097984,0.5955244416,1.2040254719999999
2015-04-15,0.47485128959999995,0.6115150079999999,1.05100416
2015-04-16,0.9449789183999999,-0.01212361344,0.9360686591999999
2015-04-17,0.6570398592,0.3163608576,0.9930470399999999
2015-04-18,0.6469984512,0.34534149119999996,0.9926115839999999
2015-04-19,0.7985132928,0.20167522559999998,1.0136140416
2015-04-20,0.24276672,0.5209930368,1.053990144
2015-04-21,-0.6643067904,1.859179392,1.193574528
2015-04-22,-1.0243096703999999,2.299342464,1.2635170559999997
2015-04-23,-0.803851776,2.1040819199999996,1.2960933119999998
2015-04-24,-0.5703374591999999,1.847442816,1.2864925440000001
2015-04-25,-1.0074367871999999,2.360772864,1.360520064
2015-04-26,-0.0859502016,1.414703232,1.3148593919999998
2015-04-27,-0.7802583552,2.12886144,1.35374976
2015-04-28,-1.0267212672,2.49397056,1.4366730239999999
2015-04-29,-1.0343884032,2.7870324479999997,1.7257950719999997
2015-04-30,-1.8377176319999997,3.66726528,1.7224773119999999
2015-05-01,-1.584634752,3.3571480319999996,1.4911775999999999
2015-05-02,-2.055072384,3.84269184,1.3422309119999998
2015-05-03,-1.290276864,3.103235712,1.22954112
2015-05-04,-0.35561721599999996,1.948292352,1.188058752
2015-05-05,-1.3423760639999998,2.9282757119999996,1.2250414079999998
2015-05-06,-1.5174812159999997,3.1653504,1.311126912
2015-05-07,-1.0161821952,2.612404224,1.2890327039999998
2015-05-08,0.3112349184,1.219411584,1.2964458239999999
2015-05-09,0.09409281408,1.340416512,1.268763264
2015-05-10,-0.2284402176,1.52274816,1.1908270079999999
2015-05-11,-0.3121887744,1.821222144,1.345849344
2015-05-12,-1.69003584,4.034541312,1.6453912319999997
2015-05-13,-1.8802782719999998,3.5601949439999996,1.6416587519999999
2015-05-14,-1.304128512,3.1879941119999997,1.728615168
2015-05-15,-2.18318976,3.7896076799999996,1.580798592
2015-05-16,-1.635147648,3.167776512,1.4836711679999999
2015-05-17,-1.839729024,3.545897472,1.4710325759999998
2015-05-18,-0.9753986304,2.4865678079999998,1.3968391679999999
2015-05-19,1.2535430399999998,0.1552690944,1.316030976
2015-05-20,-1.318975488,2.820842496,1.311043968
2015-05-21,-2.835461376,4.411915776,1.344221568
2015-05-22,-1.813186944,3.332700288,1.29460032
2015-05-23,-2.078815104,3.5951765759999996,1.3104011519999998
2015-05-24,-2.5096780799999996,4.0061952,1.313013888
2015-05-25,-3.5148556799999997,5.10204096,1.3955328
2015-05-26,-3.4728341759999997,5.177789568,1.501213824
2015-05-27,-3.0624376319999995,4.804842239999999,1.591477632
2015-05-28,-3.598089984,5.303988864,1.574297856
2015-05-29,-2.780345088,4.409759232,1.52891712
2015-05-30,-4.062908159999999,5.765416704,1.6793775359999998
2015-05-31,-2.726784,4.644978048,1.87235712
2015-06-01,-2.4854895359999998,4.510048896,1.9425692159999999
2015-06-02,-2.9705045759999997,5.0399470079999995,2.0064049919999998
2015-06-03,-3.032131968,5.013518975999999,1.9128856319999998
2015-06-04,-3.3879202559999997,5.484329856,1.969702272
2015-06-05,-0.8344819584,2.455629696,1.87961472
2015-06-06,-3.698638848,5.580565632,1.8974062079999998
2015-06-07,-3.69790272,5.597952768,1.878712704
2015-06-08,-3.9850341119999997,6.030681983999999,2.081396736
2015-06-09,-2.2750191359999996,4.495948415999999,2.2579223039999996
2015-06-10,-1.0198130688,3.253032576,2.317641984
2015-06-11,-1.1438496,3.33243072,2.3327585280000003
2015-06-12,-2.461860864,4.745651328,2.4686933759999996
2015-06-13,-1.008075456,3.457613952,2.671097472
2015-06-14,-2.09682432,4.672194048,2.828400768
2015-06-15,-0.032545152,2.6215902719999997,2.837659392
2015-06-16,-0.09226669823999999,2.829644928,3.0766417919999998
2015-06-17,-1.7025292799999998,4.968283392,3.59888832
2015-06-18,-0.7893998207999999,4.819730687999999,4.1028249599999995
2015-06-19,0.1718931456,4.3411023360000005,4.651748352
2015-06-20,-0.7408703232,5.4965952,4.852338048
2015-06-21,1.189240704,4.129916543999999,5.299489152
2015-06-22,-0.7644575231999999,6.2573783039999995,5.387451263999999
2015-06-23,0.3195065088,5.5732665599999995,5.707625472
2015-06-24,-0.18987125759999998,5.787935999999999,5.432406911999999
2015-06-25,-0.9228784896,6.326449919999999,5.427886463999999
2015-06-26,0.9386119296,4.17457152,4.988127743999999
2015-06-27,-1.1096351999999998,6.350223744,5.208489216
2015-06-28,0.2195849088,5.019490944,5.198079744
2015-06-29,-2.1059377919999998,7.0979328,5.113829375999999
2015-06-30,-1.3294056959999998,6.331893119999999,5.143865472
2015-07-01,-1.1261203199999998,6.038789759999999,5.009879808
2015-07-02,-0.715837824,5.6152984319999995,4.864779647999999
2015-07-03,-2.1470365439999997,6.8565035519999995,4.973747327999999
2015-07-04,-1.2777315839999999,6.381545471999999,5.122579968
2015-07-05,-1.976825088,6.972127488,5.035810176
2015-07-06,1.758817152,3.0502656,4.6196179200000005
2015-07-07,1.467414144,3.3609427199999997,4.559255424
2015-07-08,0.8773173503999999,3.801572352,4.475678975999999
2015-07-09,-1.6403731199999998,6.483172607999999,4.547228544
2015-07-10,-2.967363072,7.860105216,4.674226176
2015-07-11,-2.023605504,7.037114112,4.730151168
2015-07-12,-0.8569224576,6.051044736,4.884820991999999
2015-07-13,-0.11303089919999999,5.192615807999999,4.6656725759999995
2015-07-14,0.24146968319999998,4.4671046400000005,4.476549888
2015-07-15,-2.8574311679999997,7.485561216,4.3857884160000005
2015-07-16,-2.257134336,6.67782144,4.336654464
2015-07-17,-1.33233984,5.9888471039999995,4.3413304319999995
2015-07-18,-2.555950464,6.844352256,4.065313536
2015-07-19,-1.6301295359999999,5.765769216,4.053411071999999
2015-07-20,-3.3551573759999997,7.5121655039999995,4.11200064
2015-07-21,-1.3797423359999998,5.385709439999999,4.190735232
2015-07-22,-2.949519744,7.354343807999999,4.418789759999999
2015-07-23,-0.9332361216,5.637765888,4.700353536
2015-07-24,-0.7962178176,5.864825087999999,5.063202432
2015-07-25,-1.39351104,7.004465279999999,5.6068174079999995
2015-07-26,-1.44669888,7.432166016,5.939080703999999
2015-07-27,-0.9010694016,7.147678463999999,6.1986124799999995
2015-07-28,-1.1087539199999998,7.128456192,6.007105152
2015-07-29,-1.461950208,7.602045696,6.135450624
2015-07-30,-1.619305344,8.039533824,6.4111150079999994
2015-07-31,-1.2241186560000001,7.563642624,6.249851135999999
2015-08-01,-0.12999398399999998,6.6625390079999995,6.255833471999999
2015-08-02,-0.2898675072,6.513747839999999,6.009168384
2015-08-03,-0.40111614719999994,6.39508608,5.735857535999999
2015-08-04,-0.9458456832,6.846322176,5.571058175999999
2015-08-05,-1.169437824,7.200057599999999,5.683032576
2015-08-06,-1.664105472,7.3942087679999995,5.43583872
2015-08-07,-0.6934253184,6.20612928,5.214233087999999
2015-08-08,-3.0035370239999994,8.101793664,4.892016384
2015-08-09,-2.4581594879999997,7.452953856,4.808087424
2015-08-10,-2.682056448,7.4166243839999995,4.61744064
2015-08-11,0.12123613439999999,4.5196704,4.56767424
2015-08-12,-1.700517888,6.310369152,4.5714274559999994
2015-08-13,-1.475998848,6.037721855999999,4.5097896959999995
2015-08-14,-0.654702912,5.237695871999999,4.489385472
2015-08-15,-0.4470857856,5.048884223999999,4.499712
2015-08-16,-1.4095607039999998,5.721207551999999,4.215017088
2015-08-17,-1.1059752959999998,5.33739456,4.096459008
2015-08-18,-2.741371776,6.4427166719999995,3.60381312
2015-08-19,-3.1193683199999995,6.584125824,3.4090709759999998
2015-08-20,-3.1871646719999998,7.090581888,3.8135370239999995
2015-08-21,-1.75525056,5.669035775999999,3.822090624
2015-08-22,-1.9713404159999999,5.837432831999999,3.783148416
2015-08-23,-2.932163712,6.8341605119999995,3.8173939199999998
2015-08-24,-1.5270612479999999,5.47684416,3.8828574719999995
2015-08-25,-1.15302528,5.127359616,3.908248704
2015-08-26,-1.683700992,5.581415807999999,3.853225728
2015-08-27,-1.639999872,5.335144704,3.601967616
2015-08-28,-3.130866432,6.725420928,3.5984735999999997
2015-08-29,-1.9189405439999998,5.705157888,3.755051136
2015-08-30,-0.6268772736,4.493864448,3.8399754239999995
2015-08-31,-2.002444416,5.53137984,3.5256384
2015-09-01,-2.9415467520000003,6.561990144,3.5245601279999996
2015-09-02,-1.99215936,5.523541632,3.511164672
2015-09-03,-2.088758016,5.430965759999999,3.3414819839999996
2015-09-04,-1.3607585279999999,4.659804288,3.3043023359999997
2015-09-05,-2.07639936,5.34812544,3.2903262719999997
2015-09-06,-2.5273762559999997,5.828246784,3.323244672
2015-09-07,-3.941073792,7.152271487999999,3.2246449919999995
2015-09-08,-2.2172486399999998,5.419581696,3.226376448
2015-09-09,-1.2840767999999998,4.531863168,3.2496733439999996
2015-09-10,-1.30450176,4.420469376,3.136693248
2015-09-11,-3.07996992,5.8556597759999995,2.905766784
2015-09-12,-1.4956358399999998,4.426223616,3.0279432959999997
2015-09-13,-1.914098688,4.898185344,2.984200704
2015-09-14,-1.078468992,4.023758591999999,2.88966528
2015-09-15,-2.187067392,4.888346112,2.6971107839999995
2015-09-16,-2.10517056,4.728927743999999,2.624358528
2015-09-17,-3.0161341439999996,5.318898048,2.4565317119999994
2015-09-18,-1.4815042559999998,3.690344448,2.2552162559999998
2015-09-19,-2.218451328,4.399619327999999,2.2894721279999994
2015-09-20,-1.66090176,3.977548416,2.3364391679999996
2015-09-21,-0.6797146752,3.063816576,2.3721984
2015-09-22,-1.101558528,3.355437312,2.2627019519999996
2015-09-23,-0.2486909952,2.4941468159999998,2.206382976
2015-09-24,-1.3431225599999999,3.527546112,2.1413548799999997
2015-09-25,-0.8807792255999999,3.034132992,2.1130709759999995
2015-09-26,-0.4538882304,2.655804672,2.12082624
2015-09-27,-0.49052874239999994,2.597007744,2.059883136
2015-09-28,-0.8432004096,2.848131072,1.9294018559999997
2015-09-29,-2.156813568,3.9852829439999997,1.7664272639999998
2015-09-30,0.3151478016,1.452650112,1.6919539199999998
2015-10-01,-0.7415224704,2.375547264,1.619232768
2015-10-02,-1.6600930559999998,3.158289792,1.47707712
2015-10-03,-1.607029632,2.988638208,1.407238272
2015-10-04,-1.8169608959999999,3.025299456,1.5198658559999998
2015-10-05,-1.5629137919999998,3.3260025599999996,1.7587031039999999
2015-10-06,-0.6808489343999999,2.3364391679999996,1.7794183679999998
2015-10-07,-1.13363712,3.031779456,1.937126016
2015-10-08,-1.3592862719999999,3.42128448,2.0868710399999997
2015-10-09,-1.462831488,3.471942528,2.2586999039999998
2015-10-10,-0.8991782784,3.4132803839999997,2.507521536
2015-10-11,-1.180884096,3.4397913599999996,2.25462528
2015-10-12,-1.46245824,3.3771064319999997,1.922496768
2015-10-13,-1.4927431679999998,3.3052043519999996,1.8050688
2015-10-14,-1.368752256,3.2161535999999997,1.8319219199999999
2015-10-15,-1.990573056,3.679385472,1.686386304
2015-10-16,-1.1211644159999998,2.903371776,1.7654423039999998
2015-10-17,-1.043819136,2.899452672,1.806717312
2015-10-18,-2.209876992,4.032830592,1.7969610239999998
2015-10-19,-1.5715295999999999,3.340030464,1.7454839039999999
2015-10-20,-1.3807480319999998,3.0795863039999998,1.6803624959999999
2015-10-21,0.1956172032,1.3275394559999998,1.5205086719999998
2015-10-22,0.3926962944,1.122253056,1.4893632
2015-10-23,-0.06950085119999999,1.49651712,1.416724992
2015-10-24,-0.6975071999999999,2.022423552,1.34478144
2015-10-25,-1.104534144,2.4335665919999996,1.36017792
2015-10-26,-0.7756020864,2.029007232,1.278747648
2015-10-27,-0.3156268032,1.401784704,1.112517504
2015-10-28,-2.5964478719999997e-4,1.087800192,1.110008448
2015-10-29,-0.1551944448,1.2823557119999998,1.167581952
2015-10-30,0.2822128128,0.8107568639999999,1.110889728
2015-10-31,0.4560800256,0.6981303168,1.1649277439999999
2015-11-01,0.26475724799999995,0.9818299007999999,1.2537089279999998
2015-11-02,-0.11022946559999999,1.39957632,1.292972544
2015-11-03,0.034825593599999996,1.2648545279999999,1.291718016
2015-11-04,0.4942342656,0.6200260992,1.099816704
2015-11-05,0.9216706175999999,-0.06746861952,0.8701634303999999
2015-11-06,0.7577152128,0.01044399744,0.7814506752
2015-11-07,0.3684984192,0.5554541952,0.906386112
2015-11-08,-0.02641237632,0.9233336448,0.9608098175999998
2015-11-09,0.1781232768,0.7250311295999999,0.870880896
2015-11-10,0.4280335488,0.4239765504,0.7901380224
2015-11-11,0.6825720959999999,-0.08123576832,0.5995389311999999
2015-11-12,0.5965830144,0.03574388736,0.6269031935999999
2015-11-13,0.6304096511999999,0.12551500799999998,0.740010816
2015-11-14,-0.02020972032,0.5972050943999999,0.8368977024
2015-11-15,0.6153055488,0.2162059776,0.8143213823999998
2015-11-16,0.6489984384,0.11627089919999999,0.7588992384
2015-11-17,0.944208576,-0.2688069888,0.6795093887999999
2015-11-18,0.6770739456,0.00162368064,0.6842496384
2015-11-19,0.6014362752,0.1083601152,0.7129285632
2015-11-20,0.6668873856,-0.014388399359999998,0.6608210687999999
2015-11-21,0.4842436608,0.042606570239999995,0.5423521535999999
2015-11-22,0.581271552,0.06727608575999999,0.6494701824
2015-11-23,0.6492379392,0.038223498239999994,0.6834658175999999
2015-11-24,0.6939623808,-0.060175042559999996,0.6607329408
2015-11-25,0.5852850048,-0.01684468224,0.5746837248
2015-11-26,0.6141899519999999,-0.26130885119999997,0.3717145728
2015-11-27,0.6786415871999999,-0.305436096,0.3910622976
2015-11-28,0.5118598656,-0.04447550592,0.4755563136
2015-11-29,0.4838351616,-0.05847541632,0.43568720639999997
2015-11-30,0.7960830336,-0.444543552,0.36621953279999997
2015-12-01,0.3830001408,0.06324749567999999,0.4537845504
2015-12-02,0.5659372799999999,0.009858392063999999,0.5716666368
2015-12-03,0.5226425856,0.07563756672,0.5929863552
2015-12-04,0.6094009728,0.060611535359999996,0.6699936384
2015-12-05,0.6274309248,-0.05701135104,0.5733493632
2015-12-06,0.6370420607999999,0.0311319936,0.6640869887999999
2015-12-07,0.6295874688,0.0466601472,0.6725006208
2015-12-08,0.5802274944,0.06718318847999999,0.6479419392
2015-12-09,0.7607758464,-0.04490256384,0.7089773184
2015-12-10,0.5752757376000001,0.11587276799999999,0.6839697024
2015-12-11,0.6582114431999999,-0.06024917376,0.600405696
2015-12-12,0.3436909056,0.1692285696,0.5258265984
2015-12-13,0.5274429696,0.09666532224,0.6175087488
2015-12-14,0.5553059328,0.059045759999999996,0.6204916224
2015-12-15,0.435772224,0.002913314688,0.44440876799999995
2015-12-16,0.5694489215999999,-0.1661088384,0.4125976704
2015-12-17,0.37763055360000003,-0.006802310016,0.3838482432
2015-12-18,0.45247818239999993,0.111647808,0.5620347647999999
2015-12-19,0.45111790079999997,0.2623072896,0.6981935616
2015-12-20,0.6532503552,-0.05013114624,0.6067747584000001
2015-12-21,0.5041471103999999,0.029629774079999997,0.543863808
2015-12-22,0.3210928128,0.22155275519999998,0.5521716863999999
2015-12-23,0.5470799615999999,-0.1540985472,0.4122959616
2015-12-24,0.44137198079999995,-0.12304742399999999,0.3408770304
2015-12-25,0.47369007359999993,-0.1071408384,0.3842805888
2015-12-26,0.41896154879999997,-0.18527512319999997,0.2490352128
2015-12-27,0.4397607935999999,-0.18527512319999997,0.2616043392
2015-12-28,0.29868030719999994,-0.07145324927999999,0.22773519359999997
2015-12-29,0.41332550399999995,-0.3004096896,0.1145124864
2015-12-30,0.4232974464,-0.37750302719999995,0.03157491456
2015-12-31,0.24476981759999997,-0.2399590656,4.6192550399999995e-7
2016-01-01,0.36613244159999997,-0.06607101312,0.29496752639999996
2016-01-02,0.45894366719999996,-0.09333356543999999,0.35928541439999995
2016-01-03,0.4245664896,0.033153131520000004,0.38598197759999997
2016-01-04,0.40113066239999995,0.07356054528,0.3925252224
2016-01-05,0.3971794176,-0.004555419264,0.3906776448
2016-01-06,0.4503765888,-0.06413095296,0.39007422719999996
2016-01-07,0.4299070464,-0.042089621759999994,0.3857321088
2016-01-08,0.31545676799999994,0.02306185344,0.33845091839999997
2016-01-09,0.5104964736,-0.16801343999999999,0.3436877952
2016-01-10,0.39307679999999995,-0.03704579712,0.35738184959999997
2016-01-11,0.4310661888,-8.217251712e-4,0.4301569152
2016-01-12,0.4662240768,-0.03393881855999999,0.4324046976
2016-01-13,0.4658871168,0.02741485824,0.48687505919999996
2016-01-14,0.45399398399999996,-0.05954943744,0.3951680256
2016-01-15,0.3252659328,0.02479237632,0.35151356159999997
2016-01-16,0.2872630656,0.03400683264,0.3226449024
2016-01-17,0.36491005439999996,0.024288387839999998,0.388260864
2016-01-18,0.39533287679999995,0.05394086784,0.4452703488
2016-01-19,0.34620618239999995,0.08635797503999999,0.42153696
2016-01-20,0.36904481279999996,0.03184417152,0.39719807999999995
2016-01-21,0.4287302784,-0.03039410304,0.3957196032
2016-01-22,0.43899459839999994,0.06803595647999999,0.4977614592
2016-01-23,0.40456143359999996,0.09510721919999998,0.4939356672
2016-01-24,0.44756375039999996,-0.01827474048,0.4275690624
2016-01-25,0.3730323456,-0.046386639359999995,0.3319792128
2016-01-26,0.41464638719999997,-0.04646647296,0.36815212799999997
2016-01-27,0.49245096959999995,-0.04392330624,0.4470567552
2016-01-28,0.471350016,-0.024077813759999997,0.44721538559999996
2016-01-29,0.2987476992,0.1165995648,0.4182741504
2016-01-30,0.36938488319999996,0.06087851135999999,0.43508586239999997
2016-01-31,0.3204157824,-0.04070953727999999,0.31315403519999996
2016-02-01,0.3269828736,-0.047260972799999995,0.29410490879999995
2016-02-02,0.30963098879999995,-0.07169845248,0.24598183679999996
2016-02-03,0.3611195136,-0.1471001472,0.2216844288
2016-02-04,0.2854092672,0.02328735744,0.3176278272
2016-02-05,0.3531631104,-0.014235264,0.34721498879999996
2016-02-06,0.4137153408,0.02489118336,0.44483281919999995
2016-02-07,0.32584032,0.08087672448,0.4116241152
2016-02-08,0.4942301184,-0.027863377919999998,0.4684853376
2016-02-09,0.5063793408,0.01102958208,0.5168230272
2016-02-10,0.4599224064,0.06430306175999999,0.5231350656
2016-02-11,0.3326749056,0.1654183296,0.49751884799999996
2016-02-12,0.5848702848,-0.07889457024,0.5094513791999999
2016-02-13,0.41572776959999996,0.07396448256,0.48881594879999996
2016-02-14,0.4706107776,-0.05511919104,0.4165043328
2016-02-15,0.2793512448,0.1544116608,0.43447518719999995
2016-02-16,0.3771598464,0.0961274304,0.4731913728
2016-02-17,0.6774057216,-0.11546219519999999,0.5596449407999999
2016-02-18,0.6812802431999999,-0.10843476479999999,0.5706277632
2016-02-19,0.38436042239999996,0.17600509439999998,0.5589378432
2016-02-20,0.40112340479999997,0.2288404224,0.6272028287999999
2016-02-21,0.5010408576,0.04120585344,0.5712622848
2016-02-22,0.5244175872,0.020765134079999997,0.5462266751999999
2016-02-23,0.4283611776,0.019445391359999998,0.4682696832
2016-02-24,0.48164025599999993,0.06428491776,0.5476242816
2016-02-25,0.624635712,0.0052909770239999996,0.628487424
2016-02-26,0.47743395839999997,0.1954647936,0.6671880576
2016-02-27,0.6123091968,0.042591847679999996,0.6495821568
2016-02-28,0.5466331007999999,0.018143170559999998,0.5611762943999999
2016-02-29,0.5569731072,-0.04961481984,0.5047743744
2016-03-01,0.4286732544,0.051487488,0.47827065599999996
2016-03-02,0.4445083007999999,0.06893351424,0.5107421952
2016-03-03,0.5413402368,0.008383015296000001,0.5338711295999999
2016-03-04,0.5606184959999999,-0.0059455918079999994,0.5521799808
2016-03-05,0.6764518655999999,-0.0740632896,0.6019204608
2016-03-06,0.6637106303999999,-0.050431507199999996,0.6106752
2016-03-07,0.5023783296,0.042080601599999996,0.5439716352
2016-03-08,0.41392166399999997,0.10167555456,0.5164290431999999
2016-03-09,0.5549409792000001,-0.008500868352,0.546362496
2016-03-10,0.5636739456,0.0816334848,0.6419647872
2016-03-11,0.7834506623999999,-0.052766277119999996,0.7249481856
2016-03-12,0.7498925568,-0.04907993472,0.6936119423999999
2016-03-13,0.5815411199999999,0.07416945792,0.6544717055999999
2016-03-14,0.5774333184,0.041893044479999995,0.6191572607999999
2016-03-15,0.514112832,-0.02536054272,0.4914670464
2016-03-16,0.5903083008,-0.08765376768,0.5057966591999999
2016-03-17,0.6496288128,-0.1072901376,0.5455206144
2016-03-18,0.6617054591999999,-0.2275039872,0.43979500799999993
2016-03-19,0.6546137472,-0.18959132159999997,0.46433295359999993
2016-03-20,0.58555872,0.1288763136,0.7168984704
2016-03-21,0.6679615104,0.1475044992,0.8189817984
2016-03-22,0.6109074431999999,0.1686313728,0.7896227328000001
2016-03-23,0.5843114495999999,-0.007591988736,0.5925239424
2016-03-24,0.7184101248,-0.123617664,0.6119794943999999
2016-03-25,0.5196991103999999,0.06490990079999999,0.6027664896
2016-03-26,0.6277595904,-0.03772956672,0.5262672384
2016-03-27,0.6558350976,-0.017511448319999998,0.6589278719999999
2016-03-28,0.8236194048,-0.05071216896,0.794950848
2016-03-29,0.7138326528,0.038218003199999996,0.7696342655999999
2016-03-30,0.5701850495999999,0.04067646336,0.623650752
2016-03-31,0.6064222464,-0.01780890624,0.5921797248
2016-04-01,0.5742596736,0.060570374399999995,0.6379876224
2016-04-02,0.7097704704,0.06976917503999999,0.7774299647999999
2016-04-03,0.6262303103999999,0.2079219456,0.8308158336
2016-04-04,0.7866885888,0.10609989119999999,0.88851168
2016-04-05,0.6962101632,0.08973421056,0.7860198528
2016-04-06,0.7276656383999999,0.12511895039999998,0.8526508415999999
2016-04-07,0.5982740351999999,0.2860157952,0.8844018048
2016-04-08,0.7053941375999999,0.1763970048,0.88288704
2016-04-09,0.6560994816,0.23641009919999997,0.8942970239999999
2016-04-10,0.5982771456,0.2207979648,0.8232471936
2016-04-11,0.5596760448,0.2027804544,0.7685756927999999
2016-04-12,0.5235103872,0.292253184,0.8221056768
2016-04-13,0.2294303616,0.6082791552,0.8317603584
2016-04-14,-0.16156454399999998,0.9948593664,0.8415871488
2016-04-15,0.5079376512,0.1599512832,0.6835145471999999
2016-04-16,0.4556497536,0.16288024319999997,0.6267684096
2016-04-17,0.5443459199999999,0.09603235584,0.6486666623999999
2016-04-18,0.40013429759999997,0.34503459839999995,0.7489200384
2016-04-19,0.661110336,0.23132044799999998,0.8972093952
2016-04-20,0.450598464,0.6927493248,1.13565888
2016-04-21,-0.5682089088,1.91118528,1.3399499519999998
2016-04-22,-0.857169216,2.477039616,1.6083567359999997
2016-04-23,-0.6660828288,2.2251490560000002,1.5502129919999998
2016-04-24,-0.01602799488,1.3370365439999998,1.3373475839999998
2016-04-25,-0.9655272575999999,2.3575484159999998,1.425019392
2016-04-26,0.5390862336,0.5466455424,1.117525248
2016-04-27,0.710664192,0.3021349248,1.038697344
2016-04-28,0.7688048256,0.09343299455999998,0.8831265408
2016-04-29,0.7230498047999999,0.1189448064,0.841974912
2016-04-30,0.7127854848,0.13183534079999998,0.8156184191999999
2016-05-01,0.798761088,0.07484679936,0.8157915647999999
2016-05-02,-0.42377333759999997,1.396652544,0.9930066047999999
2016-05-03,-0.6235045631999999,1.66826304,1.081195776
2016-05-04,-0.3506903424,1.684198656,1.1744455679999999
2016-05-05,-0.6104450304,1.8299208959999997,1.2236624639999998
2016-05-06,-0.5254927488,1.739978496,1.2035070719999998
2016-05-07,0.4115712384,0.5783104511999999,0.9922175999999999
2016-05-08,-1.591218432,2.5798901759999997,0.9607185791999999
2016-05-09,-1.116084096,2.188747008,1.0941661440000001
2016-05-10,-2.169846144,3.4254524159999997,1.2712308479999999
2016-05-11,-0.7028218368,2.063356416,1.3458908159999998
2016-05-12,-1.664986752,3.292233984,1.6079316479999999
2016-05-13,-1.9879188479999998,3.772687104,1.746168192
2016-05-14,-2.53876032,4.444709759999999,1.787018112
2016-05-15,-1.485765504,3.35492928,1.768500864
2016-05-16,-0.15478801920000002,1.721564928,1.5407055359999997
2016-05-17,-0.24211872,1.721803392,1.44571392
2016-05-18,-1.11787776,2.742429312,1.5846762239999999
2016-05-19,-3.729587328,5.520203136,1.743980544
2016-05-20,-3.572532864,5.471991936,1.833549696
2016-05-21,-4.250340864,6.175398527999999,1.8600503039999998
2016-05-22,-3.15695232,4.966054272,1.635883776
2016-05-23,-4.267489535999999,5.831699328,1.479658752
2016-05-24,-3.7072131839999996,5.296171391999999,1.536838272
2016-05-25,-4.090372992,5.643343872,1.518849792
2016-05-26,-1.880402688,3.391642368,1.413770112
2016-05-27,-1.8416263679999998,3.3045615359999996,1.464915456
2016-05-28,-4.223062656,6.049437695999999,1.82150208
2016-05-29,-4.132228608,6.088794623999999,2.0360056319999997
2016-05-30,-3.6226621439999995,5.739061248,2.11336128
2016-05-31,-2.9460049919999998,4.955416704,2.0165345279999998
2016-06-01,-3.5001538559999994,5.545024128,2.1468188159999997
2016-06-02,-4.482024192,6.9161299199999995,2.402130816
2016-06-03,-4.321320192,6.818919552,2.484183168
2016-06-04,-4.00018176,6.430980096,2.464141824
2016-06-05,-3.5478777599999995,6.147301247999999,2.6024094719999997
2016-06-06,-3.6646214399999995,6.320592,2.6596719359999996
2016-06-07,-2.1348645119999996,4.910004864,2.785072896
2016-06-08,-2.113952256,4.9118503680000005,2.81045376
2016-06-09,-2.615763456,5.59363968,2.982728448
2016-06-10,-1.068505344,4.1951312640000005,3.1632975359999995
2016-06-11,-1.10310336,4.22267904,3.132152064
2016-06-12,-2.488641408,5.5186272,3.043702656
2016-06-13,-2.6568933120000002,5.590954367999999,2.932609536
2016-06-14,-4.1148,7.132541184,3.006688896
2016-06-15,-2.311742592,5.662338048,3.366302976
2016-06-16,-1.8306673919999998,5.291858304,3.4927303679999997
2016-06-17,-1.95167232,5.430716928,3.5068515839999996
2016-06-18,-2.597733504,6.200489087999999,3.6332063999999997
2016-06-19,0.3053904768,3.5530410239999997,3.8238739199999996
2016-06-20,-2.553234048,6.271582464,3.7517126399999996
2016-06-21,0.6212640384,3.3779980800000002,4.0194973439999995
2016-06-22,-0.5219976959999999,4.301486208,3.806725248
2016-06-23,-1.0029826944,4.861202688,3.8945525759999997
2016-06-24,-0.3643294464,4.346690688,4.0178384639999996
2016-06-25,-1.9665815039999999,5.906514816,3.972011904
2016-06-26,-1.9281887999999998,6.059028096,4.102316928
2016-06-27,-1.592908416,5.749615872,4.194353664
2016-06-28,-0.9015390719999999,5.090211072,4.26135168
2016-06-29,0.33934464,3.912789888,4.2921135360000005
2016-06-30,1.6939653119999998,2.332043136,4.069315584
2016-07-01,0.9032373504,3.140031744,4.128413183999999
2016-07-02,1.3107432959999998,2.798831232,4.156551936
2016-07-03,-1.270536192,5.604297984,4.38001344
2016-07-04,-1.8140060159999998,6.3982483199999995,4.635823104
2016-07-05,-0.8806402943999999,5.469596928,4.643713151999999
2016-07-06,-0.32106792959999997,5.090397696,4.816703232
2016-07-07,-1.706075136,6.453644543999999,4.815946368
2016-07-08,-1.1249487360000001,5.99939136,4.921440768
2016-07-09,-0.8665657344,5.9443787519999995,5.111911296
2016-07-10,0.1349208576,5.112025344,5.263014527999999
2016-07-11,-2.027234304,6.952500863999999,4.932700416
2016-07-12,-1.391427072,6.295200768,4.904157312
2016-07-13,-1.49781312,6.487869312,4.994877312
2016-07-14,-2.1980471039999996,6.9818630399999995,4.786128
2016-07-15,-2.1070990079999996,6.7995936,4.694174208
2016-07-16,-1.140832512,6.022439424,4.877801856
2016-07-17,-2.777815296,7.479630719999999,4.707092736
2016-07-18,-1.266668928,5.888858112,4.662261504
2016-07-19,-2.112988032,6.7735284479999995,4.651053696
2016-07-20,-0.430671168,5.011289856,4.578529536
2016-07-21,0.48784861439999994,4.177858175999999,4.664542464
2016-07-22,-1.285144704,6.0756272639999995,4.730151168
2016-07-23,-0.8659094399999999,5.599580544,4.564366848
2016-07-24,-2.077270272,6.61799808,4.2859342080000005
2016-07-25,-0.853820352,5.425615872,4.267095552
2016-07-26,-1.60180416,6.0037873919999996,4.089553919999999
2016-07-27,-0.5315611391999999,4.8359255039999995,3.9768433919999997
2016-07-28,-2.2496486399999998,6.299586432,3.7242996479999997
2016-07-29,-2.851314048,6.749961984,3.63014784
2016-07-30,-1.4311572479999999,5.487948288,3.857694336
2016-07-31,-0.5597569151999999,4.482708479999999,3.801292416
2016-08-01,-1.364926464,5.35030272,3.93139008
2016-08-02,-1.393376256,5.337083519999999,3.9628880639999995
2016-08-03,-1.2332736,5.239613951999999,4.093939584
2016-08-04,-0.8551142784,4.689477504,3.7538691839999996
2016-08-05,1.16437824,2.25436608,3.5413355519999996
2016-08-06,-2.5250849279999996,6.179027328,3.7311010559999995
2016-08-07,-1.9904486399999999,5.648921855999999,3.7424229119999994
2016-08-08,-3.112338816,6.823014912,3.69163008
2016-08-09,0.0813789504,3.5429114879999997,3.565990656
2016-08-10,-1.808604288,5.331495168,3.4488011519999997
2016-08-11,-2.1333818879999997,5.518564991999999,3.32211456
2016-08-12,-3.07219392,6.251468544,3.1315403519999996
2016-08-13,-2.01102912,5.172107904,3.1336346879999994
2016-08-14,-1.504531584,4.6513751039999995,3.1296222719999998
2016-08-15,-1.392640128,4.479048576,3.08168064
2016-08-16,-1.46686464,4.435399296,2.954838528
2016-08-17,-1.2609250559999998,4.22065728,2.940758784
2016-08-18,-1.091242368,3.7914013439999996,2.710267776
2016-08-19,-2.37085056,4.781586815999999,2.510497152
2016-08-20,-3.9997566719999997,6.468501888,2.457205632
2016-08-21,-2.495722752,5.186052864,2.755016064
2016-08-22,-2.57147136,5.421873024,2.814590592
2016-08-23,-1.634971392,4.415534208,2.7622944
2016-08-24,-0.5022414719999999,3.0984456959999997,2.612445696
2016-08-25,-2.010624768,4.711602815999999,2.7367476479999997
2016-08-26,-3.958854912,6.939934847999999,3.0067096319999997
2016-08-27,-3.2271851519999997,6.400518911999999,3.258745344
2016-08-28,-1.400519808,4.605631488,3.283462656
2016-08-29,-1.9131344639999999,5.089309055999999,3.242685312
2016-08-30,-2.253049344,5.3737758719999995,3.176257536
2016-08-31,-3.657944448,6.876451584,3.2570035199999996
2016-09-01,-1.642125312,5.058661248,3.4249443840000002
2016-09-02,-2.097788544,5.41878336,3.387246336
2016-09-03,-2.161022976,5.52686976,3.389579136
2016-09-04,-1.9696400639999998,5.319748224,3.350284416
2016-09-05,-1.469135232,4.853965823999999,3.3826533119999995
2016-09-06,-2.533431168,5.725188864,3.231010944
2016-09-07,-2.64964608,5.972558976,3.3182369279999997
2016-09-08,-1.1711070719999999,4.481993088,3.287184768
2016-09-09,-2.32129152,5.2627138559999995,2.9345483519999997
2016-09-10,-1.398062592,4.523454719999999,3.04886592
2016-09-11,-0.5371899264,3.6736208639999997,3.1114990079999996
2016-09-12,-2.3253350399999997,5.219728128,2.79355392
2016-09-13,-1.898131968,4.559732352,2.619609984
2016-09-14,-1.8175207679999998,4.582427904,2.70412992
2016-09-15,-2.683663488,5.256067968,2.549263104
2016-09-16,-1.193574528,3.8165333759999998,2.406029184
2016-09-17,-1.93715712,4.573625472,2.52341568
2016-09-18,-1.823959296,4.487985792,2.6191434239999998
2016-09-19,-1.576889856,3.995702784,2.634436224
2016-09-20,-0.8846796671999999,3.406935168,2.514364416
2016-09-21,-0.21030036479999997,2.566328832,2.3558376959999996
2016-09-22,-1.352059776,3.722485248,2.3698656000000002
2016-09-23,-1.12212864,3.4211600639999995,2.2487258879999996
2016-09-24,-0.08021078783999999,1.943440128,1.93036608
2016-09-25,-2.360555136,4.3979397119999994,2.04410304
2016-09-26,-2.276118144,4.5732936959999995,2.203003008
2016-09-27,-1.805058432,4.1484441599999995,2.343458304
2016-09-28,-1.777095936,4.088092032,2.311877376
2016-09-29,-1.0168177536,3.41775936,2.3996113919999997
2016-09-30,-0.6697085184,2.981308032,2.254915584
2016-10-01,-1.375906176,3.664445184,2.28816576
2016-10-02,-1.234497024,3.5199774719999994,2.285200512
2016-10-03,-2.446008192,4.51054656,2.09013696
2016-10-04,-1.128629376,2.8996081919999996,1.7929693439999999
2016-10-05,-1.4648014079999998,3.358796544,1.9040624639999997
2016-10-06,-0.38179019519999996,2.17670976,1.76390784
2016-10-07,-1.552379904,3.5177379839999996,1.930438656
2016-10-08,-1.787422464,4.0023072,2.1865386239999998
2016-10-09,-2.027700864,4.317359615999999,2.2531737599999997
2016-10-10,-2.048177664,4.327914239999999,2.20304448
2016-10-11,-0.834898752,3.0529820159999996,2.089214208
2016-10-12,-2.024237952,4.061238911999999,2.0559744
2016-10-13,-1.1900390399999998,3.4494854399999997,2.202857856
2016-10-14,-0.6668645759999999,2.9875288319999997,2.3213226239999996
2016-10-15,-1.47816576,3.805854336,2.3281655039999998
2016-10-16,-1.8461986559999999,4.183653888,2.337714432
2016-10-17,-2.045430144,4.0963968,2.11942656
2016-10-18,-0.7709292287999999,2.70983232,1.9351768319999998
2016-10-19,-1.030392576,2.721423744,1.74089088
2016-10-20,-1.519731072,3.4345866239999996,1.9434608639999997
2016-10-21,-0.2953905408,2.6586247679999997,2.187865728
2016-10-22,-1.489840128,3.7786175999999996,2.27079936
2016-10-23,-1.644530688,3.901810176,2.25778752
2016-10-24,-0.9788470272,3.2516017919999998,2.274573312
2016-10-25,0.7444244736,1.436631552,2.110022784
2016-10-26,-1.690357248,3.889047168,2.158814592
2016-10-27,-1.1679344639999998,3.48810624,2.320814592
2016-10-28,1.0050137855999999,1.294942464,2.301146496
2016-10-29,-1.0238389632,3.24212544,2.1855329279999998
2016-10-30,-0.8323430399999999,3.1157291519999997,2.23580736
2016-10-31,-1.603960704,3.913930368,2.1939828479999997
2016-11-01,NA,NA,NA
2016-11-02,NA,NA,NA
2016-11-03,NA,NA,NA
2016-11-04,NA,NA,NA
2016-11-05,NA,NA,NA
2016-11-06,NA,NA,NA
2016-11-07,NA,NA,NA
2016-11-08,NA,NA,NA
2016-11-09,NA,NA,NA
2016-11-10,NA,NA,NA
2016-11-11,NA,NA,NA
2016-11-12,NA,NA,NA
2016-11-13,NA,NA,NA
2016-11-14,NA,NA,NA
2016-11-15,NA,NA,NA
2016-11-16,NA,NA,NA
2016-11-17,NA,NA,NA
2016-11-18,NA,NA,NA
2016-11-19,NA,NA,NA
2016-11-20,NA,NA,NA
2016-11-21,NA,NA,NA
2016-11-22,NA,NA,NA
2016-11-23,NA,NA,NA
2016-11-24,NA,NA,NA
2016-11-25,NA,NA,NA
2016-11-26,NA,NA,NA
2016-11-27,NA,NA,NA
2016-11-28,NA,NA,NA
2016-11-29,NA,NA,NA
2016-11-30,NA,NA,NA
2016-12-01,NA,NA,NA
2016-12-02,NA,NA,NA
2016-12-03,NA,NA,NA
2016-12-04,NA,NA,NA
2016-12-05,NA,NA,NA
2016-12-06,NA,NA,NA
2016-12-07,NA,NA,NA
2016-12-08,NA,NA,NA
2016-12-09,NA,NA,NA
2016-12-10,NA,NA,NA
2016-12-11,NA,NA,NA
2016-12-12,NA,NA,NA
2016-12-13,NA,NA,NA
2016-12-14,NA,NA,NA
2016-12-15,NA,NA,NA
2016-12-16,NA,NA,NA
2016-12-17,NA,NA,NA
2016-12-18,NA,NA,NA
2016-12-19,NA,NA,NA
2016-12-20,NA,NA,NA
2016-12-21,NA,NA,NA
2016-12-22,NA,NA,NA
2016-12-23,NA,NA,NA
2016-12-24,NA,NA,NA
2016-12-25,NA,NA,NA
2016-12-26,NA,NA,NA
2016-12-27,NA,NA,NA
2016-12-28,NA,NA,NA
2016-12-29,NA,NA,NA
2016-12-30,NA,NA,NA
2016-12-31,NA,NA,NA
2017-01-01,NA,NA,NA
2017-01-02,NA,NA,NA
2017-01-03,NA,NA,NA
2017-01-04,NA,NA,NA
2017-01-05,NA,NA,NA
2017-01-06,NA,NA,NA
2017-01-07,NA,NA,NA
2017-01-08,NA,NA,NA
2017-01-09,NA,NA,NA
2017-01-10,NA,NA,NA
2017-01-11,NA,NA,NA
2017-01-12,NA,NA,NA
2017-01-13,NA,NA,NA
2017-01-14,NA,NA,NA
2017-01-15,NA,NA,NA
2017-01-16,NA,NA,NA
2017-01-17,NA,NA,NA
2017-01-18,NA,NA,NA
2017-01-19,NA,NA,NA
2017-01-20,NA,NA,NA
2017-01-21,NA,NA,NA
2017-01-22,NA,NA,NA
2017-01-23,NA,NA,NA
2017-01-24,NA,NA,NA
2017-01-25,NA,NA,NA
2017-01-26,NA,NA,NA
2017-01-27,NA,NA,NA
2017-01-28,NA,NA,NA
2017-01-29,NA,NA,NA
2017-01-30,NA,NA,NA
2017-01-31,NA,NA,NA
2017-02-01,NA,NA,NA
2017-02-02,NA,NA,NA
2017-02-03,NA,NA,NA
2017-02-04,NA,NA,NA
2017-02-05,NA,NA,NA
2017-02-06,NA,NA,NA
2017-02-07,NA,NA,NA
2017-02-08,NA,NA,NA
2017-02-09,NA,NA,NA
2017-02-10,NA,NA,NA
2017-02-11,NA,NA,NA
2017-02-12,NA,NA,NA
2017-02-13,NA,NA,NA
2017-02-14,NA,NA,NA
2017-02-15,NA,NA,NA
2017-02-16,NA,NA,NA
2017-02-17,NA,NA,NA
2017-02-18,NA,NA,NA
2017-02-19,NA,NA,NA
2017-02-20,NA,NA,NA
2017-02-21,NA,NA,NA
2017-02-22,NA,NA,NA
2017-02-23,NA,NA,NA
2017-02-24,NA,NA,NA
2017-02-25,NA,NA,NA
2017-02-26,NA,NA,NA
2017-02-27,NA,NA,NA
2017-02-28,NA,NA,NA
2017-03-01,NA,NA,NA
2017-03-02,NA,NA,NA
2017-03-03,NA,NA,NA
2017-03-04,NA,NA,NA
2017-03-05,NA,NA,NA
2017-03-06,NA,NA,NA
2017-03-07,NA,NA,NA
2017-03-08,NA,NA,NA
2017-03-09,NA,NA,NA
2017-03-10,NA,NA,NA
2017-03-11,NA,NA,NA
2017-03-12,NA,NA,NA
2017-03-13,NA,NA,NA
2017-03-14,NA,NA,NA
2017-03-15,NA,NA,NA
2017-03-16,NA,NA,NA
2017-03-17,NA,NA,NA
2017-03-18,NA,NA,NA
2017-03-19,NA,NA,NA
2017-03-20,NA,NA,NA
2017-03-21,NA,NA,NA
2017-03-22,NA,NA,NA
2017-03-23,NA,NA,NA
2017-03-24,NA,NA,NA
2017-03-25,NA,NA,NA
2017-03-26,NA,NA,NA
2017-03-27,NA,NA,NA
2017-03-28,NA,NA,NA
2017-03-29,NA,NA,NA
2017-03-30,NA,NA,NA
2017-03-31,NA,NA,NA
2017-04-01,NA,NA,NA
2017-04-02,NA,NA,NA
2017-04-03,NA,NA,NA
2017-04-04,NA,NA,NA
2017-04-05,NA,NA,NA
2017-04-06,NA,NA,NA
2017-04-07,NA,NA,NA
2017-04-08,NA,NA,NA
2017-04-09,NA,NA,NA
2017-04-10,NA,NA,NA
2017-04-11,NA,NA,NA
2017-04-12,NA,NA,NA
2017-04-13,NA,NA,NA
2017-04-14,NA,NA,NA
2017-04-15,NA,NA,NA
2017-04-16,NA,NA,NA
2017-04-17,NA,NA,NA
2017-04-18,NA,NA,NA
2017-04-19,NA,NA,NA
2017-04-20,NA,NA,NA
2017-04-21,NA,NA,NA
2017-04-22,NA,NA,NA
2017-04-23,NA,NA,NA
2017-04-24,NA,NA,NA
2017-04-25,NA,NA,NA
2017-04-26,NA,NA,NA
2017-04-27,NA,NA,NA
2017-04-28,NA,NA,NA
2017-04-29,NA,NA,NA
2017-04-30,NA,NA,NA
2017-05-01,NA,NA,NA
2017-05-02,NA,NA,NA
2017-05-03,NA,NA,NA
2017-05-04,NA,NA,NA
2017-05-05,NA,NA,NA
2017-05-06,NA,NA,NA
2017-05-07,NA,NA,NA
2017-05-08,NA,NA,NA
2017-05-09,NA,NA,NA
2017-05-10,NA,NA,NA
2017-05-11,NA,NA,NA
2017-05-12,NA,NA,NA
2017-05-13,NA,NA,NA
2017-05-14,NA,NA,NA
2017-05-15,NA,NA,NA
2017-05-16,NA,NA,NA
2017-05-17,NA,NA,NA
2017-05-18,NA,NA,NA
2017-05-19,NA,NA,NA
2017-05-20,NA,NA,NA
2017-05-21,NA,NA,NA
2017-05-22,NA,NA,NA
2017-05-23,NA,NA,NA
2017-05-24,NA,NA,NA
2017-05-25,NA,NA,NA
2017-05-26,NA,NA,NA
2017-05-27,NA,NA,NA
2017-05-28,NA,NA,NA
2017-05-29,NA,NA,NA
2017-05-30,NA,NA,NA
2017-05-31,NA,NA,NA
2017-06-01,NA,NA,NA
2017-06-02,NA,NA,NA
2017-06-03,NA,NA,NA
2017-06-04,NA,NA,NA
2017-06-05,NA,NA,NA
2017-06-06,NA,NA,NA
2017-06-07,NA,NA,NA
2017-06-08,NA,NA,NA
2017-06-09,NA,NA,NA
2017-06-10,NA,NA,NA
2017-06-11,NA,NA,NA
2017-06-12,NA,NA,NA
2017-06-13,NA,NA,NA
2017-06-14,NA,NA,NA
2017-06-15,NA,NA,NA
2017-06-16,NA,NA,NA
2017-06-17,NA,NA,NA
2017-06-18,NA,NA,NA
2017-06-19,NA,NA,NA
2017-06-20,NA,NA,NA
2017-06-21,NA,NA,NA
2017-06-22,NA,NA,NA
2017-06-23,NA,NA,NA
2017-06-24,NA,NA,NA
2017-06-25,NA,NA,NA
2017-06-26,NA,NA,NA
2017-06-27,NA,NA,NA
2017-06-28,NA,NA,NA
2017-06-29,NA,NA,NA
2017-06-30,NA,NA,NA
2017-07-01,NA,NA,NA
2017-07-02,NA,NA,NA
2017-07-03,NA,NA,NA
2017-07-04,NA,NA,NA
2017-07-05,NA,NA,NA
2017-07-06,NA,NA,NA
2017-07-07,NA,NA,NA
2017-07-08,NA,NA,NA
2017-07-09,NA,NA,NA
2017-07-10,NA,NA,NA
2017-07-11,NA,NA,NA
2017-07-12,NA,NA,NA
2017-07-13,NA,NA,NA
2017-07-14,NA,NA,NA
2017-07-15,NA,NA,NA
2017-07-16,NA,NA,NA
2017-07-17,NA,NA,NA
2017-07-18,NA,NA,NA
2017-07-19,NA,NA,NA
2017-07-20,NA,NA,NA
2017-07-21,NA,NA,NA
2017-07-22,NA,NA,NA
2017-07-23,NA,NA,NA
2017-07-24,NA,NA,NA
2017-07-25,NA,NA,NA
2017-07-26,NA,NA,NA
2017-07-27,NA,NA,NA
2017-07-28,NA,NA,NA
2017-07-29,NA,NA,NA
2017-07-30,NA,NA,NA
2017-07-31,NA,NA,NA
2017-08-01,NA,NA,NA
2017-08-02,NA,NA,NA
2017-08-03,NA,NA,NA
2017-08-04,NA,NA,NA
2017-08-05,NA,NA,NA
2017-08-06,NA,NA,NA
2017-08-07,NA,NA,NA
2017-08-08,NA,NA,NA
2017-08-09,NA,NA,NA
2017-08-10,NA,NA,NA
2017-08-11,NA,NA,NA
2017-08-12,NA,NA,NA
2017-08-13,NA,NA,NA
2017-08-14,NA,NA,NA
2017-08-15,NA,NA,NA
2017-08-16,NA,NA,NA
2017-08-17,NA,NA,NA
2017-08-18,NA,NA,NA
2017-08-19,NA,NA,NA
2017-08-20,NA,NA,NA
2017-08-21,NA,NA,NA
2017-08-22,NA,NA,NA
2017-08-23,NA,NA,NA
2017-08-24,NA,NA,NA
2017-08-25,NA,NA,NA
2017-08-26,NA,NA,NA
2017-08-27,NA,NA,NA
2017-08-28,NA,NA,NA
2017-08-29,NA,NA,NA
2017-08-30,NA,NA,NA
2017-08-31,NA,NA,NA
2017-09-01,NA,NA,NA
2017-09-02,NA,NA,NA
2017-09-03,NA,NA,NA
2017-09-04,NA,NA,NA
2017-09-05,NA,NA,NA
2017-09-06,NA,NA,NA
2017-09-07,NA,NA,NA
2017-09-08,NA,NA,NA
2017-09-09,NA,NA,NA
2017-09-10,NA,NA,NA
2017-09-11,NA,NA,NA
2017-09-12,NA,NA,NA
2017-09-13,NA,NA,NA
2017-09-14,NA,NA,NA
2017-09-15,NA,NA,NA
2017-09-16,NA,NA,NA
2017-09-17,NA,NA,NA
2017-09-18,NA,NA,NA
2017-09-19,NA,NA,NA
2017-09-20,NA,NA,NA
2017-09-21,NA,NA,NA
2017-09-22,NA,NA,NA
2017-09-23,NA,NA,NA
2017-09-24,NA,NA,NA
2017-09-25,NA,NA,NA
2017-09-26,NA,NA,NA
2017-09-27,NA,NA,NA
2017-09-28,NA,NA,NA
2017-09-29,NA,NA,NA
2017-09-30,NA,NA,NA
2017-10-01,NA,NA,NA
2017-10-02,NA,NA,NA
2017-10-03,NA,NA,NA
2017-10-04,NA,NA,NA
2017-10-05,NA,NA,NA
2017-10-06,NA,NA,NA
2017-10-07,NA,NA,NA
2017-10-08,NA,NA,NA
2017-10-09,NA,NA,NA
2017-10-10,NA,NA,NA
2017-10-11,NA,NA,NA
2017-10-12,NA,NA,NA
2017-10-13,NA,NA,NA
2017-10-14,NA,NA,NA
2017-10-15,NA,NA,NA
2017-10-16,NA,NA,NA
2017-10-17,NA,NA,NA
2017-10-18,NA,NA,NA
2017-10-19,NA,NA,NA
2017-10-20,NA,NA,NA
2017-10-21,NA,NA,NA
2017-10-22,NA,NA,NA
2017-10-23,NA,NA,NA
2017-10-24,NA,NA,NA
2017-10-25,NA,NA,NA
2017-10-26,NA,NA,NA
2017-10-27,NA,NA,NA
2017-10-28,NA,NA,NA
2017-10-29,NA,NA,NA
2017-10-30,NA,NA,NA
2017-10-31,NA,NA,NA
2017-11-01,NA,NA,NA
2017-11-02,NA,NA,NA
2017-11-03,NA,NA,NA
2017-11-04,NA,NA,NA
2017-11-05,NA,NA,NA
2017-11-06,NA,NA,NA
2017-11-07,NA,NA,NA
2017-11-08,NA,NA,NA
2017-11-09,NA,NA,NA
2017-11-10,NA,NA,NA
2017-11-11,NA,NA,NA
2017-11-12,NA,NA,NA
2017-11-13,NA,NA,NA
2017-11-14,NA,NA,NA
2017-11-15,NA,NA,NA
2017-11-16,NA,NA,NA
2017-11-17,NA,NA,NA
2017-11-18,NA,NA,NA
2017-11-19,NA,NA,NA
2017-11-20,NA,NA,NA
2017-11-21,NA,NA,NA
2017-11-22,NA,NA,NA
2017-11-23,NA,NA,NA
2017-11-24,NA,NA,NA
2017-11-25,NA,NA,NA
2017-11-26,NA,NA,NA
2017-11-27,NA,NA,NA
2017-11-28,NA,NA,NA
2017-11-29,NA,NA,NA
2017-11-30,NA,NA,NA
2017-12-01,NA,NA,NA
2017-12-02,NA,NA,NA
2017-12-03,NA,NA,NA
2017-12-04,NA,NA,NA
2017-12-05,NA,NA,NA
2017-12-06,NA,NA,NA
2017-12-07,NA,NA,NA
2017-12-08,NA,NA,NA
2017-12-09,NA,NA,NA
2017-12-10,NA,NA,NA
2017-12-11,NA,NA,NA
2017-12-12,NA,NA,NA
2017-12-13,NA,NA,NA
2017-12-14,NA,NA,NA
2017-12-15,NA,NA,NA
2017-12-16,NA,NA,NA
2017-12-17,NA,NA,NA
2017-12-18,NA,NA,NA
2017-12-19,NA,NA,NA
2017-12-20,NA,NA,NA
2017-12-21,NA,NA,NA
2017-12-22,NA,NA,NA
2017-12-23,NA,NA,NA
2017-12-24,NA,NA,NA
2017-12-25,NA,NA,NA
2017-12-26,NA,NA,NA
2017-12-27,NA,NA,NA
2017-12-28,NA,NA,NA
2017-12-29,NA,NA,NA
2017-12-30,NA,NA,NA
2017-12-31,NA,NA,NA
2018-01-01,NA,NA,NA
2018-01-02,NA,NA,NA
2018-01-03,NA,NA,NA
2018-01-04,NA,NA,NA
2018-01-05,NA,NA,NA
2018-01-06,NA,NA,NA
2018-01-07,NA,NA,NA
2018-01-08,NA,NA,NA
2018-01-09,NA,NA,NA
2018-01-10,NA,NA,NA
2018-01-11,NA,NA,NA
2018-01-12,NA,NA,NA
2018-01-13,NA,NA,NA
2018-01-14,NA,NA,NA
2018-01-15,NA,NA,NA
2018-01-16,NA,NA,NA
2018-01-17,NA,NA,NA
2018-01-18,NA,NA,NA
2018-01-19,NA,NA,NA
2018-01-20,NA,NA,NA
2018-01-21,NA,NA,NA
2018-01-22,NA,NA,NA
2018-01-23,NA,NA,NA
2018-01-24,NA,NA,NA
2018-01-25,NA,NA,NA
2018-01-26,NA,NA,NA
2018-01-27,NA,NA,NA
2018-01-28,NA,NA,NA
2018-01-29,NA,NA,NA
2018-01-30,NA,NA,NA
2018-01-31,NA,NA,NA
2018-02-01,NA,NA,NA
2018-02-02,NA,NA,NA
2018-02-03,NA,NA,NA
2018-02-04,NA,NA,NA
2018-02-05,NA,NA,NA
2018-02-06,NA,NA,NA
2018-02-07,NA,NA,NA
2018-02-08,NA,NA,NA
2018-02-09,NA,NA,NA
2018-02-10,NA,NA,NA
2018-02-11,NA,NA,NA
2018-02-12,NA,NA,NA
2018-02-13,NA,NA,NA
2018-02-14,NA,NA,NA
2018-02-15,NA,NA,NA
2018-02-16,NA,NA,NA
2018-02-17,NA,NA,NA
2018-02-18,NA,NA,NA
2018-02-19,NA,NA,NA
2018-02-20,NA,NA,NA
2018-02-21,NA,NA,NA
2018-02-22,NA,NA,NA
2018-02-23,NA,NA,NA
2018-02-24,NA,NA,NA
2018-02-25,NA,NA,NA
2018-02-26,NA,NA,NA
2018-02-27,NA,NA,NA
2018-02-28,NA,NA,NA
2018-03-01,NA,NA,NA
2018-03-02,NA,NA,NA
2018-03-03,NA,NA,NA
2018-03-04,NA,NA,NA
2018-03-05,NA,NA,NA
2018-03-06,NA,NA,NA
2018-03-07,NA,NA,NA
2018-03-08,NA,NA,NA
2018-03-09,NA,NA,NA
2018-03-10,NA,NA,NA
2018-03-11,NA,NA,NA
2018-03-12,NA,NA,NA
2018-03-13,NA,NA,NA
2018-03-14,NA,NA,NA
2018-03-15,NA,NA,NA
2018-03-16,NA,NA,NA
2018-03-17,NA,NA,NA
2018-03-18,NA,NA,NA
2018-03-19,NA,NA,NA
2018-03-20,NA,NA,NA
2018-03-21,NA,NA,NA
2018-03-22,NA,NA,NA
2018-03-23,NA,NA,NA
2018-03-24,NA,NA,NA
2018-03-25,NA,NA,NA
2018-03-26,NA,NA,NA
2018-03-27,NA,NA,NA
2018-03-28,NA,NA,NA
2018-03-29,NA,NA,NA
2018-03-30,NA,NA,NA
2018-03-31,NA,NA,NA
2018-04-01,NA,NA,NA
2018-04-02,NA,NA,NA
2018-04-03,NA,NA,NA
2018-04-04,NA,NA,NA
2018-04-05,NA,NA,NA
2018-04-06,NA,NA,NA
2018-04-07,NA,NA,NA
2018-04-08,NA,NA,NA
2018-04-09,NA,NA,NA
2018-04-10,NA,NA,NA
2018-04-11,NA,NA,NA
2018-04-12,NA,NA,NA
2018-04-13,NA,NA,NA
2018-04-14,NA,NA,NA
2018-04-15,NA,NA,NA
2018-04-16,NA,NA,NA
2018-04-17,NA,NA,NA
2018-04-18,NA,NA,NA
2018-04-19,NA,NA,NA
2018-04-20,NA,NA,NA
2018-04-21,NA,NA,NA
2018-04-22,NA,NA,NA
2018-04-23,NA,NA,NA
2018-04-24,NA,NA,NA
2018-04-25,NA,NA,NA
2018-04-26,NA,NA,NA
2018-04-27,NA,NA,NA
2018-04-28,NA,NA,NA
2018-04-29,NA,NA,NA
2018-04-30,NA,NA,NA
2018-05-01,NA,NA,NA
2018-05-02,NA,NA,NA
2018-05-03,NA,NA,NA
2018-05-04,NA,NA,NA
2018-05-05,NA,NA,NA
2018-05-06,NA,NA,NA
2018-05-07,NA,NA,NA
2018-05-08,NA,NA,NA
2018-05-09,NA,NA,NA
2018-05-10,NA,NA,NA
2018-05-11,NA,NA,NA
2018-05-12,NA,NA,NA
2018-05-13,NA,NA,NA
2018-05-14,NA,NA,NA
2018-05-15,NA,NA,NA
2018-05-16,NA,NA,NA
2018-05-17,NA,NA,NA
2018-05-18,NA,NA,NA
2018-05-19,NA,NA,NA
2018-05-20,NA,NA,NA
2018-05-21,NA,NA,NA
2018-05-22,NA,NA,NA
2018-05-23,NA,NA,NA
2018-05-24,NA,NA,NA
2018-05-25,NA,NA,NA
2018-05-26,NA,NA,NA
2018-05-27,NA,NA,NA
2018-05-28,NA,NA,NA
2018-05-29,NA,NA,NA
2018-05-30,NA,NA,NA
2018-05-31,NA,NA,NA
2018-06-01,NA,NA,NA
2018-06-02,NA,NA,NA
2018-06-03,NA,NA,NA
2018-06-04,NA,NA,NA
2018-06-05,NA,NA,NA
2018-06-06,NA,NA,NA
2018-06-07,NA,NA,NA
2018-06-08,NA,NA,NA
2018-06-09,NA,NA,NA
2018-06-10,NA,NA,NA
2018-06-11,NA,NA,NA
2018-06-12,NA,NA,NA
2018-06-13,NA,NA,NA
2018-06-14,NA,NA,NA
2018-06-15,NA,NA,NA
2018-06-16,NA,NA,NA
2018-06-17,NA,NA,NA
2018-06-18,NA,NA,NA
2018-06-19,NA,NA,NA
2018-06-20,NA,NA,NA
2018-06-21,NA,NA,NA
2018-06-22,NA,NA,NA
2018-06-23,NA,NA,NA
2018-06-24,NA,NA,NA
2018-06-25,NA,NA,NA
2018-06-26,NA,NA,NA
2018-06-27,NA,NA,NA
2018-06-28,NA,NA,NA
2018-06-29,NA,NA,NA
2018-06-30,NA,NA,NA
2018-07-01,NA,NA,NA
2018-07-02,NA,NA,NA
2018-07-03,NA,NA,NA
2018-07-04,NA,NA,NA
2018-07-05,NA,NA,NA
2018-07-06,NA,NA,NA
2018-07-07,NA,NA,NA
2018-07-08,NA,NA,NA
2018-07-09,NA,NA,NA
2018-07-10,NA,NA,NA
2018-07-11,NA,NA,NA
2018-07-12,NA,NA,NA
2018-07-13,NA,NA,NA
2018-07-14,NA,NA,NA
2018-07-15,NA,NA,NA
2018-07-16,NA,NA,NA
2018-07-17,NA,NA,NA
2018-07-18,NA,NA,NA
2018-07-19,NA,NA,NA
2018-07-20,NA,NA,NA
2018-07-21,NA,NA,NA
2018-07-22,NA,NA,NA
2018-07-23,NA,NA,NA
2018-07-24,NA,NA,NA
2018-07-25,NA,NA,NA
2018-07-26,NA,NA,NA
2018-07-27,NA,NA,NA
2018-07-28,NA,NA,NA
2018-07-29,NA,NA,NA
2018-07-30,NA,NA,NA
2018-07-31,NA,NA,NA
2018-08-01,NA,NA,NA
2018-08-02,NA,NA,NA
2018-08-03,NA,NA,NA
2018-08-04,NA,NA,NA
2018-08-05,NA,NA,NA
2018-08-06,NA,NA,NA
2018-08-07,NA,NA,NA
2018-08-08,NA,NA,NA
2018-08-09,NA,NA,NA
2018-08-10,NA,NA,NA
2018-08-11,NA,NA,NA
2018-08-12,NA,NA,NA
2018-08-13,NA,NA,NA
2018-08-14,NA,NA,NA
2018-08-15,NA,NA,NA
2018-08-16,NA,NA,NA
2018-08-17,NA,NA,NA
2018-08-18,NA,NA,NA
2018-08-19,NA,NA,NA
2018-08-20,NA,NA,NA
2018-08-21,NA,NA,NA
2018-08-22,NA,NA,NA
2018-08-23,NA,NA,NA
2018-08-24,NA,NA,NA
2018-08-25,NA,NA,NA
2018-08-26,NA,NA,NA
2018-08-27,NA,NA,NA
2018-08-28,NA,NA,NA
2018-08-29,NA,NA,NA
2018-08-30,NA,NA,NA
2018-08-31,NA,NA,NA
2018-09-01,NA,NA,NA
2018-09-02,NA,NA,NA
2018-09-03,NA,NA,NA
2018-09-04,NA,NA,NA
2018-09-05,NA,NA,NA
2018-09-06,NA,NA,NA
2018-09-07,NA,NA,NA
2018-09-08,NA,NA,NA
2018-09-09,NA,NA,NA
2018-09-10,NA,NA,NA
2018-09-11,NA,NA,NA
2018-09-12,NA,NA,NA
2018-09-13,NA,NA,NA
2018-09-14,NA,NA,NA
2018-09-15,NA,NA,NA
2018-09-16,NA,NA,NA
2018-09-17,NA,NA,NA
2018-09-18,NA,NA,NA
2018-09-19,NA,NA,NA
2018-09-20,NA,NA,NA
2018-09-21,NA,NA,NA
2018-09-22,NA,NA,NA
2018-09-23,NA,NA,NA
2018-09-24,NA,NA,NA
2018-09-25,NA,NA,NA
2018-09-26,NA,NA,NA
2018-09-27,NA,NA,NA
2018-09-28,NA,NA,NA
2018-09-29,NA,NA,NA
2018-09-30,NA,NA,NA
2018-10-01,NA,NA,NA
2018-10-02,NA,NA,NA
2018-10-03,NA,NA,NA
2018-10-04,NA,NA,NA
2018-10-05,NA,NA,NA
2018-10-06,NA,NA,NA
2018-10-07,NA,NA,NA
2018-10-08,NA,NA,NA
2018-10-09,NA,NA,NA
2018-10-10,NA,NA,NA
2018-10-11,NA,NA,NA
2018-10-12,NA,NA,NA
2018-10-13,NA,NA,NA
2018-10-14,NA,NA,NA
2018-10-15,NA,NA,NA
2018-10-16,NA,NA,NA
2018-10-17,NA,NA,NA
2018-10-18,NA,NA,NA
2018-10-19,NA,NA,NA
2018-10-20,NA,NA,NA
2018-10-21,NA,NA,NA
2018-10-22,NA,NA,NA
2018-10-23,NA,NA,NA
2018-10-24,NA,NA,NA
2018-10-25,NA,NA,NA
2018-10-26,NA,NA,NA
2018-10-27,NA,NA,NA
2018-10-28,NA,NA,NA
2018-10-29,NA,NA,NA
2018-10-30,NA,NA,NA
2018-10-31,NA,NA,NA
2018-11-01,NA,NA,NA
2018-11-02,NA,NA,NA
2018-11-03,NA,NA,NA
2018-11-04,NA,NA,NA
2018-11-05,NA,NA,NA
2018-11-06,NA,NA,NA
2018-11-07,NA,NA,NA
2018-11-08,NA,NA,NA
2018-11-09,NA,NA,NA
2018-11-10,NA,NA,NA
2018-11-11,NA,NA,NA
2018-11-12,NA,NA,NA
2018-11-13,NA,NA,NA
2018-11-14,NA,NA,NA
2018-11-15,NA,NA,NA
2018-11-16,NA,NA,NA
2018-11-17,NA,NA,NA
2018-11-18,NA,NA,NA
2018-11-19,NA,NA,NA
2018-11-20,NA,NA,NA
2018-11-21,NA,NA,NA
2018-11-22,NA,NA,NA
2018-11-23,NA,NA,NA
2018-11-24,NA,NA,NA
2018-11-25,NA,NA,NA
2018-11-26,NA,NA,NA
2018-11-27,NA,NA,NA
2018-11-28,NA,NA,NA
2018-11-29,NA,NA,NA
2018-11-30,NA,NA,NA
2018-12-01,NA,NA,NA
2018-12-02,NA,NA,NA
2018-12-03,NA,NA,NA
2018-12-04,NA,NA,NA
2018-12-05,NA,NA,NA
2018-12-06,NA,NA,NA
2018-12-07,NA,NA,NA
2018-12-08,NA,NA,NA
2018-12-09,NA,NA,NA
2018-12-10,NA,NA,NA
2018-12-11,NA,NA,NA
2018-12-12,NA,NA,NA
2018-12-13,NA,NA,NA
2018-12-14,NA,NA,NA
2018-12-15,NA,NA,NA
2018-12-16,NA,NA,NA
2018-12-17,NA,NA,NA
2018-12-18,NA,NA,NA
2018-12-19,NA,NA,NA
2018-12-20,NA,NA,NA
2018-12-21,NA,NA,NA
2018-12-22,NA,NA,NA
2018-12-23,NA,NA,NA
2018-12-24,NA,NA,NA
2018-12-25,NA,NA,NA
2018-12-26,NA,NA,NA
2018-12-27,NA,NA,NA
2018-12-28,NA,NA,NA
2018-12-29,NA,NA,NA
2018-12-30,NA,NA,NA
2018-12-31,NA,NA,NA
2019-01-01,NA,NA,NA
2019-01-02,NA,NA,NA
2019-01-03,NA,NA,NA
2019-01-04,NA,NA,NA
2019-01-05,NA,NA,NA
2019-01-06,NA,NA,NA
2019-01-07,NA,NA,NA
2019-01-08,NA,NA,NA
2019-01-09,NA,NA,NA
2019-01-10,NA,NA,NA
2019-01-11,NA,NA,NA
2019-01-12,NA,NA,NA
2019-01-13,NA,NA,NA
2019-01-14,NA,NA,NA
2019-01-15,NA,NA,NA
2019-01-16,NA,NA,NA
2019-01-17,NA,NA,NA
2019-01-18,NA,NA,NA
2019-01-19,NA,NA,NA
2019-01-20,NA,NA,NA
2019-01-21,NA,NA,NA
2019-01-22,NA,NA,NA
2019-01-23,NA,NA,NA
2019-01-24,NA,NA,NA
2019-01-25,NA,NA,NA
2019-01-26,NA,NA,NA
2019-01-27,NA,NA,NA
2019-01-28,NA,NA,NA
2019-01-29,NA,NA,NA
2019-01-30,NA,NA,NA
2019-01-31,NA,NA,NA
2019-02-01,NA,NA,NA
2019-02-02,NA,NA,NA
2019-02-03,NA,NA,NA
2019-02-04,NA,NA,NA
2019-02-05,NA,NA,NA
2019-02-06,NA,NA,NA
2019-02-07,NA,NA,NA
2019-02-08,NA,NA,NA
2019-02-09,NA,NA,NA
2019-02-10,NA,NA,NA
2019-02-11,NA,NA,NA
2019-02-12,NA,NA,NA
2019-02-13,NA,NA,NA
2019-02-14,NA,NA,NA
2019-02-15,NA,NA,NA
2019-02-16,NA,NA,NA
2019-02-17,NA,NA,NA
2019-02-18,NA,NA,NA
2019-02-19,NA,NA,NA
2019-02-20,NA,NA,NA
2019-02-21,NA,NA,NA
2019-02-22,NA,NA,NA
2019-02-23,NA,NA,NA
2019-02-24,NA,NA,NA
2019-02-25,NA,NA,NA
2019-02-26,NA,NA,NA
2019-02-27,NA,NA,NA
2019-02-28,NA,NA,NA
2019-03-01,NA,NA,NA
2019-03-02,NA,NA,NA
2019-03-03,NA,NA,NA
2019-03-04,NA,NA,NA
2019-03-05,NA,NA,NA
2019-03-06,NA,NA,NA
2019-03-07,NA,NA,NA
2019-03-08,NA,NA,NA
2019-03-09,NA,NA,NA
2019-03-10,NA,NA,NA
2019-03-11,NA,NA,NA
2019-03-12,NA,NA,NA
2019-03-13,NA,NA,NA
2019-03-14,NA,NA,NA
2019-03-15,NA,NA,NA
2019-03-16,NA,NA,NA
2019-03-17,NA,NA,NA
2019-03-18,NA,NA,NA
2019-03-19,NA,NA,NA
2019-03-20,NA,NA,NA
2019-03-21,NA,NA,NA
2019-03-22,NA,NA,NA
2019-03-23,NA,NA,NA
2019-03-24,NA,NA,NA
2019-03-25,NA,NA,NA
2019-03-26,NA,NA,NA
2019-03-27,NA,NA,NA
2019-03-28,NA,NA,NA
2019-03-29,NA,NA,NA
2019-03-30,NA,NA,NA
2019-03-31,NA,NA,NA
2019-04-01,NA,NA,NA
2019-04-02,NA,NA,NA
2019-04-03,NA,NA,NA
2019-04-04,NA,NA,NA
2019-04-05,NA,NA,NA
2019-04-06,NA,NA,NA
2019-04-07,NA,NA,NA
2019-04-08,NA,NA,NA
2019-04-09,NA,NA,NA
2019-04-10,NA,NA,NA
2019-04-11,NA,NA,NA
2019-04-12,NA,NA,NA
2019-04-13,NA,NA,NA
2019-04-14,NA,NA,NA
2019-04-15,NA,NA,NA
2019-04-16,NA,NA,NA
2019-04-17,NA,NA,NA
2019-04-18,NA,NA,NA
2019-04-19,NA,NA,NA
2019-04-20,NA,NA,NA
2019-04-21,NA,NA,NA
2019-04-22,NA,NA,NA
2019-04-23,NA,NA,NA
2019-04-24,NA,NA,NA
2019-04-25,NA,NA,NA
2019-04-26,NA,NA,NA
2019-04-27,NA,NA,NA
2019-04-28,NA,NA,NA
2019-04-29,NA,NA,NA
2019-04-30,NA,NA,NA
2019-05-01,NA,NA,NA
2019-05-02,NA,NA,NA
2019-05-03,NA,NA,NA
2019-05-04,NA,NA,NA
2019-05-05,NA,NA,NA
2019-05-06,NA,NA,NA
2019-05-07,NA,NA,NA
2019-05-08,NA,NA,NA
2019-05-09,NA,NA,NA
2019-05-10,NA,NA,NA
2019-05-11,NA,NA,NA
2019-05-12,NA,NA,NA
2019-05-13,NA,NA,NA
2019-05-14,NA,NA,NA
2019-05-15,NA,NA,NA
2019-05-16,NA,NA,NA
2019-05-17,NA,NA,NA
2019-05-18,NA,NA,NA
2019-05-19,NA,NA,NA
2019-05-20,NA,NA,NA
2019-05-21,NA,NA,NA
2019-05-22,NA,NA,NA
2019-05-23,NA,NA,NA
2019-05-24,NA,NA,NA
2019-05-25,NA,NA,NA
2019-05-26,NA,NA,NA
2019-05-27,NA,NA,NA
2019-05-28,NA,NA,NA
2019-05-29,NA,NA,NA
2019-05-30,NA,NA,NA
2019-05-31,NA,NA,NA
2019-06-01,NA,NA,NA
2019-06-02,NA,NA,NA
2019-06-03,NA,NA,NA
2019-06-04,NA,NA,NA
2019-06-05,NA,NA,NA
2019-06-06,NA,NA,NA
2019-06-07,NA,NA,NA
2019-06-08,NA,NA,NA
2019-06-09,NA,NA,NA
2019-06-10,NA,NA,NA
2019-06-11,NA,NA,NA
2019-06-12,NA,NA,NA
2019-06-13,NA,NA,NA
2019-06-14,NA,NA,NA
2019-06-15,NA,NA,NA
2019-06-16,NA,NA,NA
2019-06-17,NA,NA,NA
2019-06-18,NA,NA,NA
2019-06-19,NA,NA,NA
2019-06-20,NA,NA,NA
2019-06-21,NA,NA,NA
2019-06-22,NA,NA,NA
2019-06-23,NA,NA,NA
2019-06-24,NA,NA,NA
2019-06-25,NA,NA,NA
2019-06-26,NA,NA,NA
2019-06-27,NA,NA,NA
2019-06-28,NA,NA,NA
2019-06-29,NA,NA,NA
2019-06-30,NA,NA,NA
2019-07-01,NA,NA,NA
2019-07-02,NA,NA,NA
2019-07-03,NA,NA,NA
2019-07-04,NA,NA,NA
2019-07-05,NA,NA,NA
2019-07-06,NA,NA,NA
2019-07-07,NA,NA,NA
2019-07-08,NA,NA,NA
2019-07-09,NA,NA,NA
2019-07-10,NA,NA,NA
2019-07-11,NA,NA,NA
2019-07-12,NA,NA,NA
2019-07-13,NA,NA,NA
2019-07-14,NA,NA,NA
2019-07-15,NA,NA,NA
2019-07-16,NA,NA,NA
2019-07-17,NA,NA,NA
2019-07-18,NA,NA,NA
2019-07-19,NA,NA,NA
2019-07-20,NA,NA,NA
2019-07-21,NA,NA,NA
2019-07-22,NA,NA,NA
2019-07-23,NA,NA,NA
2019-07-24,NA,NA,NA
2019-07-25,NA,NA,NA
2019-07-26,NA,NA,NA
2019-07-27,NA,NA,NA
2019-07-28,NA,NA,NA
2019-07-29,NA,NA,NA
2019-07-30,NA,NA,NA
2019-07-31,NA,NA,NA
2019-08-01,NA,NA,NA
2019-08-02,NA,NA,NA
2019-08-03,NA,NA,NA
2019-08-04,NA,NA,NA
2019-08-05,NA,NA,NA
2019-08-06,NA,NA,NA
2019-08-07,NA,NA,NA
2019-08-08,NA,NA,NA
2019-08-09,NA,NA,NA
2019-08-10,NA,NA,NA
2019-08-11,NA,NA,NA
2019-08-12,NA,NA,NA
2019-08-13,NA,NA,NA
2019-08-14,NA,NA,NA
2019-08-15,NA,NA,NA
2019-08-16,NA,NA,NA
2019-08-17,NA,NA,NA
2019-08-18,NA,NA,NA
2019-08-19,NA,NA,NA
2019-08-20,NA,NA,NA
2019-08-21,NA,NA,NA
2019-08-22,NA,NA,NA
2019-08-23,NA,NA,NA
2019-08-24,NA,NA,NA
2019-08-25,NA,NA,NA
2019-08-26,NA,NA,NA
2019-08-27,NA,NA,NA
2019-08-28,NA,NA,NA
2019-08-29,NA,NA,NA
2019-08-30,NA,NA,NA
2019-08-31,NA,NA,NA
2019-09-01,NA,NA,NA
2019-09-02,NA,NA,NA
2019-09-03,NA,NA,NA
2019-09-04,NA,NA,NA
2019-09-05,NA,NA,NA
2019-09-06,NA,NA,NA
2019-09-07,NA,NA,NA
2019-09-08,NA,NA,NA
2019-09-09,NA,NA,NA
2019-09-10,NA,NA,NA
2019-09-11,NA,NA,NA
2019-09-12,NA,NA,NA
2019-09-13,NA,NA,NA
2019-09-14,NA,NA,NA
2019-09-15,NA,NA,NA
2019-09-16,NA,NA,NA
2019-09-17,NA,NA,NA
2019-09-18,NA,NA,NA
2019-09-19,NA,NA,NA
2019-09-20,NA,NA,NA
2019-09-21,NA,NA,NA
2019-09-22,NA,NA,NA
2019-09-23,NA,NA,NA
2019-09-24,NA,NA,NA
2019-09-25,NA,NA,NA
2019-09-26,NA,NA,NA
2019-09-27,NA,NA,NA
2019-09-28,NA,NA,NA
2019-09-29,NA,NA,NA
2019-09-30,NA,NA,NA
2019-10-01,NA,NA,NA
2019-10-02,NA,NA,NA
2019-10-03,NA,NA,NA
2019-10-04,NA,NA,NA
2019-10-05,NA,NA,NA
2019-10-06,NA,NA,NA
2019-10-07,NA,NA,NA
2019-10-08,NA,NA,NA
2019-10-09,NA,NA,NA
2019-10-10,NA,NA,NA
2019-10-11,NA,NA,NA
2019-10-12,NA,NA,NA
2019-10-13,NA,NA,NA
2019-10-14,NA,NA,NA
2019-10-15,NA,NA,NA
2019-10-16,NA,NA,NA
2019-10-17,NA,NA,NA
2019-10-18,NA,NA,NA
2019-10-19,NA,NA,NA
2019-10-20,NA,NA,NA
2019-10-21,NA,NA,NA
2019-10-22,NA,NA,NA
2019-10-23,NA,NA,NA
2019-10-24,NA,NA,NA
2019-10-25,NA,NA,NA
2019-10-26,NA,NA,NA
2019-10-27,NA,NA,NA
2019-10-28,NA,NA,NA
2019-10-29,NA,NA,NA
2019-10-30,NA,NA,NA
2019-10-31,NA,NA,NA
2019-11-01,NA,NA,NA
2019-11-02,NA,NA,NA
2019-11-03,NA,NA,NA
2019-11-04,NA,NA,NA
2019-11-05,NA,NA,NA
2019-11-06,NA,NA,NA
2019-11-07,NA,NA,NA
2019-11-08,NA,NA,NA
2019-11-09,NA,NA,NA
2019-11-10,NA,NA,NA
2019-11-11,NA,NA,NA
2019-11-12,NA,NA,NA
2019-11-13,NA,NA,NA
2019-11-14,NA,NA,NA
2019-11-15,NA,NA,NA
2019-11-16,NA,NA,NA
2019-11-17,NA,NA,NA
2019-11-18,NA,NA,NA
2019-11-19,NA,NA,NA
2019-11-20,NA,NA,NA
2019-11-21,NA,NA,NA
2019-11-22,NA,NA,NA
2019-11-23,NA,NA,NA
2019-11-24,NA,NA,NA
2019-11-25,NA,NA,NA
2019-11-26,NA,NA,NA
2019-11-27,NA,NA,NA
2019-11-28,NA,NA,NA
2019-11-29,NA,NA,NA
2019-11-30,NA,NA,NA
2019-12-01,NA,NA,NA
2019-12-02,NA,NA,NA
2019-12-03,NA,NA,NA
2019-12-04,NA,NA,NA
2019-12-05,NA,NA,NA
2019-12-06,NA,NA,NA
2019-12-07,NA,NA,NA
2019-12-08,NA,NA,NA
2019-12-09,NA,NA,NA
2019-12-10,NA,NA,NA
2019-12-11,NA,NA,NA
2019-12-12,NA,NA,NA
2019-12-13,NA,NA,NA
2019-12-14,NA,NA,NA
2019-12-15,NA,NA,NA
2019-12-16,NA,NA,NA
2019-12-17,NA,NA,NA
2019-12-18,NA,NA,NA
2019-12-19,NA,NA,NA
2019-12-20,NA,NA,NA
2019-12-21,NA,NA,NA
2019-12-22,NA,NA,NA
2019-12-23,NA,NA,NA
2019-12-24,NA,NA,NA
2019-12-25,NA,NA,NA
2019-12-26,NA,NA,NA
2019-12-27,NA,NA,NA
2019-12-28,NA,NA,NA
2019-12-29,NA,NA,NA
2019-12-30,NA,NA,NA
2019-12-31,NA,NA,NA
2020-01-01,NA,NA,NA
2020-01-02,NA,NA,NA
2020-01-03,NA,NA,NA
2020-01-04,NA,NA,NA
2020-01-05,NA,NA,NA
2020-01-06,NA,NA,NA
2020-01-07,NA,NA,NA
2020-01-08,NA,NA,NA
2020-01-09,NA,NA,NA
2020-01-10,NA,NA,NA
2020-01-11,NA,NA,NA
2020-01-12,NA,NA,NA
2020-01-13,NA,NA,NA
2020-01-14,NA,NA,NA
2020-01-15,NA,NA,NA
2020-01-16,NA,NA,NA
2020-01-17,NA,NA,NA
2020-01-18,NA,NA,NA
2020-01-19,NA,NA,NA
2020-01-20,NA,NA,NA
2020-01-21,NA,NA,NA
2020-01-22,NA,NA,NA
2020-01-23,NA,NA,NA
2020-01-24,NA,NA,NA
2020-01-25,NA,NA,NA
2020-01-26,NA,NA,NA
2020-01-27,NA,NA,NA
2020-01-28,NA,NA,NA
2020-01-29,NA,NA,NA
2020-01-30,NA,NA,NA
2020-01-31,NA,NA,NA
2020-02-01,NA,NA,NA
2020-02-02,NA,NA,NA
2020-02-03,NA,NA,NA
2020-02-04,NA,NA,NA
2020-02-05,NA,NA,NA
2020-02-06,NA,NA,NA
2020-02-07,NA,NA,NA
2020-02-08,NA,NA,NA
2020-02-09,NA,NA,NA
2020-02-10,NA,NA,NA
2020-02-11,NA,NA,NA
2020-02-12,NA,NA,NA
2020-02-13,NA,NA,NA
2020-02-14,NA,NA,NA
2020-02-15,NA,NA,NA
2020-02-16,NA,NA,NA
2020-02-17,NA,NA,NA
2020-02-18,NA,NA,NA
2020-02-19,NA,NA,NA
2020-02-20,NA,NA,NA
2020-02-21,NA,NA,NA
2020-02-22,NA,NA,NA
2020-02-23,NA,NA,NA
2020-02-24,NA,NA,NA
2020-02-25,NA,NA,NA
2020-02-26,NA,NA,NA
2020-02-27,NA,NA,NA
2020-02-28,NA,NA,NA
2020-02-29,NA,NA,NA
2020-03-01,NA,NA,NA
2020-03-02,NA,NA,NA
2020-03-03,NA,NA,NA
2020-03-04,NA,NA,NA
2020-03-05,NA,NA,NA
2020-03-06,NA,NA,NA
2020-03-07,NA,NA,NA
2020-03-08,NA,NA,NA
2020-03-09,NA,NA,NA
2020-03-10,NA,NA,NA
2020-03-11,NA,NA,NA
2020-03-12,NA,NA,NA
2020-03-13,NA,NA,NA
2020-03-14,NA,NA,NA
2020-03-15,NA,NA,NA
2020-03-16,NA,NA,NA
2020-03-17,NA,NA,NA
2020-03-18,NA,NA,NA
2020-03-19,NA,NA,NA
2020-03-20,NA,NA,NA
2020-03-21,NA,NA,NA
2020-03-22,NA,NA,NA
2020-03-23,NA,NA,NA
2020-03-24,NA,NA,NA
2020-03-25,NA,NA,NA
2020-03-26,NA,NA,NA
2020-03-27,NA,NA,NA
2020-03-28,NA,NA,NA
2020-03-29,NA,NA,NA
2020-03-30,NA,NA,NA
2020-03-31,NA,NA,NA
2020-04-01,NA,NA,NA
2020-04-02,NA,NA,NA
2020-04-03,NA,NA,NA
2020-04-04,NA,NA,NA
2020-04-05,NA,NA,NA
2020-04-06,NA,NA,NA
2020-04-07,NA,NA,NA
2020-04-08,NA,NA,NA
2020-04-09,NA,NA,NA
2020-04-10,NA,NA,NA
2020-04-11,NA,NA,NA
2020-04-12,NA,NA,NA
2020-04-13,NA,NA,NA
2020-04-14,NA,NA,NA
2020-04-15,NA,NA,NA
2020-04-16,NA,NA,NA
2020-04-17,NA,NA,NA
2020-04-18,NA,NA,NA
2020-04-19,NA,NA,NA
2020-04-20,NA,NA,NA
2020-04-21,NA,NA,NA
2020-04-22,NA,NA,NA
2020-04-23,NA,NA,NA
2020-04-24,NA,NA,NA
2020-04-25,NA,NA,NA
2020-04-26,NA,NA,NA
2020-04-27,NA,NA,NA
2020-04-28,NA,NA,NA
2020-04-29,NA,NA,NA
2020-04-30,NA,NA,NA
2020-05-01,NA,NA,NA
2020-05-02,NA,NA,NA
2020-05-03,NA,NA,NA
2020-05-04,NA,NA,NA
2020-05-05,NA,NA,NA
2020-05-06,NA,NA,NA
2020-05-07,NA,NA,NA
2020-05-08,NA,NA,NA
2020-05-09,NA,NA,NA
2020-05-10,NA,NA,NA
2020-05-11,NA,NA,NA
2020-05-12,NA,NA,NA
2020-05-13,NA,NA,NA
2020-05-14,NA,NA,NA
2020-05-15,NA,NA,NA
2020-05-16,NA,NA,NA
2020-05-17,NA,NA,NA
2020-05-18,NA,NA,NA
2020-05-19,NA,NA,NA
2020-05-20,NA,NA,NA
2020-05-21,NA,NA,NA
2020-05-22,NA,NA,NA
2020-05-23,NA,NA,NA
2020-05-24,NA,NA,NA
2020-05-25,NA,NA,NA
2020-05-26,NA,NA,NA
2020-05-27,NA,NA,NA
2020-05-28,NA,NA,NA
2020-05-29,NA,NA,NA
2020-05-30,NA,NA,NA
2020-05-31,NA,NA,NA
2020-06-01,NA,NA,NA
2020-06-02,NA,NA,NA
2020-06-03,NA,NA,NA
2020-06-04,NA,NA,NA
2020-06-05,NA,NA,NA
2020-06-06,NA,NA,NA
2020-06-07,NA,NA,NA
2020-06-08,NA,NA,NA
2020-06-09,NA,NA,NA
2020-06-10,NA,NA,NA
2020-06-11,NA,NA,NA
2020-06-12,NA,NA,NA
2020-06-13,NA,NA,NA
2020-06-14,NA,NA,NA
2020-06-15,NA,NA,NA
2020-06-16,NA,NA,NA
2020-06-17,NA,NA,NA
2020-06-18,NA,NA,NA
2020-06-19,NA,NA,NA
2020-06-20,NA,NA,NA
2020-06-21,NA,NA,NA
2020-06-22,NA,NA,NA
2020-06-23,NA,NA,NA
2020-06-24,NA,NA,NA
2020-06-25,NA,NA,NA
2020-06-26,NA,NA,NA
2020-06-27,NA,NA,NA
2020-06-28,NA,NA,NA
2020-06-29,NA,NA,NA
2020-06-30,NA,NA,NA
2020-07-01,NA,NA,NA
2020-07-02,NA,NA,NA
2020-07-03,NA,NA,NA
2020-07-04,NA,NA,NA
2020-07-05,NA,NA,NA
2020-07-06,NA,NA,NA
2020-07-07,NA,NA,NA
2020-07-08,NA,NA,NA
2020-07-09,NA,NA,NA
2020-07-10,NA,NA,NA
2020-07-11,NA,NA,NA
2020-07-12,NA,NA,NA
2020-07-13,NA,NA,NA
2020-07-14,NA,NA,NA
2020-07-15,NA,NA,NA
2020-07-16,NA,NA,NA
2020-07-17,NA,NA,NA
2020-07-18,NA,NA,NA
2020-07-19,NA,NA,NA
2020-07-20,NA,NA,NA
2020-07-21,NA,NA,NA
2020-07-22,NA,NA,NA
2020-07-23,NA,NA,NA
2020-07-24,NA,NA,NA
2020-07-25,NA,NA,NA
2020-07-26,NA,NA,NA
2020-07-27,NA,NA,NA
2020-07-28,NA,NA,NA
2020-07-29,NA,NA,NA
2020-07-30,NA,NA,NA
2020-07-31,NA,NA,NA
2020-08-01,NA,NA,NA
2020-08-02,NA,NA,NA
2020-08-03,NA,NA,NA
2020-08-04,NA,NA,NA
2020-08-05,NA,NA,NA
2020-08-06,NA,NA,NA
2020-08-07,NA,NA,NA
2020-08-08,NA,NA,NA
2020-08-09,NA,NA,NA
2020-08-10,NA,NA,NA
2020-08-11,NA,NA,NA
2020-08-12,NA,NA,NA
2020-08-13,NA,NA,NA
2020-08-14,NA,NA,NA
2020-08-15,NA,NA,NA
2020-08-16,NA,NA,NA
2020-08-17,NA,NA,NA
2020-08-18,NA,NA,NA
2020-08-19,NA,NA,NA
2020-08-20,NA,NA,NA
2020-08-21,NA,NA,NA
2020-08-22,NA,NA,NA
2020-08-23,NA,NA,NA
2020-08-24,NA,NA,NA
2020-08-25,NA,NA,NA
2020-08-26,NA,NA,NA
2020-08-27,NA,NA,NA
2020-08-28,NA,NA,NA
2020-08-29,NA,NA,NA
2020-08-30,NA,NA,NA
2020-08-31,NA,NA,NA
2020-09-01,NA,NA,NA
2020-09-02,NA,NA,NA
2020-09-03,NA,NA,NA
2020-09-04,NA,NA,NA
2020-09-05,NA,NA,NA
2020-09-06,NA,NA,NA
2020-09-07,NA,NA,NA
2020-09-08,NA,NA,NA
2020-09-09,NA,NA,NA
2020-09-10,NA,NA,NA
2020-09-11,NA,NA,NA
2020-09-12,NA,NA,NA
2020-09-13,NA,NA,NA
2020-09-14,NA,NA,NA
2020-09-15,NA,NA,NA
2020-09-16,NA,NA,NA
2020-09-17,NA,NA,NA
2020-09-18,NA,NA,NA
2020-09-19,NA,NA,NA
2020-09-20,NA,NA,NA
2020-09-21,NA,NA,NA
2020-09-22,NA,NA,NA
2020-09-23,NA,NA,NA
2020-09-24,NA,NA,NA
2020-09-25,NA,NA,NA
2020-09-26,NA,NA,NA
2020-09-27,NA,NA,NA
2020-09-28,NA,NA,NA
2020-09-29,NA,NA,NA
2020-09-30,NA,NA,NA
2020-10-01,NA,NA,NA
2020-10-02,NA,NA,NA
2020-10-03,NA,NA,NA
2020-10-04,NA,NA,NA
2020-10-05,NA,NA,NA
2020-10-06,NA,NA,NA
2020-10-07,NA,NA,NA
2020-10-08,NA,NA,NA
2020-10-09,NA,NA,NA
2020-10-10,NA,NA,NA
2020-10-11,NA,NA,NA
2020-10-12,NA,NA,NA
2020-10-13,NA,NA,NA
2020-10-14,NA,NA,NA
2020-10-15,NA,NA,NA
2020-10-16,NA,NA,NA
2020-10-17,NA,NA,NA
2020-10-18,NA,NA,NA
2020-10-19,NA,NA,NA
2020-10-20,NA,NA,NA
2020-10-21,NA,NA,NA
2020-10-22,NA,NA,NA
2020-10-23,NA,NA,NA
2020-10-24,NA,NA,NA
2020-10-25,NA,NA,NA
2020-10-26,NA,NA,NA
2020-10-27,NA,NA,NA
2020-10-28,NA,NA,NA
2020-10-29,NA,NA,NA
2020-10-30,NA,NA,NA
2020-10-31,NA,NA,NA
2020-11-01,NA,NA,NA
2020-11-02,NA,NA,NA
2020-11-03,NA,NA,NA
2020-11-04,NA,NA,NA
2020-11-05,NA,NA,NA
2020-11-06,NA,NA,NA
2020-11-07,NA,NA,NA
2020-11-08,NA,NA,NA
2020-11-09,NA,NA,NA
2020-11-10,NA,NA,NA
2020-11-11,NA,NA,NA
2020-11-12,NA,NA,NA
2020-11-13,NA,NA,NA
2020-11-14,NA,NA,NA
2020-11-15,NA,NA,NA
2020-11-16,NA,NA,NA
2020-11-17,NA,NA,NA
2020-11-18,NA,NA,NA
2020-11-19,NA,NA,NA
2020-11-20,NA,NA,NA
2020-11-21,NA,NA,NA
2020-11-22,NA,NA,NA
2020-11-23,NA,NA,NA
2020-11-24,NA,NA,NA
2020-11-25,NA,NA,NA
2020-11-26,NA,NA,NA
2020-11-27,NA,NA,NA
2020-11-28,NA,NA,NA
2020-11-29,NA,NA,NA
2020-11-30,NA,NA,NA
2020-12-01,NA,NA,NA
2020-12-02,NA,NA,NA
2020-12-03,NA,NA,NA
2020-12-04,NA,NA,NA
2020-12-05,NA,NA,NA
2020-12-06,NA,NA,NA
2020-12-07,NA,NA,NA
2020-12-08,NA,NA,NA
2020-12-09,NA,NA,NA
2020-12-10,NA,NA,NA
2020-12-11,NA,NA,NA
2020-12-12,NA,NA,NA
2020-12-13,NA,NA,NA
2020-12-14,NA,NA,NA
2020-12-15,NA,NA,NA
2020-12-16,NA,NA,NA
2020-12-17,NA,NA,NA
2020-12-18,NA,NA,NA
2020-12-19,NA,NA,NA
2020-12-20,NA,NA,NA
2020-12-21,NA,NA,NA
2020-12-22,NA,NA,NA
2020-12-23,NA,NA,NA
2020-12-24,NA,NA,NA
2020-12-25,NA,NA,NA
2020-12-26,NA,NA,NA
2020-12-27,NA,NA,NA
2020-12-28,NA,NA,NA
2020-12-29,NA,NA,NA
2020-12-30,NA,NA,NA
2020-12-31,NA,NA,NA
2021-01-01,NA,NA,NA
2021-01-02,NA,NA,NA
2021-01-03,NA,NA,NA
2021-01-04,NA,NA,NA
2021-01-05,NA,NA,NA
2021-01-06,NA,NA,NA
2021-01-07,NA,NA,NA
2021-01-08,NA,NA,NA
2021-01-09,NA,NA,NA
2021-01-10,NA,NA,NA
2021-01-11,NA,NA,NA
2021-01-12,NA,NA,NA
2021-01-13,NA,NA,NA
2021-01-14,NA,NA,NA
2021-01-15,NA,NA,NA
2021-01-16,NA,NA,NA
2021-01-17,NA,NA,NA
2021-01-18,NA,NA,NA
2021-01-19,NA,NA,NA
2021-01-20,NA,NA,NA
2021-01-21,NA,NA,NA
2021-01-22,NA,NA,NA
2021-01-23,NA,NA,NA
2021-01-24,NA,NA,NA
2021-01-25,NA,NA,NA
2021-01-26,NA,NA,NA
2021-01-27,NA,NA,NA
2021-01-28,NA,NA,NA
2021-01-29,NA,NA,NA
2021-01-30,NA,NA,NA
2021-01-31,NA,NA,NA
2021-02-01,NA,NA,NA
2021-02-02,NA,NA,NA
2021-02-03,NA,NA,NA
2021-02-04,NA,NA,NA
2021-02-05,NA,NA,NA
2021-02-06,NA,NA,NA
2021-02-07,NA,NA,NA
2021-02-08,NA,NA,NA
2021-02-09,NA,NA,NA
2021-02-10,NA,NA,NA
2021-02-11,NA,NA,NA
2021-02-12,NA,NA,NA
2021-02-13,NA,NA,NA
2021-02-14,NA,NA,NA
2021-02-15,NA,NA,NA
2021-02-16,NA,NA,NA
2021-02-17,NA,NA,NA
2021-02-18,NA,NA,NA
2021-02-19,NA,NA,NA
2021-02-20,NA,NA,NA
2021-02-21,NA,NA,NA
2021-02-22,NA,NA,NA
2021-02-23,NA,NA,NA
2021-02-24,NA,NA,NA
2021-02-25,NA,NA,NA
2021-02-26,NA,NA,NA
2021-02-27,NA,NA,NA
2021-02-28,NA,NA,NA
2021-03-01,NA,NA,NA
2021-03-02,NA,NA,NA
2021-03-03,NA,NA,NA
2021-03-04,NA,NA,NA
2021-03-05,NA,NA,NA
2021-03-06,NA,NA,NA
2021-03-07,NA,NA,NA
2021-03-08,NA,NA,NA
2021-03-09,NA,NA,NA
2021-03-10,NA,NA,NA
2021-03-11,NA,NA,NA
2021-03-12,NA,NA,NA
2021-03-13,NA,NA,NA
2021-03-14,NA,NA,NA
2021-03-15,NA,NA,NA
2021-03-16,NA,NA,NA
2021-03-17,NA,NA,NA
2021-03-18,NA,NA,NA
2021-03-19,NA,NA,NA
2021-03-20,NA,NA,NA
2021-03-21,NA,NA,NA
2021-03-22,NA,NA,NA
2021-03-23,NA,NA,NA
2021-03-24,NA,NA,NA
2021-03-25,NA,NA,NA
2021-03-26,NA,NA,NA
2021-03-27,NA,NA,NA
2021-03-28,NA,NA,NA
2021-03-29,NA,NA,NA
2021-03-30,NA,NA,NA
2021-03-31,NA,NA,NA
2021-04-01,NA,NA,NA
2021-04-02,NA,NA,NA
2021-04-03,NA,NA,NA
2021-04-04,NA,NA,NA
2021-04-05,NA,NA,NA
2021-04-06,NA,NA,NA
2021-04-07,NA,NA,NA
2021-04-08,NA,NA,NA
2021-04-09,NA,NA,NA
2021-04-10,NA,NA,NA
2021-04-11,NA,NA,NA
2021-04-12,NA,NA,NA
2021-04-13,NA,NA,NA
2021-04-14,NA,NA,NA
2021-04-15,NA,NA,NA
2021-04-16,NA,NA,NA
2021-04-17,NA,NA,NA
2021-04-18,NA,NA,NA
2021-04-19,NA,NA,NA
2021-04-20,NA,NA,NA
2021-04-21,NA,NA,NA
2021-04-22,NA,NA,NA
2021-04-23,NA,NA,NA
2021-04-24,NA,NA,NA
2021-04-25,NA,NA,NA
2021-04-26,NA,NA,NA
2021-04-27,NA,NA,NA
2021-04-28,NA,NA,NA
2021-04-29,NA,NA,NA
2021-04-30,NA,NA,NA
2021-05-01,NA,NA,NA
2021-05-02,NA,NA,NA
2021-05-03,NA,NA,NA
2021-05-04,NA,NA,NA
2021-05-05,NA,NA,NA
2021-05-06,NA,NA,NA
2021-05-07,NA,NA,NA
2021-05-08,NA,NA,NA
2021-05-09,NA,NA,NA
2021-05-10,NA,NA,NA
2021-05-11,NA,NA,NA
2021-05-12,NA,NA,NA
2021-05-13,NA,NA,NA
2021-05-14,NA,NA,NA
2021-05-15,NA,NA,NA
2021-05-16,NA,NA,NA
2021-05-17,NA,NA,NA
2021-05-18,NA,NA,NA
2021-05-19,NA,NA,NA
2021-05-20,NA,NA,NA
2021-05-21,NA,NA,NA
2021-05-22,NA,NA,NA
2021-05-23,NA,NA,NA
2021-05-24,NA,NA,NA
2021-05-25,NA,NA,NA
2021-05-26,NA,NA,NA
2021-05-27,NA,NA,NA
2021-05-28,NA,NA,NA
2021-05-29,NA,NA,NA
2021-05-30,NA,NA,NA
2021-05-31,NA,NA,NA
2021-06-01,NA,NA,NA
2021-06-02,NA,NA,NA
2021-06-03,NA,NA,NA
2021-06-04,NA,NA,NA
2021-06-05,NA,NA,NA
2021-06-06,NA,NA,NA
2021-06-07,NA,NA,NA
2021-06-08,NA,NA,NA
2021-06-09,NA,NA,NA
2021-06-10,NA,NA,NA
2021-06-11,NA,NA,NA
2021-06-12,NA,NA,NA
2021-06-13,NA,NA,NA
2021-06-14,NA,NA,NA
2021-06-15,NA,NA,NA
2021-06-16,NA,NA,NA
2021-06-17,NA,NA,NA
2021-06-18,NA,NA,NA
2021-06-19,NA,NA,NA
2021-06-20,NA,NA,NA
2021-06-21,NA,NA,NA
2021-06-22,NA,NA,NA
2021-06-23,NA,NA,NA
2021-06-24,NA,NA,NA
2021-06-25,NA,NA,NA
2021-06-26,NA,NA,NA
2021-06-27,NA,NA,NA
2021-06-28,NA,NA,NA
2021-06-29,NA,NA,NA
2021-06-30,NA,NA,NA
2021-07-01,NA,NA,NA
2021-07-02,NA,NA,NA
2021-07-03,NA,NA,NA
2021-07-04,NA,NA,NA
2021-07-05,NA,NA,NA
2021-07-06,NA,NA,NA
2021-07-07,NA,NA,NA
2021-07-08,NA,NA,NA
2021-07-09,NA,NA,NA
2021-07-10,NA,NA,NA
2021-07-11,NA,NA,NA
2021-07-12,NA,NA,NA
2021-07-13,NA,NA,NA
2021-07-14,NA,NA,NA
2021-07-15,NA,NA,NA
2021-07-16,NA,NA,NA
2021-07-17,NA,NA,NA
2021-07-18,NA,NA,NA
2021-07-19,NA,NA,NA
2021-07-20,NA,NA,NA
2021-07-21,NA,NA,NA
2021-07-22,NA,NA,NA
2021-07-23,NA,NA,NA
2021-07-24,NA,NA,NA
2021-07-25,NA,NA,NA
2021-07-26,NA,NA,NA
2021-07-27,NA,NA,NA
2021-07-28,NA,NA,NA
2021-07-29,NA,NA,NA
2021-07-30,NA,NA,NA
2021-07-31,NA,NA,NA
2021-08-01,NA,NA,NA
2021-08-02,NA,NA,NA
2021-08-03,NA,NA,NA
2021-08-04,NA,NA,NA
2021-08-05,NA,NA,NA
2021-08-06,NA,NA,NA
2021-08-07,NA,NA,NA
2021-08-08,NA,NA,NA
2021-08-09,NA,NA,NA
2021-08-10,NA,NA,NA
2021-08-11,NA,NA,NA
2021-08-12,NA,NA,NA
2021-08-13,NA,NA,NA
2021-08-14,NA,NA,NA
2021-08-15,NA,NA,NA
2021-08-16,NA,NA,NA
2021-08-17,NA,NA,NA
2021-08-18,NA,NA,NA
2021-08-19,NA,NA,NA
2021-08-20,NA,NA,NA
2021-08-21,NA,NA,NA
2021-08-22,NA,NA,NA
2021-08-23,NA,NA,NA
2021-08-24,NA,NA,NA
2021-08-25,NA,NA,NA
2021-08-26,NA,NA,NA
2021-08-27,NA,NA,NA
2021-08-28,NA,NA,NA
2021-08-29,NA,NA,NA
2021-08-30,NA,NA,NA
2021-08-31,NA,NA,NA
2021-09-01,NA,NA,NA
2021-09-02,NA,NA,NA
2021-09-03,NA,NA,NA
2021-09-04,NA,NA,NA
2021-09-05,NA,NA,NA
2021-09-06,NA,NA,NA
2021-09-07,NA,NA,NA
2021-09-08,NA,NA,NA
2021-09-09,NA,NA,NA
2021-09-10,NA,NA,NA
2021-09-11,NA,NA,NA
2021-09-12,NA,NA,NA
2021-09-13,NA,NA,NA
2021-09-14,NA,NA,NA
2021-09-15,NA,NA,NA
2021-09-16,NA,NA,NA
2021-09-17,NA,NA,NA
2021-09-18,NA,NA,NA
2021-09-19,NA,NA,NA
2021-09-20,NA,NA,NA
2021-09-21,NA,NA,NA
2021-09-22,NA,NA,NA
2021-09-23,NA,NA,NA
2021-09-24,NA,NA,NA
2021-09-25,NA,NA,NA
2021-09-26,NA,NA,NA
2021-09-27,NA,NA,NA
2021-09-28,NA,NA,NA
2021-09-29,NA,NA,NA
2021-09-30,NA,NA,NA
2021-10-01,NA,NA,NA
2021-10-02,NA,NA,NA
2021-10-03,NA,NA,NA
2021-10-04,NA,NA,NA
2021-10-05,NA,NA,NA
2021-10-06,NA,NA,NA
2021-10-07,NA,NA,NA
2021-10-08,NA,NA,NA
2021-10-09,NA,NA,NA
2021-10-10,NA,NA,NA
2021-10-11,NA,NA,NA
2021-10-12,NA,NA,NA
2021-10-13,NA,NA,NA
2021-10-14,NA,NA,NA
2021-10-15,NA,NA,NA
2021-10-16,NA,NA,NA
2021-10-17,NA,NA,NA
2021-10-18,NA,NA,NA
2021-10-19,NA,NA,NA
2021-10-20,NA,NA,NA
2021-10-21,NA,NA,NA
2021-10-22,NA,NA,NA
2021-10-23,NA,NA,NA
2021-10-24,NA,NA,NA
2021-10-25,NA,NA,NA
2021-10-26,NA,NA,NA
2021-10-27,NA,NA,NA
2021-10-28,NA,NA,NA
2021-10-29,NA,NA,NA
2021-10-30,NA,NA,NA
2021-10-31,NA,NA,NA
2021-11-01,NA,NA,NA
2021-11-02,NA,NA,NA
2021-11-03,NA,NA,NA
2021-11-04,NA,NA,NA
2021-11-05,NA,NA,NA
2021-11-06,NA,NA,NA
2021-11-07,NA,NA,NA
2021-11-08,NA,NA,NA
2021-11-09,NA,NA,NA
2021-11-10,NA,NA,NA
2021-11-11,NA,NA,NA
2021-11-12,NA,NA,NA
2021-11-13,NA,NA,NA
2021-11-14,NA,NA,NA
2021-11-15,NA,NA,NA
2021-11-16,NA,NA,NA
2021-11-17,NA,NA,NA
2021-11-18,NA,NA,NA
2021-11-19,NA,NA,NA
2021-11-20,NA,NA,NA
2021-11-21,NA,NA,NA
2021-11-22,NA,NA,NA
2021-11-23,NA,NA,NA
2021-11-24,NA,NA,NA
2021-11-25,NA,NA,NA
2021-11-26,NA,NA,NA
2021-11-27,NA,NA,NA
2021-11-28,NA,NA,NA
2021-11-29,NA,NA,NA
2021-11-30,NA,NA,NA
2021-12-01,NA,NA,NA
2021-12-02,NA,NA,NA
2021-12-03,NA,NA,NA
2021-12-04,NA,NA,NA
2021-12-05,NA,NA,NA
2021-12-06,NA,NA,NA
2021-12-07,NA,NA,NA
2021-12-08,NA,NA,NA
2021-12-09,NA,NA,NA
2021-12-10,NA,NA,NA
2021-12-11,NA,NA,NA
2021-12-12,NA,NA,NA
2021-12-13,NA,NA,NA
2021-12-14,NA,NA,NA
2021-12-15,NA,NA,NA
2021-12-16,NA,NA,NA
2021-12-17,NA,NA,NA
2021-12-18,NA,NA,NA
2021-12-19,NA,NA,NA
2021-12-20,NA,NA,NA
2021-12-21,NA,NA,NA
2021-12-22,NA,NA,NA
2021-12-23,NA,NA,NA
2021-12-24,NA,NA,NA
2021-12-25,NA,NA,NA
2021-12-26,NA,NA,NA
2021-12-27,NA,NA,NA
2021-12-28,NA,NA,NA
2021-12-29,NA,NA,NA
2021-12-30,NA,NA,NA
2021-12-31,NA,NA,NA
2022-01-01,NA,NA,NA
2022-01-02,NA,NA,NA
2022-01-03,NA,NA,NA
2022-01-04,NA,NA,NA
2022-01-05,NA,NA,NA
2022-01-06,NA,NA,NA
2022-01-07,NA,NA,NA
2022-01-08,NA,NA,NA
2022-01-09,NA,NA,NA
2022-01-10,NA,NA,NA
2022-01-11,NA,NA,NA
2022-01-12,NA,NA,NA
2022-01-13,NA,NA,NA
2022-01-14,NA,NA,NA
2022-01-15,NA,NA,NA
2022-01-16,NA,NA,NA
2022-01-17,NA,NA,NA
2022-01-18,NA,NA,NA
2022-01-19,NA,NA,NA
2022-01-20,NA,NA,NA
2022-01-21,NA,NA,NA
2022-01-22,NA,NA,NA
2022-01-23,NA,NA,NA
2022-01-24,NA,NA,NA
2022-01-25,NA,NA,NA
2022-01-26,NA,NA,NA
2022-01-27,NA,NA,NA
2022-01-28,NA,NA,NA
2022-01-29,NA,NA,NA
2022-01-30,NA,NA,NA
2022-01-31,NA,NA,NA
2022-02-01,NA,NA,NA
2022-02-02,NA,NA,NA
2022-02-03,NA,NA,NA
2022-02-04,NA,NA,NA
2022-02-05,NA,NA,NA
2022-02-06,NA,NA,NA
2022-02-07,NA,NA,NA
2022-02-08,NA,NA,NA
2022-02-09,NA,NA,NA
2022-02-10,NA,NA,NA
2022-02-11,NA,NA,NA
2022-02-12,NA,NA,NA
2022-02-13,NA,NA,NA
2022-02-14,NA,NA,NA
2022-02-15,NA,NA,NA
2022-02-16,NA,NA,NA
2022-02-17,NA,NA,NA
2022-02-18,NA,NA,NA
2022-02-19,NA,NA,NA
2022-02-20,NA,NA,NA
2022-02-21,NA,NA,NA
2022-02-22,NA,NA,NA
2022-02-23,NA,NA,NA
2022-02-24,NA,NA,NA
2022-02-25,NA,NA,NA
2022-02-26,NA,NA,NA
2022-02-27,NA,NA,NA
2022-02-28,NA,NA,NA
2022-03-01,NA,NA,NA
2022-03-02,NA,NA,NA
2022-03-03,NA,NA,NA
2022-03-04,NA,NA,NA
2022-03-05,NA,NA,NA
2022-03-06,NA,NA,NA
2022-03-07,NA,NA,NA
2022-03-08,NA,NA,NA
2022-03-09,NA,NA,NA
2022-03-10,NA,NA,NA
2022-03-11,NA,NA,NA
2022-03-12,NA,NA,NA
2022-03-13,NA,NA,NA
2022-03-14,NA,NA,NA
2022-03-15,NA,NA,NA
2022-03-16,NA,NA,NA
2022-03-17,NA,NA,NA
2022-03-18,NA,NA,NA
2022-03-19,NA,NA,NA
2022-03-20,NA,NA,NA
2022-03-21,NA,NA,NA
2022-03-22,NA,NA,NA
2022-03-23,NA,NA,NA
2022-03-24,NA,NA,NA
2022-03-25,NA,NA,NA
2022-03-26,NA,NA,NA
2022-03-27,NA,NA,NA
2022-03-28,NA,NA,NA
2022-03-29,NA,NA,NA
2022-03-30,NA,NA,NA
2022-03-31,NA,NA,NA
2022-04-01,NA,NA,NA
2022-04-02,NA,NA,NA
2022-04-03,NA,NA,NA
2022-04-04,NA,NA,NA
2022-04-05,NA,NA,NA
2022-04-06,NA,NA,NA
2022-04-07,NA,NA,NA
2022-04-08,NA,NA,NA
2022-04-09,NA,NA,NA
2022-04-10,NA,NA,NA
2022-04-11,NA,NA,NA
2022-04-12,NA,NA,NA
2022-04-13,NA,NA,NA
2022-04-14,NA,NA,NA
2022-04-15,NA,NA,NA
2022-04-16,NA,NA,NA
2022-04-17,NA,NA,NA
2022-04-18,NA,NA,NA
2022-04-19,NA,NA,NA
2022-04-20,NA,NA,NA
2022-04-21,NA,NA,NA
2022-04-22,NA,NA,NA
2022-04-23,NA,NA,NA
2022-04-24,NA,NA,NA
2022-04-25,NA,NA,NA
2022-04-26,NA,NA,NA
2022-04-27,NA,NA,NA
2022-04-28,NA,NA,NA
2022-04-29,NA,NA,NA
2022-04-30,NA,NA,NA
2022-05-01,NA,NA,NA
2022-05-02,NA,NA,NA
2022-05-03,NA,NA,NA
2022-05-04,NA,NA,NA
2022-05-05,NA,NA,NA
2022-05-06,NA,NA,NA
2022-05-07,NA,NA,NA
2022-05-08,NA,NA,NA
2022-05-09,NA,NA,NA
2022-05-10,NA,NA,NA
2022-05-11,NA,NA,NA
2022-05-12,NA,NA,NA
2022-05-13,NA,NA,NA
2022-05-14,NA,NA,NA
2022-05-15,NA,NA,NA
2022-05-16,NA,NA,NA
2022-05-17,NA,NA,NA
2022-05-18,NA,NA,NA
2022-05-19,NA,NA,NA
2022-05-20,NA,NA,NA
2022-05-21,NA,NA,NA
2022-05-22,NA,NA,NA
2022-05-23,NA,NA,NA
2022-05-24,NA,NA,NA
2022-05-25,NA,NA,NA
2022-05-26,NA,NA,NA
2022-05-27,NA,NA,NA
2022-05-28,NA,NA,NA
2022-05-29,NA,NA,NA
2022-05-30,NA,NA,NA
2022-05-31,NA,NA,NA
2022-06-01,NA,NA,NA
2022-06-02,NA,NA,NA
2022-06-03,NA,NA,NA
2022-06-04,NA,NA,NA
2022-06-05,NA,NA,NA
2022-06-06,NA,NA,NA
2022-06-07,NA,NA,NA
2022-06-08,NA,NA,NA
2022-06-09,NA,NA,NA
2022-06-10,NA,NA,NA
2022-06-11,NA,NA,NA
2022-06-12,NA,NA,NA
2022-06-13,NA,NA,NA
2022-06-14,NA,NA,NA
2022-06-15,NA,NA,NA
2022-06-16,NA,NA,NA
2022-06-17,NA,NA,NA
2022-06-18,NA,NA,NA
2022-06-19,NA,NA,NA
2022-06-20,NA,NA,NA
2022-06-21,NA,NA,NA
2022-06-22,NA,NA,NA
2022-06-23,NA,NA,NA
2022-06-24,NA,NA,NA
2022-06-25,NA,NA,NA
2022-06-26,NA,NA,NA
2022-06-27,NA,NA,NA
2022-06-28,NA,NA,NA
2022-06-29,NA,NA,NA
2022-06-30,NA,NA,NA
2022-07-01,NA,NA,NA
2022-07-02,NA,NA,NA
2022-07-03,NA,NA,NA
2022-07-04,NA,NA,NA
2022-07-05,NA,NA,NA
2022-07-06,NA,NA,NA
2022-07-07,NA,NA,NA
2022-07-08,NA,NA,NA
2022-07-09,NA,NA,NA
2022-07-10,NA,NA,NA
2022-07-11,NA,NA,NA
2022-07-12,NA,NA,NA
2022-07-13,NA,NA,NA
2022-07-14,NA,NA,NA
2022-07-15,NA,NA,NA
2022-07-16,NA,NA,NA
2022-07-17,NA,NA,NA
2022-07-18,NA,NA,NA
2022-07-19,NA,NA,NA
2022-07-20,NA,NA,NA
2022-07-21,NA,NA,NA
2022-07-22,NA,NA,NA
2022-07-23,NA,NA,NA
2022-07-24,NA,NA,NA
2022-07-25,NA,NA,NA
2022-07-26,NA,NA,NA
2022-07-27,NA,NA,NA
2022-07-28,NA,NA,NA
2022-07-29,NA,NA,NA
2022-07-30,NA,NA,NA
2022-07-31,NA,NA,NA
2022-08-01,NA,NA,NA
2022-08-02,NA,NA,NA
2022-08-03,NA,NA,NA
2022-08-04,NA,NA,NA
2022-08-05,NA,NA,NA
2022-08-06,NA,NA,NA
2022-08-07,NA,NA,NA
2022-08-08,NA,NA,NA
2022-08-09,NA,NA,NA
2022-08-10,NA,NA,NA
2022-08-11,NA,NA,NA
2022-08-12,NA,NA,NA
2022-08-13,NA,NA,NA
2022-08-14,NA,NA,NA
2022-08-15,NA,NA,NA
2022-08-16,NA,NA,NA
2022-08-17,NA,NA,NA
2022-08-18,NA,NA,NA
2022-08-19,NA,NA,NA
2022-08-20,NA,NA,NA
2022-08-21,NA,NA,NA
2022-08-22,NA,NA,NA
2022-08-23,NA,NA,NA
2022-08-24,NA,NA,NA
2022-08-25,NA,NA,NA
2022-08-26,NA,NA,NA
2022-08-27,NA,NA,NA
2022-08-28,NA,NA,NA
2022-08-29,NA,NA,NA
2022-08-30,NA,NA,NA
2022-08-31,NA,NA,NA
2022-09-01,NA,NA,NA
2022-09-02,NA,NA,NA
2022-09-03,NA,NA,NA
2022-09-04,NA,NA,NA
2022-09-05,NA,NA,NA
2022-09-06,NA,NA,NA
2022-09-07,NA,NA,NA
2022-09-08,NA,NA,NA
2022-09-09,NA,NA,NA
2022-09-10,NA,NA,NA
2022-09-11,NA,NA,NA
2022-09-12,NA,NA,NA
2022-09-13,NA,NA,NA
2022-09-14,NA,NA,NA
2022-09-15,NA,NA,NA
2022-09-16,NA,NA,NA
2022-09-17,NA,NA,NA
2022-09-18,NA,NA,NA
2022-09-19,NA,NA,NA
2022-09-20,NA,NA,NA
2022-09-21,NA,NA,NA
2022-09-22,NA,NA,NA
2022-09-23,NA,NA,NA
2022-09-24,NA,NA,NA
2022-09-25,NA,NA,NA
2022-09-26,NA,NA,NA
2022-09-27,NA,NA,NA
2022-09-28,NA,NA,NA
2022-09-29,NA,NA,NA
2022-09-30,NA,NA,NA
2022-10-01,NA,NA,NA
2022-10-02,NA,NA,NA
2022-10-03,NA,NA,NA
2022-10-04,NA,NA,NA
2022-10-05,NA,NA,NA
2022-10-06,NA,NA,NA
2022-10-07,NA,NA,NA
2022-10-08,NA,NA,NA
2022-10-09,NA,NA,NA
2022-10-10,NA,NA,NA
2022-10-11,NA,NA,NA
2022-10-12,NA,NA,NA
2022-10-13,NA,NA,NA
2022-10-14,NA,NA,NA
2022-10-15,NA,NA,NA
2022-10-16,NA,NA,NA
2022-10-17,NA,NA,NA
2022-10-18,NA,NA,NA
2022-10-19,NA,NA,NA
2022-10-20,NA,NA,NA
2022-10-21,NA,NA,NA
2022-10-22,NA,NA,NA
2022-10-23,NA,NA,NA
2022-10-24,NA,NA,NA
2022-10-25,NA,NA,NA
2022-10-26,NA,NA,NA
2022-10-27,NA,NA,NA
2022-10-28,NA,NA,NA
2022-10-29,NA,NA,NA
2022-10-30,NA,NA,NA
2022-10-31,NA,NA,NA
2022-11-01,NA,NA,NA
2022-11-02,NA,NA,NA
2022-11-03,NA,NA,NA
2022-11-04,NA,NA,NA
2022-11-05,NA,NA,NA
2022-11-06,NA,NA,NA
2022-11-07,NA,NA,NA
2022-11-08,NA,NA,NA
2022-11-09,NA,NA,NA
2022-11-10,NA,NA,NA
2022-11-11,NA,NA,NA
2022-11-12,NA,NA,NA
2022-11-13,NA,NA,NA
2022-11-14,NA,NA,NA
2022-11-15,NA,NA,NA
2022-11-16,NA,NA,NA
2022-11-17,NA,NA,NA
2022-11-18,NA,NA,NA
2022-11-19,NA,NA,NA
2022-11-20,NA,NA,NA
2022-11-21,NA,NA,NA
2022-11-22,NA,NA,NA
2022-11-23,NA,NA,NA
2022-11-24,NA,NA,NA
2022-11-25,NA,NA,NA
2022-11-26,NA,NA,NA
2022-11-27,NA,NA,NA
2022-11-28,NA,NA,NA
2022-11-29,NA,NA,NA
2022-11-30,NA,NA,NA
2022-12-01,NA,NA,NA
2022-12-02,NA,NA,NA
2022-12-03,NA,NA,NA
2022-12-04,NA,NA,NA
2022-12-05,NA,NA,NA
2022-12-06,NA,NA,NA
2022-12-07,NA,NA,NA
2022-12-08,NA,NA,NA
2022-12-09,NA,NA,NA
2022-12-10,NA,NA,NA
2022-12-11,NA,NA,NA
2022-12-12,NA,NA,NA
2022-12-13,NA,NA,NA
2022-12-14,NA,NA,NA
2022-12-15,NA,NA,NA
2022-12-16,NA,NA,NA
2022-12-17,NA,NA,NA
2022-12-18,NA,NA,NA
2022-12-19,NA,NA,NA
2022-12-20,NA,NA,NA
2022-12-21,NA,NA,NA
2022-12-22,NA,NA,NA
2022-12-23,NA,NA,NA
2022-12-24,NA,NA,NA
2022-12-25,NA,NA,NA
2022-12-26,NA,NA,NA
2022-12-27,NA,NA,NA
2022-12-28,NA,NA,NA
2022-12-29,NA,NA,NA
2022-12-30,NA,NA,NA
2022-12-31,NA,NA,NA
2023-01-01,NA,NA,NA
2023-01-02,NA,NA,NA
2023-01-03,NA,NA,NA
2023-01-04,NA,NA,NA
2023-01-05,NA,NA,NA
2023-01-06,NA,NA,NA
2023-01-07,NA,NA,NA
2023-01-08,NA,NA,NA
2023-01-09,NA,NA,NA
2023-01-10,NA,NA,NA
2023-01-11,NA,NA,NA
2023-01-12,NA,NA,NA
2023-01-13,NA,NA,NA
2023-01-14,NA,NA,NA
2023-01-15,NA,NA,NA
2023-01-16,NA,NA,NA
2023-01-17,NA,NA,NA
2023-01-18,NA,NA,NA
2023-01-19,NA,NA,NA
2023-01-20,NA,NA,NA
2023-01-21,NA,NA,NA
2023-01-22,NA,NA,NA
2023-01-23,NA,NA,NA
2023-01-24,NA,NA,NA
2023-01-25,NA,NA,NA
2023-01-26,NA,NA,NA
2023-01-27,NA,NA,NA
2023-01-28,NA,NA,NA
2023-01-29,NA,NA,NA
2023-01-30,NA,NA,NA
2023-01-31,NA,NA,NA
2023-02-01,NA,NA,NA
2023-02-02,NA,NA,NA
2023-02-03,NA,NA,NA
2023-02-04,NA,NA,NA
2023-02-05,NA,NA,NA
2023-02-06,NA,NA,NA
2023-02-07,NA,NA,NA
2023-02-08,NA,NA,NA
2023-02-09,NA,NA,NA
2023-02-10,NA,NA,NA
2023-02-11,NA,NA,NA
2023-02-12,NA,NA,NA
2023-02-13,NA,NA,NA
2023-02-14,NA,NA,NA
2023-02-15,NA,NA,NA
2023-02-16,NA,NA,NA
2023-02-17,NA,NA,NA
2023-02-18,NA,NA,NA
2023-02-19,NA,NA,NA
2023-02-20,NA,NA,NA
2023-02-21,NA,NA,NA
2023-02-22,NA,NA,NA
2023-02-23,NA,NA,NA
2023-02-24,NA,NA,NA
2023-02-25,NA,NA,NA
2023-02-26,NA,NA,NA
2023-02-27,NA,NA,NA
2023-02-28,NA,NA,NA
2023-03-01,NA,NA,NA
2023-03-02,NA,NA,NA
2023-03-03,NA,NA,NA
2023-03-04,NA,NA,NA
2023-03-05,NA,NA,NA
2023-03-06,NA,NA,NA
2023-03-07,NA,NA,NA
2023-03-08,NA,NA,NA
2023-03-09,NA,NA,NA
2023-03-10,NA,NA,NA
2023-03-11,NA,NA,NA
2023-03-12,NA,NA,NA
2023-03-13,NA,NA,NA
2023-03-14,NA,NA,NA
2023-03-15,NA,NA,NA
2023-03-16,NA,NA,NA
2023-03-17,NA,NA,NA
2023-03-18,NA,NA,NA
2023-03-19,NA,NA,NA
2023-03-20,NA,NA,NA
2023-03-21,NA,NA,NA
2023-03-22,NA,NA,NA
2023-03-23,NA,NA,NA
2023-03-24,NA,NA,NA
2023-03-25,NA,NA,NA
2023-03-26,NA,NA,NA
2023-03-27,NA,NA,NA
2023-03-28,NA,NA,NA
2023-03-29,NA,NA,NA
2023-03-30,NA,NA,NA
2023-03-31,NA,NA,NA
2023-04-01,NA,NA,NA
2023-04-02,NA,NA,NA
2023-04-03,NA,NA,NA
2023-04-04,NA,NA,NA
2023-04-05,NA,NA,NA
2023-04-06,NA,NA,NA
2023-04-07,NA,NA,NA
2023-04-08,NA,NA,NA
2023-04-09,NA,NA,NA
2023-04-10,NA,NA,NA
2023-04-11,NA,NA,NA
2023-04-12,NA,NA,NA
2023-04-13,NA,NA,NA
2023-04-14,NA,NA,NA
2023-04-15,NA,NA,NA
2023-04-16,NA,NA,NA
2023-04-17,NA,NA,NA
2023-04-18,NA,NA,NA
2023-04-19,NA,NA,NA
2023-04-20,NA,NA,NA
2023-04-21,NA,NA,NA
2023-04-22,NA,NA,NA
2023-04-23,NA,NA,NA
2023-04-24,NA,NA,NA
2023-04-25,NA,NA,NA
2023-04-26,NA,NA,NA
2023-04-27,NA,NA,NA
2023-04-28,NA,NA,NA
2023-04-29,NA,NA,NA
2023-04-30,NA,NA,NA
2023-05-01,NA,NA,NA
2023-05-02,NA,NA,NA
2023-05-03,NA,NA,NA
2023-05-04,NA,NA,NA
2023-05-05,NA,NA,NA
2023-05-06,NA,NA,NA
2023-05-07,NA,NA,NA
2023-05-08,NA,NA,NA
2023-05-09,NA,NA,NA
2023-05-10,NA,NA,NA
2023-05-11,NA,NA,NA
2023-05-12,NA,NA,NA
2023-05-13,NA,NA,NA
2023-05-14,NA,NA,NA
2023-05-15,NA,NA,NA
2023-05-16,NA,NA,NA
2023-05-17,NA,NA,NA
2023-05-18,NA,NA,NA
2023-05-19,NA,NA,NA
2023-05-20,NA,NA,NA
2023-05-21,NA,NA,NA
2023-05-22,NA,NA,NA
2023-05-23,NA,NA,NA
2023-05-24,NA,NA,NA
2023-05-25,NA,NA,NA
2023-05-26,NA,NA,NA
2023-05-27,NA,NA,NA
2023-05-28,NA,NA,NA
2023-05-29,NA,NA,NA
2023-05-30,NA,NA,NA
2023-05-31,NA,NA,NA
2023-06-01,NA,NA,NA
2023-06-02,NA,NA,NA
2023-06-03,NA,NA,NA
2023-06-04,NA,NA,NA
2023-06-05,NA,NA,NA
2023-06-06,NA,NA,NA
2023-06-07,NA,NA,NA
2023-06-08,NA,NA,NA
2023-06-09,NA,NA,NA
2023-06-10,NA,NA,NA
2023-06-11,NA,NA,NA
2023-06-12,NA,NA,NA
2023-06-13,NA,NA,NA
2023-06-14,NA,NA,NA
2023-06-15,NA,NA,NA
2023-06-16,NA,NA,NA
2023-06-17,NA,NA,NA
2023-06-18,NA,NA,NA
2023-06-19,NA,NA,NA
2023-06-20,NA,NA,NA
2023-06-21,NA,NA,NA
2023-06-22,NA,NA,NA
2023-06-23,NA,NA,NA
2023-06-24,NA,NA,NA
2023-06-25,NA,NA,NA
2023-06-26,NA,NA,NA
2023-06-27,NA,NA,NA
2023-06-28,NA,NA,NA
2023-06-29,NA,NA,NA
2023-06-30,NA,NA,NA
2023-07-01,NA,NA,NA
2023-07-02,NA,NA,NA
2023-07-03,NA,NA,NA
2023-07-04,NA,NA,NA
2023-07-05,NA,NA,NA
2023-07-06,NA,NA,NA
2023-07-07,NA,NA,NA
2023-07-08,NA,NA,NA
2023-07-09,NA,NA,NA
2023-07-10,NA,NA,NA
2023-07-11,NA,NA,NA
2023-07-12,NA,NA,NA
2023-07-13,NA,NA,NA
2023-07-14,NA,NA,NA
2023-07-15,NA,NA,NA
2023-07-16,NA,NA,NA
2023-07-17,NA,NA,NA
2023-07-18,NA,NA,NA
2023-07-19,NA,NA,NA
2023-07-20,NA,NA,NA
2023-07-21,NA,NA,NA
2023-07-22,NA,NA,NA
2023-07-23,NA,NA,NA
2023-07-24,NA,NA,NA
2023-07-25,NA,NA,NA
2023-07-26,NA,NA,NA
2023-07-27,NA,NA,NA
2023-07-28,NA,NA,NA
2023-07-29,NA,NA,NA
2023-07-30,NA,NA,NA
2023-07-31,NA,NA,NA
2023-08-01,NA,NA,NA
2023-08-02,NA,NA,NA
2023-08-03,NA,NA,NA
2023-08-04,NA,NA,NA
2023-08-05,NA,NA,NA
2023-08-06,NA,NA,NA
2023-08-07,NA,NA,NA
2023-08-08,NA,NA,NA
2023-08-09,NA,NA,NA
2023-08-10,NA,NA,NA
2023-08-11,NA,NA,NA
2023-08-12,NA,NA,NA
2023-08-13,NA,NA,NA
2023-08-14,NA,NA,NA
2023-08-15,NA,NA,NA
2023-08-16,NA,NA,NA
2023-08-17,NA,NA,NA
2023-08-18,NA,NA,NA
2023-08-19,NA,NA,NA
2023-08-20,NA,NA,NA
2023-08-21,NA,NA,NA
2023-08-22,NA,NA,NA
2023-08-23,NA,NA,NA
2023-08-24,NA,NA,NA
2023-08-25,NA,NA,NA
2023-08-26,NA,NA,NA
2023-08-27,NA,NA,NA
2023-08-28,NA,NA,NA
2023-08-29,NA,NA,NA
2023-08-30,NA,NA,NA
2023-08-31,NA,NA,NA
2023-09-01,NA,NA,NA
2023-09-02,NA,NA,NA
2023-09-03,NA,NA,NA
2023-09-04,NA,NA,NA
2023-09-05,NA,NA,NA
2023-09-06,NA,NA,NA
2023-09-07,NA,NA,NA
2023-09-08,NA,NA,NA
2023-09-09,NA,NA,NA
2023-09-10,NA,NA,NA
2023-09-11,NA,NA,NA
2023-09-12,NA,NA,NA
2023-09-13,NA,NA,NA
2023-09-14,NA,NA,NA
2023-09-15,NA,NA,NA
2023-09-16,NA,NA,NA
2023-09-17,NA,NA,NA
2023-09-18,NA,NA,NA
2023-09-19,NA,NA,NA
2023-09-20,NA,NA,NA
2023-09-21,NA,NA,NA
2023-09-22,NA,NA,NA
2023-09-23,NA,NA,NA
2023-09-24,NA,NA,NA
2023-09-25,NA,NA,NA
2023-09-26,NA,NA,NA
2023-09-27,NA,NA,NA
2023-09-28,NA,NA,NA
2023-09-29,NA,NA,NA
2023-09-30,NA,NA,NA
2023-10-01,0.5010584831999999,0.5451763968,1.051532928
2023-10-02,0.5332334975999999,0.4461236352,0.9828065663999999
2023-10-03,0.4026267648,0.44158452479999993,0.854826048
2023-10-04,0.483112512,0.388302336,0.8830829952
2023-10-05,0.560608128,0.34205483519999996,0.9118127232
2023-10-06,0.41828970239999996,0.3982898304,0.8159491583999999
2023-10-07,0.6760195199999999,0.2841257088,0.9630638207999999
2023-10-08,0.5785302528,0.422413056,1.0049692032
2023-10-09,0.6259306751999999,0.37290170879999995,1.002808512
2023-10-10,0.6637707648,0.319391424,0.9866987135999999
2023-10-11,0.607943232,0.2933169408,0.9026836991999999
2023-10-12,0.6694918272,0.08981217792,0.7603673472
2023-10-13,0.414377856,0.3230834688,0.7457971968
2023-10-14,0.3449817216,0.4910347008,0.8358225408
2023-10-15,0.59807808,0.3021836544,0.901637568
2023-10-16,0.62138016,0.3749296896,1.0002175488
2023-10-17,0.6389601408,0.39307679999999995,1.036914048
2023-10-18,0.5954767488,0.3687441408,0.967246272
2023-10-19,0.5780118528,0.4495077504,1.0322764415999999
2023-10-20,0.5038568064,0.5487554304,1.05810624
2023-10-21,0.4125603456,0.6162407423999999,1.0336004352
2023-10-22,0.5718750335999999,0.42103307519999994,0.9967007231999999
2023-10-23,0.5512966272,0.44967674879999997,1.0049930496
2023-10-24,0.6706457856,0.280988352,0.9543204864
2023-10-25,0.6274983168,0.31715608319999994,0.9471613823999999
2023-10-26,0.6475241088,0.24409486079999998,0.8928444671999999
2023-10-27,0.4181144832,0.3951213696,0.8202964608
2023-10-28,0.5560856064,0.117101376,0.672147072
2023-10-29,0.6267269376,-0.1452836736,0.47514366719999995
2023-10-30,0.543739392,0.07826989824,0.6269311872
2023-10-31,0.5494687488000001,0.16224883199999998,0.7436468735999999
2023-11-01,0.44649377279999997,0.33820623359999996,0.819916992
2023-11-02,0.4307914368,0.4271750784,0.8620079616
2023-11-03,0.5369701248,0.3408749568,0.8786486016
2023-11-04,0.5391536255999999,0.36189504,0.9024535296
2023-11-05,0.6520207104,0.29426976,0.9488358144
2023-11-06,0.6737219711999999,0.2750122368,0.9513334656
2023-11-07,0.6610999679999999,0.26430520319999995,0.9274652927999999
2023-11-08,0.70147296,-0.005615547264,0.6962557824
2023-11-09,0.4809124224,0.15879110400000002,0.6454867968
2023-11-10,0.4198614912,0.31045731839999996,0.7363540224
2023-11-11,0.4259402496,0.3280663296,0.7584409727999999
2023-11-12,0.5652654335999999,0.2937523968,0.8594709119999999
2023-11-13,0.6542736768,0.2381457024,0.8939476224
2023-11-14,0.5209049088,0.32180716800000003,0.8448541056
2023-11-15,0.520375104,0.3538515456,0.8838948096
2023-11-16,0.1854119808,0.6535634687999999,0.852902784
2023-11-17,0.32369932799999995,0.490831488,0.829108224
2023-11-18,0.4153918464,0.4101611904,0.8413538688
2023-11-19,0.6607391616,0.07125646464,0.7496385407999999
2023-11-20,0.572251392,0.08685004032,0.6894574847999999
2023-11-21,0.277634304,0.364948416,0.7802562815999999
2023-11-22,0.6514535807999999,0.22247654399999997,0.8868289535999999
2023-11-23,0.5144985216,0.08997889536,0.6103361664
2023-11-24,0.49057125119999995,-0.038720436479999995,0.45193386239999994
2023-11-25,0.6014715264,-0.0956054016,0.5056608384
2023-11-26,0.60064416,-0.07093588608,0.4998371328
2023-11-27,0.5008511232,0.017098179839999998,0.5142196224
2023-11-28,0.47562577919999993,0.12205727999999999,0.5945291135999999
2023-11-29,0.39646091519999993,0.17550432,0.5689450368
2023-11-30,0.3665150208,0.08531360639999999,0.4420313856
2023-12-01,0.2874134016,0.10879246079999999,0.3928258944
2023-12-02,0.2635421184,0.0602712576,0.3275271936
2023-12-03,-0.0415347264,0.4148299008,0.3698908416
2023-12-04,0.8048813184,-0.32342146559999996,0.4788730368
2023-12-05,0.5555309183999999,0.04662603648,0.6008256
2023-12-06,0.539078976,0.16660442879999998,0.7075392768
2023-12-07,0.44652383999999995,0.17182679039999998,0.6175128959999999
2023-12-08,0.3867927552,0.049261478399999996,0.4694982912
2023-12-09,0.6784207487999999,-0.2841049728,0.38843089919999996
2023-12-10,0.6160271615999999,-0.1252827648,0.48695904
2023-12-11,0.44060578559999997,0.06957425664,0.5095415808
2023-12-12,0.5144788224,-0.06843678336,0.4652774784
2023-12-13,0.4967702784,-0.06615997055999999,0.4294881792
2023-12-14,0.4411034496,-0.008034256512,0.43402417919999997
2023-12-15,0.6495375743999999,-0.19611279359999997,0.45342374399999996
2023-12-16,0.368006976,0.12947973119999998,0.5142341375999999
2023-12-17,0.498949632,0.04197142656,0.5426787456
2023-12-18,0.46323290879999995,0.11370274559999999,0.6076653696
2023-12-19,0.5101252991999999,0.09913425407999998,0.6218353151999999
2023-12-20,0.4291346304,0.19931857919999998,0.6364376063999999
2023-12-21,0.48816172799999996,0.1418373504,0.6325288703999999
2023-12-22,0.47534584319999995,0.1808106624,0.6607142784
2023-12-23,0.4658746752,0.1734286464,0.6421648896
2023-12-24,0.39914104319999993,0.01037587968,0.4053462912
2023-12-25,0.4993581312,-0.1538517888,0.341278272
2023-12-26,0.41572776959999996,0.03034879488,0.4442812416
2023-12-27,0.363937536,0.09537398784,0.4541152896
2023-12-28,0.42537104639999995,0.03084915456,0.44790382079999996
2023-12-29,0.4004163072,0.06291623807999999,0.46265230079999997
2023-12-30,0.44758655999999997,0.029768808959999997,0.46961856
2023-12-31,0.4282419456,0.029014744319999997,0.44406662399999997
2024-01-01,0.40129344,0.03213333504,0.37307589119999995
2024-01-02,0.38888916479999996,-0.008245732608,0.35036167679999997
2024-01-03,0.35301899519999996,0.02287160064,0.3403980288
2024-01-04,0.4792877568,-0.20115371519999997,0.3515197824
2024-01-05,0.1366574976,0.2153464704,0.33773448959999997
2024-01-06,0.09996234623999999,0.22981190399999998,0.33232135679999997
2024-01-07,0.3072587904,0.09546450047999999,0.3904858368
2024-01-08,0.34709057279999994,0.01291790592,0.3505462272
2024-01-09,0.8748352511999999,-0.386166528,0.4678591104
2024-01-10,0.270796608,0.1168359552,0.380650752
2024-01-11,0.3608095104,-0.04929382656,0.308365056
2024-01-12,0.4330101888,-0.18117976319999998,0.255711168
2024-01-13,0.2840635008,0.003026460672,0.29080788479999997
2024-01-14,0.1436787072,0.21148439039999997,0.3560174208
2024-01-15,0.5454542591999999,-0.383237568,0.1666427904
2024-01-16,0.8166624768,-0.606776832,0.21434181119999998
2024-01-17,0.26539176959999994,0.08523128448,0.3515467392
2024-01-18,0.20601527039999998,0.1656619776,0.3726279936
2024-01-19,0.3263701248,0.08319998592,0.4115764224
2024-01-20,0.48854949119999996,0.001990728576,0.47921725439999996
2024-01-21,0.38842882559999997,0.05705334144,0.4513542912
2024-01-22,0.360033984,0.07154759808,0.43714183679999996
2024-01-23,0.31894559999999994,0.08204986368,0.42586352639999997
2024-01-24,0.3342155904,0.07821318528,0.4253036544
2024-01-25,0.3783345408,0.02682160128,0.40964071679999997
2024-01-26,0.40347590399999994,-0.03889586304,0.3738576384
2024-01-27,0.3354400512,0.10341686015999998,0.4456290816
2024-01-28,0.5453485056,-0.040029085439999994,0.5122849535999999
2024-01-29,0.48658579199999996,-0.01365973632,0.48243962879999996
2024-01-30,0.4006153728,0.10640678399999999,0.5170770431999999
2024-01-31,0.42749233919999996,0.06533353728,0.5042694528
2024-02-01,0.42976811519999997,0.02063636352,0.46083479039999997
2024-02-02,0.5192999424,-0.10029007872,0.4291346304
2024-02-03,0.3357448704,0.01574297856,0.3618711936
2024-02-04,0.2627282304,0.06678588671999999,0.3382445952
2024-02-05,0.4833053568,-0.04190372352,0.4445756928
2024-02-06,0.45904216319999996,-0.01409498496,0.466886592
2024-02-07,0.4139351424,-0.03096859392,0.387099648
2024-02-08,0.3033510912,0.016325038079999996,0.32536442879999994
2024-02-09,0.3452201856,-0.037156423679999995,0.31338316799999993
2024-02-10,0.21324591359999998,0.056892844799999995,0.27597024
2024-02-11,0.2721942144,0.037677934079999996,0.3128523264
2024-02-12,0.40398497279999995,0.03389278463999999,0.4193088768
2024-02-13,0.47101720319999996,-0.04925235456,0.41863288319999997
2024-02-14,0.2909219328,0.1287456768,0.4165167744
2024-02-15,0.4298427648,-2.1097117439999999e-4,0.42550271999999995
2024-02-16,0.2363033088,0.07467738624,0.3125558016
2024-02-17,0.3243390336,0.002149379712,0.30479742719999997
2024-02-18,0.4265270783999999,-0.03477945599999999,0.390552192
2024-02-19,0.4118957568,0.02083221504,0.4315866624
2024-02-20,0.38583786239999995,0.11788312319999998,0.5003814528
2024-02-21,0.401718528,0.10029816575999999,0.4998091392
2024-02-22,0.52757568,-0.10584276479999999,0.4247064576
2024-02-23,0.5737754879999999,-0.1693415808,0.4076625024
2024-02-24,0.48218872319999995,0.01191894912,0.49439807999999996
2024-02-25,0.3654066816,0.1618631424,0.5267120256000001
2024-02-26,0.3737477376,0.1572587136,0.5306114303999999
2024-02-27,0.3056548608,0.01977830784,0.3421315584
2024-02-28,0.5646630528,-0.1717231104,0.3977351424
2024-02-29,0.4428203904,0.07390797696,0.5168219904
2024-03-01,0.47158640639999994,0.04548400128,0.51681888
2024-03-02,0.462132864,0.07539495552,0.5354460288
2024-03-03,0.3577654656,-9.515263103999999e-4,0.3607784064
2024-03-04,0.39618719999999996,-0.02072438784,0.3790675584
2024-03-05,0.4574797056,-0.0692084736,0.3905179776
2024-03-06,0.41324463359999997,-0.007672755455999999,0.40543234559999997
2024-03-07,0.3959238528,-0.06305154048,0.3364841088
2024-03-08,0.4140056448,-0.14383319039999998,0.27405112319999997
2024-03-09,0.5175591552,-0.16305027839999997,0.35530617600000003
2024-03-10,0.3516804864,0.10258752384,0.4516155647999999
2024-03-11,0.46190165759999996,0.004303808639999999,0.4632598656
2024-03-12,0.4724116992,-0.04279578624,0.42742391039999994
2024-03-13,0.3921623424,-0.01309239936,0.37615104
2024-03-14,0.43746739199999995,-0.1114528896,0.3273975936
2024-03-15,0.40342924799999996,-0.007729769088,0.39465066239999996
2024-03-16,0.4507197696,-0.06613488,0.3851359488
2024-03-17,0.46354083839999993,-0.07352197632,0.3904215552
2024-03-18,0.39372479999999993,0.09496507392,0.48650595839999994
2024-03-19,0.3892727808,0.1537999488,0.5394864384
2024-03-20,0.40529134079999996,0.14867089919999998,0.5506341119999999
2024-03-21,0.4420054656,0.13485968639999998,0.5736759551999999
2024-03-22,0.4384813824,0.127469376,0.5642815104
2024-03-23,0.39455838719999997,0.2137746816,0.6057338112
2024-03-24,0.46901203199999997,0.05076950399999999,0.5216057855999999
2024-03-25,0.4054416768,-0.01582374528,0.39671804159999996
2024-03-26,0.5015696256,-0.05958976895999999,0.4483569024
2024-03-27,0.4935727872,-0.008739062784,0.4905868032
2024-03-28,0.3136143744,0.32407776,0.641893248
2024-03-29,0.4491127296,0.17311968,0.6247611647999999
2024-03-30,0.5159821823999999,0.18512375039999998,0.7039488384
2024-03-31,0.41735865599999994,0.2918664576,0.7237963008
2024-04-01,0.3074205312,0.31733752319999997,0.6296755968
2024-04-02,0.32042096639999995,0.3603740544,0.6843740544
2024-04-03,0.19841656319999998,0.5766484608,0.8125287551999999
2024-04-04,0.41199425279999996,0.49083563519999995,0.9082533888
2024-04-05,0.5753846015999999,0.3802785408,0.9503371008
2024-04-06,0.8664122879999999,-0.14023445759999997,0.7271835264
2024-04-07,0.8496607103999999,0.020393441279999997,0.8707295232
2024-04-08,0.6597614592,0.2372436864,0.9078791039999999
2024-04-09,0.4231097856,0.45660671999999997,0.9027386496
2024-04-10,0.1654960896,0.6182272512,0.7903702656
2024-04-11,0.5616667007999999,0.2531513088,0.8840202624
2024-04-12,0.938304,0.15100680959999999,1.08547776
2024-04-13,0.8871358463999999,0.29016610559999995,1.172662272
2024-04-14,0.5331681792,0.7549314048,1.2851343359999998
2024-04-15,0.1378912896,1.0371836159999999,1.176394752
2024-04-16,0.00867454272,1.1008846079999999,1.115088768
2024-04-17,-0.22302501119999998,1.50921792,1.286865792
2024-04-18,0.39484350719999994,0.5053197312,0.9162948096
2024-04-19,0.6777240191999999,0.2823849216,0.9748574207999999
2024-04-20,0.8681727744,0.20069752319999998,1.0812372479999999
2024-04-21,-0.16530117119999999,1.5601455359999998,1.45426752
2024-04-22,0.12220554239999999,1.5788805119999998,1.698247296
2024-04-23,-0.2679132672,1.73860992,1.471385088
2024-04-24,-0.7332415487999999,2.402545536,1.67215104
2024-04-25,-0.3584922624,1.968458112,1.58251968
2024-04-26,-1.6697871359999998,3.068222976,1.402852608
2024-04-27,0.7118015616,0.4615709184,1.182086784
2024-04-28,-0.06935673599999999,1.34763264,1.270256256
2024-04-29,-0.4497192576,1.82616768,1.382396544
2024-04-30,-1.43928576,2.9476949759999997,1.50818112
2024-05-01,-1.80320256,3.306686976,1.5018047999999997
2024-05-02,-0.09871497215999998,1.498673664,1.403091072
2024-05-03,-1.1176496639999998,2.675524608,1.552048128
2024-05-04,-0.5276721024,1.8742648319999997,1.360551168
2024-05-05,-1.2749011199999998,2.9387370239999995,1.648512
2024-05-06,0.8987075712,0.1893590784,1.095130368
2024-05-07,0.653552064,0.44416719359999995,1.1085569279999998
2024-05-08,0.7695834624,0.2308103424,1.0064932992
2024-05-09,0.6275968128,0.4720716288,1.1201068799999998
2024-05-10,0.5463977472,0.630732096,1.194424704
2024-05-11,-0.893374272,2.325635712,1.435522176
2024-05-12,-0.5791191551999999,2.134905984,1.545215616
2024-05-13,-1.118769408,2.925859968,1.789350912
2024-05-14,-1.2357411839999999,3.073292928,1.817811072
2024-05-15,-2.0027450879999997,3.757280256,1.753788672
2024-05-16,-2.151899136,4.008019967999999,1.9309674239999999
2024-05-17,-2.154605184,4.221777024,2.03720832
2024-05-18,-2.73710016,4.753479168,1.982589696
2024-05-19,-2.8722988799999998,4.820622336,1.9166595839999998
2024-05-20,-2.0652433919999997,3.982628736,1.7843328
2024-05-21,-1.503277056,2.90573568,1.3993171199999999
2024-05-22,-2.771076096,4.299962111999999,1.52108928
2024-05-23,-3.006730368,4.563755135999999,1.5498812159999997
2024-05-24,-2.482793856,3.9432199679999997,1.463940864
2024-05-25,-3.7122623999999997,5.315165567999999,1.6039814399999999
2024-05-26,-3.0142264319999996,4.587477119999999,1.5578645759999998
2024-05-27,-3.9174451199999996,5.861704319999999,1.8356129279999998
2024-05-28,-3.2465111039999996,5.239064448,1.9840204799999999
2024-05-29,-3.023485056,5.180620031999999,2.1444238079999995
2024-05-30,-3.8067459839999995,5.949780479999999,2.122962048
2024-05-31,-3.5300966399999996,5.685780096,2.144683008
2024-06-01,-3.49225344,5.8864838399999995,2.377786752
2024-06-02,-2.8956683519999995,5.4869944319999995,2.521736064
2024-06-03,-3.6513815039999997,6.310939392,2.6486196479999995
2024-06-04,-4.41770112,7.031795327999999,2.624026752
2024-06-05,-2.365085952,5.483624831999999,3.085693056
2024-06-06,-1.915736832,5.4320336639999995,3.4645190399999994
2024-06-07,-1.896048,5.545677312,3.6003813119999997
2024-06-08,-2.6273445119999996,6.124574591999999,3.506011776
2024-06-09,-2.6086613759999997,6.219172223999999,3.5649227519999998
2024-06-10,-3.0151388159999994,6.8826516479999995,3.8216240639999994
2024-06-11,-1.985751936,5.94174528,3.9572789759999996
2024-06-12,-1.483235712,5.7284340479999996,4.183964927999999
2024-06-13,-0.2415629952,4.693303296,4.380863615999999
2024-06-14,-2.42191296,6.526884095999999,4.0598496
2024-06-15,-2.2880102399999998,6.26766336,3.9168541439999998
2024-06-16,-2.043626112,5.800533119999999,3.6906140159999996
2024-06-17,-1.225476864,5.045887872,3.7650251519999998
2024-06-18,-4.267199231999999,7.455348864,3.166864128
2024-06-19,-3.1986627839999997,6.266346624,3.044812032
2024-06-20,-2.5838196479999995,6.29436096,3.62605248
2024-06-21,-2.8477370879999997,6.567060096,3.6809406719999997
2024-06-22,-2.758541184,6.540113664,3.7538277119999997
2024-06-23,-1.8144933119999997,6.017753088,4.105904256
2024-06-24,-1.8653276159999999,6.181017984,4.2764578559999995
2024-06-25,-0.7519620096,5.160039552,4.343549184
2024-06-26,-1.73695104,5.99695488,4.178418047999999
2024-06-27,-1.1187175679999999,5.23952064,4.0622342399999996
2024-06-28,-2.1520546560000002,6.267528575999999,3.9972787199999997
2024-06-29,-3.457551744,7.389885312,3.859778304
2024-06-30,-1.9421648639999998,6.414246144,4.28758272
2024-07-01,-1.7788377599999998,6.092112384,4.133721599999999
2024-07-02,-2.818945152,6.803253504,3.932706816
2024-07-03,-1.833643008,6.298155648,4.272238079999999
2024-07-04,-2.409709824,6.664934016,4.208464512
2024-07-05,-2.473949952,6.709682303999999,4.110092927999999
2024-07-06,-1.614950784,6.103828224,4.421164032
2024-07-07,-1.104306048,5.027329152,3.9039356159999996
2024-07-08,-3.045568896,7.2919077119999995,3.9046406399999998
2024-07-09,-1.434288384,5.5258536959999995,4.064784768
2024-07-10,-0.790539264,5.21546688,4.070777472
2024-07-11,-0.9900838656,5.801289983999999,4.24668096
2024-07-12,-1.373853312,6.503452415999999,4.281227136
2024-07-13,-0.9923399424,6.150173183999999,4.26420288
2024-07-14,-0.23682792959999996,5.18576256,4.1980757760000005
2024-07-15,-0.9419462784,5.79996288,4.197080448
2024-07-16,-0.5441323392,5.214761856,4.113037439999999
2024-07-17,-0.391946688,4.947474816,4.070227967999999
2024-07-18,-1.186545024,6.033429504,4.415254271999999
2024-07-19,-0.4422356352,5.130283392,4.376560895999999
2024-07-20,-0.24431777279999997,4.720819968,4.1365935359999995
2024-07-21,-0.31024684799999996,4.5582082559999995,3.881354112
2024-07-22,-0.3469309056,4.425238655999999,3.9721777919999997
2024-07-23,-1.3717900799999998,5.725323647999999,4.30209792
2024-07-24,-1.7709891839999998,6.485774975999999,4.737688704
2024-07-25,-0.8283555072000001,5.849169408,5.105866752
2024-07-26,-1.86681024,6.856970112,5.073674111999999
2024-07-27,-1.70895744,6.84091008,5.339250432
2024-07-28,-1.182771072,6.522705792,5.551690752
2024-07-29,0.282434688,5.641332479999999,6.145103231999999
2024-07-30,-0.02535401088,6.0009984,6.1039319039999995
2024-07-31,-0.4678642944,6.100500095999999,5.835670272
2024-08-01,-0.045032578559999994,5.755815935999999,5.7275735039999995
2024-08-02,0.1358187264,5.295984768,5.523116544
2024-08-03,-0.710368704,6.086202624,5.36404032
2024-08-04,-1.10439936,6.205175424,5.077385855999999
2024-08-05,-1.293760512,6.032765952,4.694329728
2024-08-06,-1.885773312,6.501067775999999,4.5904527360000005
2024-08-07,-1.1479553279999999,5.561115264,4.365757439999999
2024-08-08,0.062338325759999993,3.49598592,3.57068736
2024-08-09,-0.9552888575999999,4.570525439999999,3.634647552
2024-08-10,-1.758640896,5.385585023999999,3.660246144
2024-08-11,-1.7163394559999998,5.114492927999999,3.4854105599999996
2024-08-12,-2.3136191999999998,5.907447936,3.5779656959999997
2024-08-13,-1.964393856,5.692094207999999,3.60168768
2024-08-14,-2.449357056,6.014829312,3.547908864
2024-08-15,-2.5443383039999996,6.246108287999999,3.683926656
2024-08-16,-0.8879331455999999,4.9168892159999995,3.96436032
2024-08-17,-0.1715198976,4.472153855999999,4.1943432959999996
2024-08-18,-0.7263105408,4.957936127999999,4.119838848
2024-08-19,-1.8262817279999999,6.129032831999999,4.164359039999999
2024-08-20,-0.4019860224,4.928470272,4.405166208
2024-08-21,-0.29511682559999997,4.831415424,4.459753727999999
2024-08-22,0.4189428864,4.323414528,4.359920256
2024-08-23,-2.164921344,6.671849472,4.4563426559999995
2024-08-24,-1.5542046719999998,6.011034624,4.43771136
2024-08-25,-2.4129757439999997,6.678547199999999,4.252310784
2024-08-26,-2.103024384,6.097265279999999,4.077672192
2024-08-27,-1.1698732799999998,5.176244735999999,4.0335045119999995
2024-08-28,-0.7661682432,4.694516352,3.99359808
2024-08-29,-1.23970176,4.687289856,3.4517456639999997
2024-08-30,-1.24317504,4.348131840000001,3.111105024
2024-08-31,-0.3562382592,3.29946048,2.905134336
2024-09-01,-0.853213824,3.4090709759999998,2.5420262399999998
2024-09-02,-0.76912416,3.1144642559999998,2.300389632
2024-09-03,-0.9108049535999999,3.2593674239999997,2.326558464
2024-09-04,-1.955135232,4.210952832,2.2727485439999997
2024-09-05,0.0313538688,2.1665698559999997,2.155030272
2024-09-06,-2.2555480319999996,4.72614912,2.508454656
2024-09-07,-1.305922176,3.8468701439999995,2.754145152
2024-09-08,-1.276684416,4.254944255999999,2.978498304
2024-09-09,-1.529808768,4.637160576,3.1110220799999997
2024-09-10,-0.07002775296,2.9738223359999996,2.9170990079999997
2024-09-11,-1.297804032,4.08888,2.8126828799999997
2024-09-12,-0.7643144448,3.6443934719999995,2.9029777919999997
2024-09-13,-1.26650304,3.9196016639999995,2.669521536
2024-09-14,-1.048432896,3.825750528,2.7451146239999997
2024-09-15,-0.5461561728,3.2939135999999998,2.711211264
2024-09-16,-1.147001472,3.8156002559999997,2.625737472
2024-09-17,-1.236829824,3.773858688,2.513804544
2024-09-18,-1.365890688,3.7381927680000002,2.3826700799999996
2024-09-19,-1.528118784,3.951130752,2.4139296
2024-09-20,-1.316704896,3.7686643199999996,2.4824102399999997
2024-09-21,-1.464231168,3.5031191039999996,2.0735377919999998
2024-09-22,-0.46834329599999996,2.286029952,1.8764835839999998
2024-09-23,-2.2693374719999997,4.336758144,2.1234286079999998
2024-09-24,-1.666438272,3.7819975679999995,2.180587392
2024-09-25,-0.8595403775999999,3.2346501119999997,2.400855552
2024-09-26,-1.0810195200000001,3.560205312,2.510414208
2024-09-27,-0.6686126208000001,3.11729472,2.471544576
2024-09-28,-0.8304177023999999,3.3314250239999996,2.5105800959999995
2024-09-29,-0.7351461504,3.3574176,2.619350784
2024-09-30,-0.9928282751999999,3.3473710079999996,2.363779584
2024-10-01,-0.42308697599999995,2.8788618239999995,2.394945792
2024-10-02,-0.5972662656,3.0024691199999998,2.4032090879999997
2024-10-03,-1.454257152,3.542569344,2.0759328
2024-10-04,-0.330086016,2.536354944,2.16706752
2024-10-05,-0.706755456,2.727499392,2.008737792
2024-10-06,-1.044254592,2.979047808,1.8742026239999998
2024-10-07,-0.9045810431999999,2.681973504,1.7532495359999998
2024-10-08,-0.9963409536,2.6812995839999996,1.653250176
2024-10-09,-1.063020672,2.75747328,1.5718924799999998
2024-10-10,-0.7954536959999999,2.3553192960000002,1.5342151679999998
2024-10-11,-0.6706406015999999,2.2189904639999996,1.488834432
2024-10-12,-0.9522769536,2.4564695039999997,1.4641482239999999
2024-10-13,-0.6118374528,2.0860104959999997,1.426025088
2024-10-14,-0.953187264,2.392664832,1.4588501759999999
2024-10-15,-1.19486016,2.6636117759999998,1.4113336319999998
2024-10-16,-0.8575238016,2.3194149119999996,1.4293635839999999
2024-10-17,-1.664457984,3.0229459199999997,1.331572608
2024-10-18,-0.7599567744,1.9028494079999998,1.130174208
2024-10-19,-1.2558239999999998,2.5163447039999998,1.2449894400000001
2024-10-20,-0.817366464,2.170219392,1.3331381759999998
2024-10-21,-0.8709472511999999,2.0163168,1.143548928
2024-10-22,-1.2580323839999998,2.495867904,1.2481724159999998
2024-10-23,-0.8068097663999999,2.103138432,1.293532416
2024-10-24,-0.9776443391999999,2.1180061439999998,1.1520195839999998
2024-10-25,-0.3824661888,1.439970048,1.1041194239999998
2024-10-26,-0.1113191424,1.259359488,1.170474624
2024-10-27,-0.6305444352,1.7916837119999998,1.169126784
2024-10-28,-0.4944924288,1.53995904,1.0721859839999999
2024-10-29,-0.5057852544,1.3668652799999998,0.8658534527999999
2024-10-30,0.5646226176,0.0469245312,0.64084608
2024-10-31,0.34720669439999996,0.3816844416,0.7487614079999999
2024-11-01,0.2938674816,0.542293056,0.8422610688
2024-11-02,0.1068598656,0.8971565184,0.976007232
2024-11-03,0.5446476288,0.301029696,0.8376794496
2024-11-04,0.7539899903999999,-0.017403102719999997,0.7387334783999999
2024-11-05,1.0295040384,-0.26601073919999996,0.7647426432
2024-11-06,0.38047760639999995,0.1924280064,0.6317097984
2024-11-07,0.7991229311999999,0.05583644928,0.85385663999999994
2024-11-08,0.856961856,0.03388563072,0.8896459391999999
2024-11-09,1.0064590848,0.010603457279999999,1.0126176768
2024-11-10,0.8356379904,0.3473974656,1.173180672
2024-11-11,0.7156843775999999,0.5261210496,1.2307127039999999
2024-11-12,0.7654466303999999,0.24618608639999998,1.0077727103999998
2024-11-13,0.9967442688,-0.10541871359999999,0.8890839936
2024-11-14,0.8191476864,0.20378096639999999,1.010900736
2024-11-15,0.7549293311999999,0.2558449152,0.9949578624
2024-11-16,0.5001129216,0.21718160639999998,0.7151182848
2024-11-17,0.5401976832000001,0.17861679360000002,0.7099062911999999
2024-11-18,0.8224291584,-0.10059417216,0.7248175487999999
2024-11-19,0.5525438975999999,-0.10920925439999998,0.4562396928
2024-11-20,1.166825088,-0.5129215488,0.6633622655999999
2024-11-21,0.6237451007999999,0.26672716799999996,0.8945116416
2024-11-22,0.75481632,0.1736598528,0.9335481983999999
2024-11-23,0.6716929535999999,0.2844294912,0.9589228416
2024-11-24,0.6630657407999999,0.10065306239999999,0.7709966208
2024-11-25,0.6918659712,-0.07502969088,0.6244739711999999
2024-11-26,0.4118667264,0.2747457792,0.6903823104
2024-11-27,0.5033643264,0.068695776,0.550520064
2024-11-28,0.5846888447999999,-0.056439555839999996,0.5328602496
2024-11-29,0.4564107648,0.1444583808,0.6040479744
2024-11-30,1.0556282879999999,-0.4255296768,0.6305060735999999
2024-12-01,0.5760398592,0.1246119552,0.6856659071999999
2024-12-02,0.5174834688,0.2333909376,0.7209668736
2024-12-03,0.5648082048,0.18930205439999997,0.7447479551999999
2024-12-04,0.56210112,0.121414464,0.6748551935999999
2024-12-05,0.5211081215999999,0.128443968,0.6379243776
2024-12-06,0.5279167872,0.09425849472,0.6131863296
2024-12-07,0.487223424,0.2325573504,0.7155972864
2024-12-08,0.7128290304,0.008167101696,0.72132768
2024-12-09,0.616444992,-0.1592721792,0.4676164992
2024-12-10,0.7197133823999999,-0.31121003519999996,0.41999420159999995
2024-12-11,0.9823752575999999,-0.3779177472,0.6100645248
2024-12-12,0.6200779391999999,0.1125581184,0.7325862912
2024-12-13,0.49687810559999995,0.1077069312,0.6085974527999999
2024-12-14,0.6778038528,-0.007422212736,0.6705110015999999
2024-12-15,0.4245374592,0.1551633408,0.5824203264
2024-12-16,0.5337197568,0.08213135616,0.6156850175999999
2024-12-17,0.35122118399999996,0.1687454208,0.5233051008
2024-12-18,0.7820281728,-0.2177197056,0.567264384
2024-12-19,0.4332248064,0.1745546112,0.6104854656
2024-12-20,0.7515545472,-0.09159143039999999,0.6627018239999999
2024-12-21,0.6106503168,0.04826158848,0.661836096
2024-12-22,0.6194174976,-0.01767733632,0.6061692672
2024-12-23,0.49256087039999996,0.02516168448,0.5244009984
2024-12-24,0.47533236479999996,0.020125532159999997,0.5022321408
2024-12-25,0.5217509376,-0.04011254784,0.4869393408
2024-12-26,0.3210150528,0.08688736511999999,0.41590713599999996
2024-12-27,0.6198985727999999,-0.24385639679999999,0.375176448
2024-12-28,0.5612136192,-0.1494505728,0.41360958719999996
2024-12-29,0.3328833024,0.16450179839999998,0.494937216
2024-12-30,0.4720073472,-0.1114622208,0.3600433152
2024-12-31,0.8035749503999999,-0.471075264,0.297955584
2025-01-01,0.6507392256,-0.1608107904,0.48192537599999996
2025-01-02,0.42825853439999995,0.19047363839999998,0.6184574208
2025-01-03,0.8462496383999999,-0.047512396799999995,0.7995998592
2025-01-04,0.5486776703999999,0.19680848639999998,0.7459423488
2025-01-05,0.7326619776,-0.1431499392,0.57910464
2025-01-06,0.5207846399999999,0.08413725311999999,0.5985570816
2025-01-07,0.5593287168,-0.0523780992,0.5041616256
2025-01-08,0.44701217279999994,0.26113881599999994,0.707818176
2025-01-09,0.5186664576,0.047806329599999996,0.5627117951999999
2025-01-10,0.9754266239999999,-0.2119654656,0.7598074752
2025-01-11,0.47052783359999995,0.23186684159999998,0.6963397631999999
2025-01-12,0.5262724223999999,0.048561638399999996,0.5680285056
2025-01-13,0.5044042368,0.04398572159999999,0.5406756479999999
2025-01-14,0.46563206399999996,0.1392121728,0.5956094592
2025-01-15,0.8141865984,0.156795264,0.9572370048
2025-01-16,1.0024684416,0.1934005248,1.1779499519999999
2025-01-17,0.8410490495999999,0.0811000512,0.910243008
2025-01-18,0.6743793024,-0.28171618559999995,0.38646927359999994
2025-01-19,0.5957017344,-0.14869992959999997,0.43648450559999996
2025-01-20,0.9733447296,-0.6536318976,0.3156859008
2025-01-21,1.056561408,-0.1421152128,0.9103176575999999
2025-01-22,0.444253248,0.20280326399999998,0.6279513983999999
2025-01-23,1.058386176,-0.39501872639999996,0.6620496767999999
2025-01-24,0.7159083263999999,0.10189069056,0.8181036288
2025-01-25,0.7245251711999999,-0.29923706879999995,0.4109968512
2025-01-26,0.5197924224,0.04316364288,0.5635609344
2025-01-27,0.311185152,0.2038151808,0.5185575936
2025-01-28,0.33813054719999996,0.013739466239999998,0.3820255488
2025-01-29,0.4868906112,-0.21696284159999998,0.2665374336
2025-01-30,0.2455391232,0.04130621568,0.28266693119999997
2025-01-31,0.2813387904,0.06334889471999999,0.3206449152
2025-02-01,0.03663646848,0.25896049919999997,0.2924024832
2025-02-02,0.29520391679999997,0.05801144832,0.3507401088
2025-02-03,0.44839733759999995,-0.042054577919999996,0.4046381568
2025-02-04,0.4143892608,0.01719201024,0.4305508992
2025-02-05,0.45987264,-0.06686126208,0.3932820864
2025-02-06,0.3811048704,0.0357690816,0.41909011199999996
2025-02-07,0.4221289728,0.017875572479999997,0.4446710784
2025-02-08,0.43401692159999994,-0.09785909376,0.3576887424
2025-02-09,0.46648120319999997,-0.162191808,0.3140073216
2025-02-10,0.5638294655999999,-0.2721682944,0.2933656704
2025-02-11,0.4773282048,-0.20031494399999997,0.2818810368
2025-02-12,0.3441771648,-0.2211826176,0.1261298304
2025-02-13,0.580208832,-0.28525271039999994,0.3029021568
2025-02-14,0.3350947968,0.04362989184,0.38783266559999996
2025-02-15,0.2734902144,0.03844361087999999,0.31563924479999994
2025-02-16,0.2770806528,0.0419810688,0.3214038528
2025-02-17,0.327338496,0.031004156159999997,0.3658172544
2025-02-18,0.4054447872,-0.06527516543999999,0.33660437759999995
2025-02-19,0.5402941056,-0.1408409856,0.367063488
2025-02-20,0.41326951679999996,0.04982570496,0.4492309248
2025-02-21,0.33674641920000004,0.09556973567999999,0.41874796799999997
2025-02-22,0.42240268799999997,0.1383184512,0.5465117951999999
2025-02-23,0.5918821632,-0.0341252352,0.545325696
2025-02-24,0.6980712191999999,-0.11928383999999999,0.5672477951999999
2025-02-25,0.44800231679999997,0.1165902336,0.5542452863999999
2025-02-26,0.4064390784,0.02078327808,0.41598593279999996
2025-02-27,0.40326854399999995,0.15404463359999998,0.5480172287999999
2025-02-28,0.5105296511999999,0.08707844735999999,0.5883715584
2025-03-01,0.45317283839999994,0.1303433856,0.574677504
2025-03-02,0.4494196224,0.17237318399999998,0.6116300928
2025-03-03,0.5202838656,0.0150833664,0.5252304384
2025-03-04,0.39098246400000003,0.0533920896,0.43468358399999996
2025-03-05,0.3557841408,0.10341292031999999,0.450598464
2025-03-06,0.5205057408,-0.019934864639999997,0.49173765119999996
2025-03-07,0.4090093056,-0.010312126847999998,0.3919912704
2025-03-08,0.5443759872,-0.05643374976,0.48220842239999995
2025-03-09,0.5024322432,0.1280313216,0.6261307775999999
2025-03-10,0.5585334912,0.09248587775999999,0.6488107775999999
2025-03-11,0.4305529728,0.1627869312,0.6116715648
2025-03-12,0.604832832,-0.026639228159999997,0.5764027392
2025-03-13,0.5888930688,-0.03778627968,0.5495371775999999
2025-03-14,0.5196866688,-0.09845162496,0.419883264
2025-03-15,0.39596843519999997,-0.02462679936,0.3703999104
2025-03-16,0.293113728,0.1507756032,0.4436633088
2025-03-17,0.37432316159999995,0.19317657600000002,0.5691140352
2025-03-18,0.5366850047999999,-0.06257855232,0.4755552767999999
2025-03-19,0.47884815359999994,-0.1582405632,0.3212089344
2025-03-20,0.3961944576,0.007750328832,0.4054904064
2025-03-21,0.363279168,0.01436755968,0.3796678656
2025-03-22,0.08198381952,0.34955504639999996,0.42783448319999995
2025-03-23,0.32492586239999993,0.10825850879999999,0.4354528896
2025-03-24,0.377353728,0.12353472,0.5045255423999999
2025-03-25,0.6081516288,-0.01850719104,0.5944990464
2025-03-26,0.726594624,-0.002243179008,0.7269170688
2025-03-27,0.7943868287999999,0.011259129599999999,0.8082353663999999
2025-03-28,0.5931512064,0.23378181119999997,0.8277945984
2025-03-29,0.323616384,0.4093918848,0.738626688
2025-03-30,0.4968065664,0.2138275584,0.7180233984
2025-03-31,0.5397093504,0.22521265919999997,0.7794610559999999
2025-04-01,0.5778677376,0.09013503743999998,0.6801760512
2025-04-02,0.7941929472,-0.24411041279999998,0.5587968383999999
2025-04-03,0.6206823935999999,-0.013920802559999999,0.6131604096
2025-04-04,0.7445945087999999,-0.1208784384,0.6129115776
2025-04-05,0.8078610815999999,-0.19186398719999997,0.6134206463999999
2025-04-06,0.594376704,0.2907415296,0.8995453055999999
2025-04-07,0.9428669568,0.163197504,1.1077482239999998
2025-04-08,0.7131400703999999,0.5167214207999999,1.229738112
2025-04-09,0.5453640576,0.6989348736,1.244336256
2025-04-10,0.5809957632,0.6869515392,1.2686077439999999
2025-04-11,0.5147255808,0.9043985663999999,1.418580864
2025-04-12,0.026457580799999998,1.433593728,1.4613695999999998
2025-04-13,-1.4341536,2.663508096,1.229624064
2025-04-14,0.10830205439999999,0.9286586495999999,1.0355983488
2025-04-15,-0.5179479552,1.752461568,1.23026688
2025-04-16,-1.282811904,2.5113887999999998,1.2421589759999998
2025-04-17,-1.971205632,3.083007744,1.1111074559999998
2025-04-18,-0.8137874304,1.483909632,0.6680631168
2025-04-19,-0.21021638399999998,1.0160059392,0.8004635135999999
2025-04-20,0.6306968448,0.4833447552,1.1136683520000001
2025-04-21,-0.8027424,2.151857664,1.3505045759999998
2025-04-22,-0.8630229888,2.2818827519999996,1.421629056
2025-04-23,-0.8004863232,2.183614848,1.385227008
2025-04-24,-1.110112128,2.516686848,1.397419776
2025-04-25,-0.615864384,1.920993408,1.2758653439999998
2025-04-26,-1.511540352,3.058103808,1.5363509759999998
2025-04-27,-1.5889582079999998,3.286179072,1.573675776
2025-04-28,-0.7452342143999999,1.96992,1.22414976
2025-04-29,-1.217182464,2.576105856,1.3510229759999999
2025-04-30,-1.5725456639999997,2.998104192,1.4195036159999999
2025-05-01,-1.0925176319999998,2.451171456,1.330224768
2025-05-02,-1.4561648639999998,2.9014433279999996,1.4380416
2025-05-03,-1.16235648,2.9482963199999994,1.767816576
2025-05-04,-2.143345536,3.9022559999999995,1.753508736
2025-05-05,-1.507424256,3.069197568,1.535884416
2025-05-06,0.2185843968,1.11964032,1.343578752
2025-05-07,-1.549943424,2.882418048,1.3530343679999999
2025-05-08,-2.792558592,4.293492479999999,1.4933030399999998
2025-05-09,-2.435847552,4.100606207999999,1.6316017919999999
2025-05-10,-3.1271443199999998,4.876381439999999,1.717635456
2025-05-11,-2.77115904,4.529333375999999,1.731362688
2025-05-12,-2.8681102079999996,4.519784447999999,1.64939328
2025-05-13,-3.4364839679999997,4.823794944,1.4354703359999998
2025-05-14,-2.208819456,3.068160768,0.9436093055999999
2025-05-15,-3.4293093119999996,4.227147648,0.868968
2025-05-16,-3.097688832,3.9848889599999997,0.9857884031999999
2025-05-17,-3.2621045759999996,4.315358592,1.167270912
2025-05-18,-2.5489002239999996,3.62081664,1.159214976
2025-05-19,-4.3392672,5.353070976,1.082595456
2025-05-20,-2.65322304,3.756595968,1.174310784
2025-05-21,-2.426329728,3.707223552,1.3644806399999998
2025-05-22,-2.9129621759999997,4.281310079999999,1.513489536
2025-05-23,-2.972173824,4.6117278719999995,1.7338095359999999
2025-05-24,-1.65146688,3.159668736,1.581493248
2025-05-25,-0.6181951104,2.052065664,1.502095104
2025-05-26,-1.9198944,3.3766813439999996,1.5458376959999998
2025-05-27,-3.054889728,4.763546496,1.7823421439999998
2025-05-28,-2.767405824,4.493667456,1.8007971839999999
2025-05-29,-1.65633984,3.3158108159999995,1.732368384
2025-05-30,-2.7917187839999995,4.824302975999999,2.107928448
2025-05-31,-1.925814528,4.019818752,2.1675755519999997
2025-06-01,-2.232883584,4.543921152,2.3762315519999997
2025-06-02,-1.442012544,3.7563471359999996,2.392187904
2025-06-03,-1.9431290879999998,3.760639488,1.88666496
2025-06-04,-2.6718336,4.75238016,2.142381312
2025-06-05,-2.5899989759999995,4.75435008,2.2361184
2025-06-06,-2.150364672,4.287292416,2.189431296
2025-06-07,-3.410595072,5.931657216,2.582523648
2025-06-08,-2.557920384,5.126913792,2.639889792
2025-06-09,-4.342699007999999,7.0212096,2.741216256
2025-06-10,-2.907156096,5.855701247999999,2.9984048640000003
2025-06-11,-2.057405184,5.052139776,3.019617792
2025-06-12,-1.301215104,4.291989119999999,3.0473003519999997
2025-06-13,-2.701216512,5.896488959999999,3.21729408
2025-06-14,-2.4300725759999997,5.774343552,3.407878656
2025-06-15,-1.3424590079999998,4.734505728,3.533808384
2025-06-16,-1.8472250879999998,5.326725888,3.582081792
2025-06-17,-0.28075507199999994,3.285484416,3.0459317759999998
2025-06-18,-2.9843043839999996,6.354775296,3.3601132799999998
2025-06-19,-1.73062656,5.4838944,3.839954688
2025-06-20,-1.31683968,5.272045056,4.053452544
2025-06-21,-1.636754688,5.566340735999999,4.041995904
2025-06-22,-2.6882150399999998,6.392193408,3.82496256
2025-06-23,-0.3088274688,3.6408579839999997,3.360528
2025-06-24,-1.697044608,5.449918464,3.761852544
2025-06-25,-2.2073886719999996,6.025653503999999,3.852582912
2025-06-26,-1.7985162239999999,5.770828799999999,3.9517113599999996
2025-06-27,-2.352582144,6.587080703999999,4.2763023360000005
2025-06-28,-1.658351232,5.953336704,4.393243008
2025-06-29,-2.336262912,6.542809343999999,4.293782783999999
2025-06-30,-0.49953335039999996,4.4838489599999996,3.982794624
2025-07-01,-1.20953088,5.615391744,4.38260544
2025-07-02,-1.834897536,6.495043967999999,4.677212159999999
2025-07-03,-1.692565632,6.321711744,4.690369152
2025-07-04,-2.840510592,7.331254272,4.548400128
2025-07-05,-1.404625536,5.982004224,4.58483328
2025-07-06,-1.7437939199999999,6.461119871999999,4.7508768
2025-07-07,-2.014533504,6.9631488,4.939999488
2025-07-08,-1.549590912,6.67989504,5.139884159999999
2025-07-09,-1.84540032,7.1942826239999995,5.39545536
2025-07-10,-0.6931412351999999,5.747635584,5.063907456
2025-07-11,-1.2262648319999998,6.1668864,4.928470272
2025-07-12,-2.35037376,7.241332608,4.905702144
2025-07-13,-1.120386816,6.15268224,5.046758784
2025-07-14,-1.0436739839999998,5.8921551359999995,4.9251525119999995
2025-07-15,-1.67666112,6.420829823999999,4.775096448
2025-07-16,-2.314386432,6.702372864,4.385166335999999
2025-07-17,-1.6477655039999999,6.014715264,4.419805824
2025-07-18,-2.6248976639999997,7.066372607999999,4.434020352
2025-07-19,-2.09112192,6.489455616,4.396260096
2025-07-20,-2.295713664,6.672160512,4.289552639999999
2025-07-21,-0.8364985343999999,5.217084288,4.2610821119999995
2025-07-22,-1.80957888,6.005477376,4.00277376
2025-07-23,-1.3376793599999999,5.3010028799999995,3.6886648319999997
2025-07-24,-0.7896082175999999,4.819575168,3.5402469119999997
2025-07-25,-1.6751162880000001,5.643333504,3.7088305919999995
2025-07-26,-1.515811968,5.567470848,3.840379776
2025-07-27,-0.8288365823999999,5.011538688,3.989720448
2025-07-28,-0.3887077248,4.7466362879999995,4.232580479999999
2025-07-29,-1.058272128,5.345792639999999,4.191854976
2025-07-30,-0.9369229823999999,5.016847104,4.000824576
2025-07-31,-1.5861484799999999,5.870776319999999,4.281538176
2025-08-01,-1.8497756159999998,6.292992384,4.446918144
2025-08-02,-1.4675489279999998,5.832974591999999,4.376467583999999
2025-08-03,-1.5134688,5.9494798079999995,4.447166976
2025-08-04,-0.1314734976,4.752152064,4.643941248
2025-08-05,1.26131904,3.481076736,4.816236672
2025-08-06,0.7211773439999999,4.0393209599999995,4.790337408
2025-08-07,0.2906160768,4.497959808,4.797916416
2025-08-08,0.1739086848,4.413678335999999,4.61137536
2025-08-09,-0.9533718144,5.278431744,4.266276479999999
2025-08-10,-1.2707539199999998,5.127836544,3.8927485439999994
2025-08-11,-1.8427772159999998,5.791896575999999,3.9651275519999998
2025-08-12,-1.495770624,5.638491648,4.151056896
2025-08-13,0.6561668736,3.779021952,4.476466944
2025-08-14,0.817029504,3.5559647999999995,4.384098432
2025-08-15,0.570872448,3.663252864,4.223155968
2025-08-16,-1.352059776,5.38819776,4.039963776
2025-08-17,-0.2898291456,4.761949823999999,4.480873344
2025-08-18,0.1686572928,4.456353024,4.606004736
2025-08-19,0.47870611199999996,4.277919744,4.7690519039999995
2025-08-20,0.7150540032,4.259765376,5.009423615999999
2025-08-21,0.947925504,4.23102528,5.191993728
2025-08-22,0.7358366592,4.060098431999999,4.784168447999999
2025-08-23,-2.541186432,7.577338752,4.689000576
2025-08-24,-1.183797504,6.04599552,4.885899264
2025-08-25,0.5144798592,4.307686272,4.6914681599999994
2025-08-26,-1.112393088,5.956644096,4.796620416
2025-08-27,-1.9978306559999999,7.041002111999999,5.0367121919999995
2025-08-28,-2.1985966079999995,7.1494617599999994,4.958278271999999
2025-08-29,-0.7756394112,5.563593215999999,4.785537024
2025-08-30,-1.313698176,5.845955328,4.435699968
2025-08-31,-2.789987328,7.297267968,4.52184768
2025-09-01,-2.0328433919999997,6.444987264,4.586554368
2025-09-02,-0.9385963776,5.23874304,4.583858688
2025-09-03,-1.2811530239999998,5.546527488,4.634164224
2025-09-04,-0.8093343743999999,4.959864576,4.52532096
2025-09-05,-2.049639552,5.323377024,3.438153216
2025-09-06,-0.9691975295999999,4.544792063999999,3.644352
2025-09-07,-1.12731264,4.672152575999999,3.57970752
2025-09-08,-1.12290624,4.694443776,3.568188672
2025-09-09,-0.4633500672,4.014043776,3.533092992
2025-09-10,-0.34966494719999996,4.046599295999999,3.699209088
2025-09-11,-1.0149090048,4.729529088,3.705346944
2025-09-12,-0.05262859008,3.5525433599999996,3.4979765759999997
2025-09-13,-1.0183812479999999,4.108828032,3.180114432
2025-09-14,-2.5080606719999996,5.54257728,3.043153152
2025-09-15,-1.5722346239999998,4.806387072,3.2985999359999996
2025-09-16,-1.1236216319999999,4.104235008,3.0112715519999997
2025-09-17,-2.404194048,5.1298894079999995,2.7128701439999996
2025-09-18,-2.41869888,5.155405055999999,2.7561565439999995
2025-09-19,-2.0832111359999996,5.080610304,3.00708288
2025-09-20,-1.539139968,4.4932527360000005,2.9415467520000003
2025-09-21,-1.7227157759999998,4.561681536,2.827675008
2025-09-22,-0.9122585471999999,3.462476544,2.6140527359999997
2025-09-23,0.6023455487999999,1.463536512,2.1267152639999996
2025-09-24,-1.8298379519999999,4.070736,2.272084992
2025-09-25,-2.2055328,4.5993692159999995,2.49241536
2025-09-26,-1.45395648,3.78452736,2.5206370559999995
2025-09-27,-1.916949888,4.316903424,2.48458752
2025-09-28,-0.5507502336,2.883050496,2.409564672
2025-09-29,-0.18109785599999997,2.3663612159999996,2.2432619519999997
2025-09-30,-1.743565824,4.114302336,2.414116224
2025-10-01,-1.5607157759999999,4.040409599999999,2.50677504
2025-10-02,-1.42409664,4.121912448,2.7096975359999997
2025-10-03,-0.8758741248,3.7343151359999998,2.828068992
2025-10-04,-0.42172254719999996,3.004936704,2.5691800320000002
2025-10-05,-0.35335491839999994,2.8381052159999998,2.140670592
2025-10-06,-0.027227404799999997,2.058898176,2.00667456
2025-10-07,-0.9987743231999999,3.3423114239999996,2.221800192
2025-10-08,-0.8130544128,3.5289354239999997,2.6550789119999996
2025-10-09,-0.30298821119999997,3.0654547199999995,2.73575232
2025-10-10,0.596331072,2.034626688,2.651533056
2025-10-11,0.641198592,2.064828672,2.691045504
2025-10-12,-0.9017174016,3.392855424,2.414126592
2025-10-13,-0.06513156864,2.393950464,2.2729040639999996
2025-10-14,-0.6647609087999999,3.5252547839999995,2.802667392
2025-10-15,-0.19804227839999997,3.12678144,2.884958208
2025-10-16,-0.7031173248,3.327599232,2.4779727359999995
2025-10-17,-0.6160841856,2.9682858239999996,2.2946250239999997
2025-10-18,-0.49410051839999997,2.8899763199999997,2.3165429759999996
2025-10-19,-0.7348081536,3.617426304,2.6877173759999997
2025-10-20,-0.08026169472,2.33886528,2.1988247039999997
2025-10-21,-1.459772928,4.07296512,2.53051776
2025-10-22,-0.8363077632,3.54777408,2.637007488
2025-10-23,-0.07045999487999999,2.734103808,2.589428736
2025-10-24,-1.2470112,3.793112064,2.43378432
2025-10-25,-1.595655936,4.248785664,2.603726208
2025-10-26,-0.4949050752,3.268833408,2.6650943999999996
2025-10-27,0.289407168,2.0763889919999996,2.308144896
2025-10-28,-0.43316674559999996,2.117622528,1.666998144
2025-10-29,-1.556371584,4.093037568,2.4287765759999997
2025-10-30,-0.5869107071999999,2.948006016,2.298772224
2025-10-31,0.22723130879999998,2.060805888,2.2116706559999995
2025-11-01,-0.196250688,2.6637983999999997,2.386319616
2025-11-02,-0.7259175936,3.4488011519999997,2.636520192
2025-11-03,-0.541966464,2.9965904639999996,2.38235904
2025-11-04,-0.4870233216,3.12221952,2.549480832
2025-11-05,-0.7259175936,3.293726976,2.485603584
2025-11-06,-0.541966464,3.1728671999999998,2.553825024
2025-11-07,-0.4870233216,2.8958653439999997,2.3292126719999997
2025-11-08,-0.7259175936,3.037969152,2.23674048
2025-11-09,-0.541966464,2.7301743359999997,2.123283456
2025-11-10,-0.4870233216,3.0093845759999995,2.4396940799999998
2025-11-11,-0.7259175936,3.357656064,2.547749376
2025-11-12,-0.541966464,3.0798869759999996,2.463395328
2025-11-13,-0.4870233216,3.1249152,2.552072832
2025-11-14,-0.7259175936,3.4187754239999997,2.607282432
2025-11-15,NA,NA,NA
2025-11-16,NA,NA,NA
2025-11-17,NA,NA,NA
2025-11-18,NA,NA,NA
2025-11-19,NA,NA,NA
2025-11-20,NA,NA,NA
2025-11-21,NA,NA,NA
2025-11-22,NA,NA,NA
2025-11-23,NA,NA,NA
2025-11-24,NA,NA,NA
2025-11-25,NA,NA,NA
2025-11-26,NA,NA,NA
2025-11-27,NA,NA,NA
2025-11-28,NA,NA,NA
2025-11-29,NA,NA,NA
2025-11-30,NA,NA,NA
2025-12-01,NA,NA,NA
2025-12-02,NA,NA,NA
2025-12-03,NA,NA,NA
2025-12-04,NA,NA,NA
2025-12-05,NA,NA,NA
2025-12-06,NA,NA,NA
2025-12-07,NA,NA,NA
2025-12-08,NA,NA,NA
2025-12-09,NA,NA,NA
2025-12-10,NA,NA,NA
2025-12-11,NA,NA,NA
2025-12-12,NA,NA,NA
2025-12-13,NA,NA,NA
2025-12-14,NA,NA,NA
2025-12-15,NA,NA,NA
2025-12-16,NA,NA,NA
2025-12-17,NA,NA,NA
2025-12-18,NA,NA,NA
2025-12-19,NA,NA,NA
2025-12-20,NA,NA,NA
2025-12-21,NA,NA,NA
2025-12-22,NA,NA,NA
2025-12-23,NA,NA,NA
2025-12-24,NA,NA,NA
2025-12-25,NA,NA,NA
2025-12-26,NA,NA,NA
2025-12-27,NA,NA,NA
2025-12-28,NA,NA,NA
2025-12-29,NA,NA,NA
2025-12-30,NA,NA,NA
2025-12-31,NA,NA,NA
